<?xml version="1.0" encoding="UTF-8"?>
<!-- Aeon MQ 5 Helix 6.1.0 -->
<!-- Jarvis 8.1.13 -->
<!-- Krypton 9.1.15/9.1.16/9.1.18/9.1.19/9.2.1 window IDs/9.2.2/9.2.3 -->
<!-- Leia 10.2.4/10.2.5/10.2.6/10.2.8/10.3.0/10.4.0/10.5.2/10.6.0/10.6.2 -->
<!-- Matrix 11.0.2/11.0.4 -->
<window>
	<defaultcontrol always="true">149</defaultcontrol>
	<onload condition="System.HasAddon(script.artistslideshow) + Player.HasAudio + !Window(Visualisation).Property(ArtistSlideshowRunning)">RunScript(script.artistslideshow)</onload>
	<controls>
	<control type="list" id="5032"> <!-- check if artist info has extrafanart note: if artist info entry is normalized it isn't found -->
			<posx>-500</posx>
			<posy>-500</posy>
			<height>400</height>
			<width>50</width>
			<visible>Skin.hasSetting(musiclogo) + !String.IsEmpty(Skin.String(CustomMusicLogoPath))</visible>
			<itemlayout />
			<focusedlayout />
			<content target="filemanager">$INFO[Skin.String(CustomMusicLogoPath)]$INFO[MusicPlayer.Artist,,/extrafanart/]</content>
		</control>
		<control type="list" id="5033"> <!-- check if mv lib path has extrafanart -->
			<posx>-500</posx>
			<posy>-500</posy>
			<height>400</height>
			<width>50</width>
			<itemlayout />
			<focusedlayout />
			<content target="filemanager">$INFO[ListItem.Path]extrafanart/</content>
			<visible>!String.StartsWith(ListItem.Path,plugin)</visible>
		</control>
		<control type="list" id="5034"> <!-- check if song lib path has extrafanart -->
			<posx>-500</posx>
			<posy>-500</posy>
			<height>400</height>
			<width>50</width>
			<itemlayout />
			<focusedlayout />
			<content target="filemanager">$INFO[ListItem.Path]../extrafanart/</content>
			<visible>!String.StartsWith(ListItem.Path,plugin)</visible>
		</control>
		<control type="group">  			<!-- default group -->
			<include>Animation_Window</include>
			<animation effect="slide" start="0" end="-1920" time="400" tween="cubic" easing="inout" condition="String.IsEqual(Window(home).Property(extendedinfo_running),true)">Conditional</animation>
			<animation effect="slide" start="0" end="-1920" time="400" tween="cubic" easing="inout" condition="Window.IsActive(visualisation) + Window.Is(musicinformation)">Conditional</animation>
<!-- controls used for album, artists (musicinfo), and songs(songinfo) -->
			<control type="multiimage">
				<!-- Multi Fanart -->
				<include>WindowBG</include>
				<imagepath fallback="special://skin/backgrounds/music.jpg" background="true">$VAR[value_musicfanart]</imagepath>
			</control>
			<control type="image">
				<!-- Single Fanart -->
				<include>WindowBG</include>
				<texture background="true">$VAR[value_defaultmusicfanart]</texture>
			</control>
			<control type="multiimage">
				<!-- Artist Info Extra Fanart Artist/Album -->
				<include>WindowBG</include>
				<imagepath background="true">$INFO[Skin.String(CustomMusicLogoPath)]$INFO[ListItem.Artist,,/extrafanart/]</imagepath>
				<visible>[String.IsEqual(ListItem.DBType,artist) | String.IsEqual(ListItem.DBType,album)] + String.Contains(skin.string(musicfanart),extra) + Skin.HasSetting(musiclogo) + !String.IsEmpty(Skin.String(CustomMusicLogoPath))</visible>
			</control>
			<control type="multiimage">
				<!-- Lib Extra Fanart Song -->
				<include>WindowBG</include>
				<imagepath background="true">$INFO[ListItem.Path]extrafanart/</imagepath>
				<visible>![Window.IsVisible(visualisation) + Window.IsVisible(songinformation)] + [String.IsEqual(ListItem.DBType,song) | Container.Content(playlists)] + String.Contains(skin.string(musicfanart),extra) + !ListItem.IsParentFolder</visible>
			</control>
			<control type="multiimage">
				<!-- Lib Extra Fanart Song for song info in visualisation -->
				<include>WindowBG</include>
				<imagepath background="true">$INFO[Player.FolderPath],,../extrafanart/</imagepath>
				<visible>Window.IsVisible(visualisation) + Window.IsVisible(songinformation)</visible>
			</control>
			<control type="image">
				<posx>0</posx>
				<posy>0</posy>
				<height>225</height>
				<width>1920</width>
				<texture flipy="true">shadow_mask.png</texture>
				<colordiffuse>75000000</colordiffuse>
			</control>
			<!-- Artist (artist)  Album title (album / song) Artist - title (musicplayer) -->
			<control type="label">
				<posx>45</posx>
				<posy>2</posy>
				<width>1425</width>
				<height>60</height>
				<aligny>top</aligny>
				<font>Font_40A</font>
				<label>$VAR[value_music_title]</label>
				<textcolor>FFFFFAF0</textcolor>
				<scroll>true</scroll>
				<scrollspeed>20</scrollspeed>
				<scrollout>false</scrollout>
			</control>
			<!-- Artist (album)  Album Artist (album) Title (song) Empty (musicplayer) -->
			<control type="label">
				<posx>45</posx>
				<posy>70</posy>
				<width>1425</width>
				<height>38</height>
				<font>Font_21A</font>
				<label>$VAR[value_music_subtitle]</label>
				<textcolor>FFFFFAF0</textcolor>
				<scroll>true</scroll>
				<scrollspeed>20</scrollspeed>
				<scrollout>false</scrollout>
			</control>
			<control type="image">
				<!-- Userrating -->
				<posx>1500</posx>
				<posy>45</posy>
				<width>226</width>
				<height>48</height>
				<align>center</align>
				<aligny>center</aligny>
				<texture>$VAR[User_Rating_Stars]</texture>
				<colordiffuse>$VAR[value_headercolor]</colordiffuse>
				<visible>String.IsEqual(ListItem.DBType,album) | String.IsEqual(ListItem.DBType,song) | Window.IsActive(visualisation)</visible>
			</control>
			<control type="image">
				<!-- Star for scraped rating float -->
				<posx>1768</posx>
				<posy>8</posy>
				<width>110</width>
				<height>110</height>
				<align>center</align>
				<aligny>center</aligny>
				<texture>star.png</texture>
				<colordiffuse>FFFFFAF0</colordiffuse>
				<visible>[String.IsEqual(ListItem.DBType,album) | String.IsEqual(ListItem.DBType,song)] + !String.IsEmpty(ListItem.Rating) | [Window.IsActive(visualisation) + !String.IsEmpty(Musicplayer.Rating)]</visible>
			</control>
			<control type="label">
				<!-- scraped rating value (float) -->
				<posx>1778</posx>
				<posy>22</posy>
				<width>90</width>
				<height>90</height>
				<align>center</align>
				<aligny>center</aligny>
				<font>Font_18A</font>
				<label>[B]$INFO[ListItem.Rating][/B]</label>
				<!-- scraped rating -->
				<textcolor>FF101010</textcolor>
				<visible>[String.IsEqual(ListItem.DBType,album) | String.IsEqual(ListItem.DBType,song)] + !String.IsEmpty(ListItem.Rating)</visible>
			</control>
			<control type="label">
				<!-- scraped rating value (float) -->
				<posx>1778</posx>
				<posy>22</posy>
				<width>90</width>
				<height>90</height>
				<align>center</align>
				<aligny>center</aligny>
				<font>Font_18A</font>
				<label>[B]$INFO[MusicPlayer.Rating][/B]</label>
				<!-- scraped rating -->
				<textcolor>FF101010</textcolor>
				<visible>Window.IsActive(visualisation) + !String.IsEmpty(Musicplayer.Rating)</visible>
			</control>
			<control type="image">
				<posx>0</posx>
				<posy>120</posy>
				<width>1920</width>
				<height>579</height>
				<texture>darkgrey.png</texture>
				<colordiffuse>$VAR[value_texturecolor]</colordiffuse>
				<include>Animation_DefaultGlass</include>
			</control>
			<control type="image">
				<posx>0</posx>
				<posy>0</posy>
				<width>1920</width>
				<height>120</height>
				<texture>gradient_small.png</texture>
			</control>
			<control type="image">
				<posx>308</posx>
				<posy>120</posy>
				<height>285</height>
				<width>3</width>
				<texture>separator_v.png</texture>
			</control>
			<control type="image">
				<posx>0</posx>
				<posy>204</posy>
				<height>3</height>
				<width>1029</width>
				<texture>separator.png</texture>
			</control>
			<control type="label">
				<!-- Year -->
				<posx>330</posx>
				<posy>120</posy>
				<height>60</height>
				<width>165</width>
				<align>left</align>
				<aligny>center</aligny>
				<font>Font_24</font>
				<label>$INFO[ListItem.Year]</label>
				<textcolor>FFFFFAF0</textcolor>
				<visible>![String.IsEqual(ListItem.DBType,artist) | Window.IsActive(visualisation)]</visible>
			</control>
			<control type="label">
				<!-- Year -->
				<posx>330</posx>
				<posy>120</posy>
				<height>60</height>
				<width>165</width>
				<align>left</align>
				<aligny>center</aligny>
				<font>Font_24</font>
				<label>$INFO[MusicPlayer.Year]</label>
				<textcolor>FFFFFAF0</textcolor>
				<visible>Window.IsActive(visualisation)</visible>
			</control>
			<control type="label">
				<left>0</left>
				<posx>285</posx>
				<posy>154</posy>
				<height>60</height>
				<width>300</width>
				<align>right</align>
				<aligny>center</aligny>
				<font>Font_18A</font>
				<label>$LOCALIZE[135]</label>
				<textcolor>$VAR[value_headercolor]</textcolor>
				<visible>String.IsEqual(ListItem.DBType,artist)</visible>
			</control>
			<control type="label">
				<!-- Genre -->
				<posx>330</posx>
				<posy>154</posy>
				<height>60</height>
				<width>735</width>
				<align>left</align>
				<aligny>center</aligny>
				<font>Font_18A</font>
				<label>$INFO[ListItem.Genre]</label>
				<textcolor>FFFFFAF0</textcolor>
				<scroll>true</scroll>
				<scrollout>false</scrollout>
				<visible>!Window.IsActive(visualisation)</visible>
			</control>
			<control type="label">
				<!-- Genre -->
				<posx>330</posx>
				<posy>154</posy>
				<height>60</height>
				<width>735</width>
				<align>left</align>
				<aligny>center</aligny>
				<font>Font_18A</font>
				<label>$INFO[MusicPlayer.Genre]</label>
				<textcolor>FFFFFAF0</textcolor>
				<scroll>true</scroll>
				<scrollout>false</scrollout>
				<visible>Window.IsActive(visualisation)</visible>
			</control>
<!-- End of controls used in both music and song info windows -->
<!--   +++++++++++++++++++++++++++++++++   Info panel and panel 50 derived info for artists and albums (musicinformation 2001) -->
			<control type="group">				<!-- album and artist info musicinformation -->
				<visible>Window.Is(musicinformation)</visible>
				<control type="label">
					<!-- Mood -->
					<left>0</left>
					<posx>285</posx>
					<posy>210</posy>
					<height>40</height>
					<width>300</width>
					<align>right</align>
					<aligny>center</aligny>
					<font>Font_18A</font>
					<label>$LOCALIZE[175]</label>
					<textcolor>$VAR[value_headercolor]</textcolor>
				</control>
				<control type="label">
					<posx>330</posx>
					<posy>210</posy>
					<height>40</height>
					<width>660</width>
					<align>left</align>
					<aligny>center</aligny>
					<font>Font_18A</font>
					<label>$INFO[ListItem.Property(Artist_Mood)]$INFO[ListItem.Property(Album_Mood)]</label>
					<textcolor>FFFFFAF0</textcolor>
					<scroll>true</scroll>
					<scrollout>false</scrollout>
				</control>
				<control type="label">
					<!-- Style -->
					<left>0</left>
					<posx>285</posx>
					<posy>240</posy>
					<height>40</height>
					<width>300</width>
					<align>right</align>
					<aligny>center</aligny>
					<font>Font_18A</font>
					<label>$LOCALIZE[176]</label>
					<textcolor>$VAR[value_headercolor]</textcolor>
				</control>
				<control type="label">
					<posx>330</posx>
					<posy>240</posy>
					<height>40</height>
					<width>660</width>
					<align>left</align>
					<aligny>center</aligny>
					<font>Font_18A</font>
					<label>$INFO[ListItem.Property(Artist_Style)]$INFO[ListItem.Property(Album_Style)]</label>
					<textcolor>FFFFFAF0</textcolor>
					<scroll>true</scroll>
					<scrollout>false</scrollout>
				</control>
				<control type="label">
					<!-- Formed/artists - Theme/Albums -->
					<left>0</left>
					<posx>285</posx>
					<posy>270</posy>
					<height>40</height>
					<width>300</width>
					<align>right</align>
					<aligny>center</aligny>
					<font>Font_18A</font>
					<label>$VAR[value_audioinfo_label3]</label>
					<textcolor>$VAR[value_headercolor]</textcolor>
				</control>
				<control type="label">
					<posx>330</posx>
					<posy>270</posy>
					<height>40</height>
					<width>660</width>
					<align>left</align>
					<aligny>center</aligny>
					<font>Font_18A</font>
					<label>$VAR[value_audioinfo_value3]</label>
					<textcolor>FFFFFAF0</textcolor>
					<scroll>true</scroll>
					<scrollout>false</scrollout>
				</control>
				<control type="label">
					<!-- YearsActive/Artists - Type/Albums -->
					<left>0</left>
					<posx>285</posx>
					<posy>300</posy>
					<height>40</height>
					<width>300</width>
					<align>right</align>
					<aligny>center</aligny>
					<font>Font_18A</font>
					<label>$VAR[value_audioinfo_label4]</label>
					<textcolor>$VAR[value_headercolor]</textcolor>
				</control>
				<control type="label">
					<posx>330</posx>
					<posy>300</posy>
					<height>40</height>
					<width>660</width>
					<align>left</align>
					<aligny>center</aligny>
					<font>Font_18A</font>
					<label>$VAR[value_audioinfo_value4]</label>
					<textcolor>FFFFFAF0</textcolor>
					<scroll>true</scroll>
					<scrollout>false</scrollout>
				</control>
				<control type="label">
					<!-- Born/Die/Artists - Record label/Albums -->
					<left>0</left>
					<posx>285</posx>
					<posy>330</posy>
					<height>40</height>
					<width>300</width>
					<align>right</align>
					<aligny>center</aligny>
					<font>Font_18A</font>
					<label>$VAR[value_audioinfo_label5]</label>
					<textcolor>$VAR[value_headercolor]</textcolor>
				</control>
				<control type="label">
					<posx>330</posx>
					<posy>330</posy>
					<height>40</height>
					<width>660</width>
					<align>left</align>
					<aligny>center</aligny>
					<font>Font_18A</font>
					<label>$VAR[value_audioinfo_value5]</label>
					<textcolor>FFFFFAF0</textcolor>
					<scroll>true</scroll>
					<scrollout>false</scrollout>
				</control>
				<control type="image">
					<posx>0</posx>
					<posy>405</posy>
					<height>3</height>
					<width>1029</width>
					<texture>separator.png</texture>
				</control>
				<control type="textbox">
					<!-- Review /Album Bio/Artist -->
					<posx>45</posx>
					<posy>420</posy>
					<width>952</width>
					<height>262</height>
					<align>justify</align>
					<font>Font_18A</font>
					<label>$INFO[ListItem.Property(Album_Description)]$INFO[ListItem.Property(Artist_Description)]</label>
					<textcolor>FFFFFAF0</textcolor>
					<autoscroll delay="15000" time="5000" repeat="15000">!Skin.HasSetting(noinfoplotscroll)</autoscroll>
				</control>
				<control type="image">
					<!-- Thumb -->
					<posx>1030</posx>
					<posy>120</posy>
					<height>579</height>
					<width>844</width>
					<aspectratio align="left">keep</aspectratio>
					<texture background="true">$INFO[Listitem.Icon]</texture>
					<visible>!String.IsEmpty(ListItem.Thumb)</visible>
				</control>
				<control type="multiimage">
					<!-- Artist fanarts from AS 2.X -->
					<posx>1030</posx>
					<posy>120</posy>
					<height>579</height>
					<width>844</width>
					<timeperimage>5000</timeperimage>
					<randomize>true</randomize>
					<fadetime>FanartCrossFadeTime</fadetime>
					<aspectratio align="left">keep</aspectratio>
					<imagepath fallback="DefaultAudioCover.png" background="true">$INFO[Window(Visualisation).Property(ArtistSlideshow)]</imagepath>
					<visible>String.IsEmpty(ListItem.Thumb) + String.IsEmpty(Window(Visualisation).Property(ArtistSlideshow.Image)) + !String.Contains(Window(Visualisation).Property(ArtistSlideshow),update-slide)</visible>  <!-- AS 3.00 not installed -->
				</control>
				<control type="image">
					<!-- Artist fanarts from AS 3.X -->
					<posx>1030</posx>
					<posy>120</posy>
					<height>579</height>
					<width>844</width>
					<aspectratio align="left">keep</aspectratio>
					<texture fallback="DefaultAudioCover.png" background="true">$INFO[Window(Visualisation).Property(ArtistSlideshow.Image)]</texture>
					<visible>String.IsEmpty(ListItem.Thumb) + !String.IsEmpty(Window(Visualisation).Property(ArtistSlideshow.Image))</visible>  <!-- AS 3.00 not installed -->
				</control>
				<control type="image">
					<posx>1029</posx>
					<posy>120</posy>
					<height>579</height>
					<width>3</width>
					<texture>separator_v.png</texture>
				</control>
				<control type="image">
					<posx>0</posx>
					<posy>120</posy>
					<height>3</height>
					<width>1920</width>
					<texture>separator.png</texture>
				</control>
				<control type="image">
					<!-- Fundo do rodape -->
					<posx>0</posx>
					<posy>975</posy>
					<width>1920</width>
					<height>105</height>
					<colordiffuse>$VAR[value_flagsbar]</colordiffuse>
					<texture>shadow_mask.png</texture>
				</control>
				<control type="label">
					<!-- SEARCHING FOR DISCOGRAPHY INFORMATION...  (AS running waiting for  disco) -->
					<posx>45</posx>
					<posy>1020</posy>
					<width>600</width>
					<height>40</height>
					<align>left</align>
					<aligny>center</aligny>
					<font>Font_18A</font>
					<label>31939</label>
					<textcolor>$VAR[value_flagscolor]</textcolor>
					<visible>String.IsEmpty(Window(Visualisation).Property(ArtistSlideshow.1.AlbumName)) + !String.IsEmpty(Window.Property(ArtistSlideshowRunning))</visible>
				</control>
				<control type="label">
					<!-- number of items (album tracks or artist disco) from container 50 -->
					<posx>45</posx>
					<posy>1020</posy>
					<width>600</width>
					<height>40</height>
					<align>left</align>
					<aligny>center</aligny>
					<font>Font_15</font>
					<label>$VAR[value_albumsong_items]</label>
					<textcolor>$VAR[value_flagscolor]</textcolor>
					<animation effect="slide" end="0,14" condition="String.IsEqual(ListItem.DBType,album)">Conditional</animation>
				</control>
				<control type="label">
					<posx>45</posx>
					<posy>1044</posy>
					<width>600</width>
					<height>40</height>
					<align>left</align>
					<aligny>center</aligny>
					<font>Font_15</font>
					<label>$LOCALIZE[31941]: 50 $LOCALIZE[31040]</label>
					<textcolor>$VAR[value_flagscolor]</textcolor>
					<visible>String.IsEqual(ListItem.DBType,artist) + !String.IsEmpty(Container(50).ListItem.Label) + Integer.IsEqual(Container(50).NumItems,50)</visible>
				</control>
				<control type="label">
					<!-- Container 50 label focused album track (these tracks are in library) when AS info not avail -->
					<posx>472</posx>
					<posy>1020</posy>
					<width>975</width>
					<align>center</align>
					<aligny>center</aligny>
					<font>Font_15</font>
					<label>$INFO[Container(50).ListItem.TrackNumber,, - ]$INFO[Container(50).ListItem.Label]</label>
					<textcolor>$VAR[value_flagscolor]</textcolor>
					<scroll>true</scroll>
					<visible>!String.IsEqual(Container(50).ListItem.TrackNumber,0)</visible>
					<visible>!String.IsEmpty(Container(50).ListItem.Label) + String.IsEqual(ListItem.DBType,album) + [!String.IsEmpty(Window(Visualisation).Property(ArtistSlideshow.1.AlbumName)) + !String.IsEmpty(Window(Visualisation).Property(ArtistSlideshowRunning)) | String.IsEmpty(Window(Visualisation).Property(ArtistSlideshowRunning))]</visible>
				</control>
				<control type="label">
					<!-- ALBUM INFO List 50 label focus (track) albums no track number when AS info not avail -->
					<posx>472</posx>
					<posy>1020</posy>
					<width>975</width>
					<align>center</align>
					<aligny>center</aligny>
					<font>Font_15</font>
					<label>$INFO[Container(50).ListItem.Label]</label>
					<textcolor>$VAR[value_flagscolor]</textcolor>
					<scroll>true</scroll>
					<visible>String.IsEqual(Container(50).ListItem.TrackNumber,0)</visible>
					<visible>!String.IsEmpty(Container(50).ListItem.Label) + String.IsEqual(ListItem.DBType,album) + [!String.IsEmpty(Window(Visualisation).Property(ArtistSlideshow.1.AlbumName)) + !String.IsEmpty(Window(Visualisation).Property(ArtistSlideshowRunning)) | String.IsEmpty(Window(Visualisation).Property(ArtistSlideshowRunning))]</visible>
				</control>
				<control type="label">
					<!-- ARTIST INFO List 50 label (discography) artists (from AS disco) if AS running or library disco if AS not running -->
					<posx>472</posx>
					<posy>1020</posy>
					<width>975</width>
					<align>center</align>
					<aligny>center</aligny>
					<font>Font_15</font>
					<label>$INFO[Container(50).ListItem.Label]</label>
					<textcolor>$VAR[value_flagscolor]</textcolor>
					<scroll>true</scroll>
					<visible>!String.IsEqual(ListItem.DBType,album) + [!String.IsEmpty(Window(Visualisation).Property(ArtistSlideshow.1.AlbumName)) + !String.IsEmpty(Window(Visualisation).Property(ArtistSlideshowRunning)) | String.IsEmpty(Window(Visualisation).Property(ArtistSlideshowRunning))]</visible>
				</control>
				<control type="image">
					<posx>0</posx>
					<posy>1020</posy>
					<height>64</height>
					<width>1920</width>
					<texture>gradient_small.png</texture>
				</control>
				<control type="image">
					<posx>0</posx>
					<posy>1018</posy>
					<width>1920</width>
					<height>45</height>
					<texture flipy="true">shadow_h.png</texture>
					<colordiffuse>C3FFFFFF</colordiffuse>
				</control>
				<control type="image">
					<posx>0</posx>
					<posy>741</posy>
					<height>279</height>
					<width>1920</width>
					<texture>darkgrey.png</texture>
					<colordiffuse>$VAR[value_texturecolor]</colordiffuse>
					<include>Animation_DefaultGlass2</include>
				</control>
			</control>
<!-- end of old albuminfo (musicinformation) -->
<!--  +++++++++++++++++++++++++++++++++   Info panel for songs (songinformation 135) -->
			<control type="group">				<!-- song information -->
				<visible>Window.Is(songinformation)</visible>
				<control type="label">
					<!-- Track -->
					<posx>285</posx>
					<posy>210</posy>
					<height>40</height>
					<width>300</width>
					<align>right</align>
					<aligny>center</aligny>
					<font>Font_18A</font>
					<label>$LOCALIZE[554]</label>
					<textcolor>$VAR[value_headercolor]</textcolor>
				</control>
				<control type="label">
					<posx>330</posx>
					<posy>210</posy>
					<height>40</height>
					<width>660</width>
					<align>left</align>
					<aligny>center</aligny>
					<font>Font_18A</font>
					<label fallback="10005">$VAR[value_songinfo_track]</label>
					<textcolor>FFFFFAF0</textcolor>
					<scroll>true</scroll>
				</control>
				<control type="label">
					<!-- Duration -->
					<posx>285</posx>
					<posy>240</posy>
					<height>40</height>
					<width>300</width>
					<align>right</align>
					<aligny>center</aligny>
					<font>Font_18A</font>
					<label>$LOCALIZE[180]</label>
					<textcolor>$VAR[value_headercolor]</textcolor>
				</control>
				<control type="label">
					<posx>330</posx>
					<posy>240</posy>
					<height>40</height>
					<width>660</width>
					<align>left</align>
					<aligny>center</aligny>
					<font>Font_18A</font>
					<label fallback="10005">$VAR[value_songinfo_duration]</label>
					<textcolor>FFFFFAF0</textcolor>
					<scroll>true</scroll>
					<scrollspeed>20</scrollspeed>
				</control>
				<control type="label">
					<!-- Path -->
					<posx>285</posx>
					<posy>270</posy>
					<height>40</height>
					<width>300</width>
					<align>right</align>
					<aligny>center</aligny>
					<font>Font_18A</font>
					<label>$LOCALIZE[21801]</label>
					<textcolor>$VAR[value_headercolor]</textcolor>
				</control>
				<control type="label">
					<posx>330</posx>
					<posy>270</posy>
					<height>40</height>
					<width>660</width>
					<align>left</align>
					<aligny>center</aligny>
					<font>Font_18A</font>
					<label>$VAR[value_songinfo_filepath]</label>
					<textcolor>FFFFFAF0</textcolor>
					<scroll>true</scroll>
					<scrollspeed>20</scrollspeed>
				</control>
				<control type="label">
					<!-- MetaData -->
					<posx>285</posx>
					<posy>300</posy>
					<height>40</height>
					<width>300</width>
					<align>right</align>
					<aligny>center</aligny>
					<font>Font_18A</font>
					<label>$LOCALIZE[31942]</label>
					<textcolor>$VAR[value_headercolor]</textcolor>
					<!-- <visible>Player.HasAudio + [String.IsEqual(Player.Filename,ListItem.FileName) | Window.IsVisible(visualisation)]</visible> -->
				</control>
				<control type="label">
					<posx>330</posx>
					<posy>300</posy>
					<height>40</height>
					<width>660</width>
					<align>left</align>
					<aligny>center</aligny>
					<font>Font_18A</font>
					<label>$LOCALIZE[31333] $INFO[MusicPlayer.Channels][COLOR=80ffffff] | [/COLOR]$INFO[MusicPlayer.SampleRate,,KHZ][COLOR=80ffffff] | [/COLOR]$INFO[MusicPlayer.BitRate,,Kbps][COLOR=80ffffff] | [/COLOR]$INFO[MusicPlayer.BitsPerSample,,Bits]</label>
					<textcolor>FFFFFAF0</textcolor>
					<scroll>true</scroll>
					<scrollspeed>20</scrollspeed>
					<visible>Player.HasAudio + [String.IsEqual(Player.Filename,ListItem.FileName) | Window.IsVisible(visualisation)]</visible>
				</control>
				<control type="label">
					<posx>330</posx>
					<posy>300</posy>
					<height>40</height>
					<width>660</width>
					<align>left</align>
					<aligny>center</aligny>
					<font>Font_18A</font>
					<label>$LOCALIZE[31333] $INFO[ListItem.MusicChannels][COLOR=80ffffff] | [/COLOR]$INFO[ListItem.SampleRate,,KHZ][COLOR=80ffffff] | [/COLOR]$INFO[ListItem.BitRate,,Kbps]</label>
					<textcolor>FFFFFAF0</textcolor>
					<scroll>true</scroll>
					<scrollspeed>20</scrollspeed>
					<visible>!Window.IsVisible(visualisation)</visible>
				</control>
				<control type="label">
					<!-- mixed content MV items -->
					<posx>330</posx>
					<posy>300</posy>
					<height>40</height>
					<width>660</width>
					<align>left</align>
					<aligny>center</aligny>
					<font>Font_18A</font>
					<label>$LOCALIZE[31333] $INFO[ListItem.AudioChannels][COLOR=80ffffff] | [/COLOR]$INFO[ListItem.AudioCodec][COLOR=80ffffff] | [/COLOR]$INFO[ListItem.VideoCodec][COLOR=80ffffff] | [/COLOR]$INFO[ListItem.VideoResolution]</label>
					<textcolor>FFFFFAF0</textcolor>
					<scroll>true</scroll>
					<visible>String.IsEqual(ListItem.DBTYPE,musicvideo)</visible>
				</control>
				<control type="image">
					<posx>0</posx>
					<posy>405</posy>
					<height>3</height>
					<width>1029</width>
					<texture>separator.png</texture>
				</control>
				<control type="textbox">
					<!-- Plot/Bio -->
					<posx>45</posx>
					<posy>420</posy>
					<width>952</width>
					<height>262</height>
					<align>justify</align>
					<font>Font_18A</font>
					<label>$VAR[value_songinfo_plot]</label>
					<textcolor>FFFFFAF0</textcolor>
					<autoscroll delay="15000" time="5000" repeat="15000">!Skin.HasSetting(noinfoplotscroll)</autoscroll>
				</control>
				<control type="image">
					<!-- Thumb -->
					<posx>1030</posx>
					<posy>120</posy>
					<height>579</height>
					<width>844</width>
					<aspectratio align="left">keep</aspectratio>
					<texture background="true">$VAR[value_songinfo_thumb]</texture>
					<visible>[[String.IsEmpty(Window(Visualisation).Property(ArtistSlideshow)) | String.Contains(Window(Visualisation).Property(ArtistSlideshow),update-slide)] + String.IsEmpty(Window(Visualisation).Property(ArtistSlideshow.Image))] | String.Contains(Window(Visualisation).Property(ArtistSlideshow),transparent)</visible>
				</control>
				<control type="multiimage">
					<!-- Artist fanart AS2 -->
					<posx>1030</posx>
					<posy>120</posy>
					<height>579</height>
					<width>844</width>
					<timeperimage>5000</timeperimage>
					<randomize>true</randomize>
					<fadetime>FanartCrossFadeTime</fadetime>
					<aspectratio align="left">keep</aspectratio>
					<imagepath fallback="DefaultAudioCover.png" background="true">$INFO[Window(Visualisation).Property(ArtistSlideshow)]</imagepath>
					<visible>![String.IsEmpty(Window(Visualisation).Property(ArtistSlideshow)) | String.Contains(Window(Visualisation).Property(ArtistSlideshow),update-slide)] + String.IsEmpty(Window(Visualisation).Property(ArtistSlideshow.Image))</visible>
					<visible>![String.EndsWith(Window(Visualisation).Property(ArtistSlideshow),transparent) | String.EndsWith(Window(Visualisation).Property(ArtistSlideshow),black)]</visible>
				</control>
				<control type="image">
					<posx>1029</posx>
					<posy>120</posy>
					<height>579</height>
					<width>3</width>
					<texture>separator_v.png</texture>
				</control>
				<control type="image">
					<posx>0</posx>
					<posy>120</posy>
					<height>3</height>
					<width>1920</width>
					<texture>separator.png</texture>
				</control>
				<control type="image">
					<!-- Fundo do rodape -->
					<posx>0</posx>
					<posy>975</posy>
					<width>1920</width>
					<height>105</height>
					<colordiffuse>$VAR[value_flagsbar]</colordiffuse>
					<texture>shadow_mask.png</texture>
				</control>
				<control type="grouplist">
					<!-- Etiquetas -->
					<posx>30</posx>
					<posy>1023</posy>
					<orientation>horizontal</orientation>
					<itemgap>50</itemgap>
					<animation effect="slide" start="0,450" end="0,0" time="500" tween="sine" easing="out">WindowOpen</animation>
					<animation effect="slide" start="0,450" end="0,0" time="500" tween="sine" easing="out">Visible</animation>
					<animation effect="slide" start="0,0" end="0,450" time="500" tween="sine" easing="in">Hidden</animation>
					<visible>Control.HasFocus(149)</visible>
					<control type="image">
						<!-- Audio Codec -->
						<include>FlagImage</include>
						<texture>$VAR[value_songinfo_codec]</texture>
					</control>
					<control type="image">
						<!-- Channels (not defined for music listitems) -->
						<include>FlagImage</include>
						<texture>$VAR[value_songinfo_channels]</texture>
					</control>
				</control>
				<control type="group">	<!-- Discography data visible when the 500 (was 50) list is focused -->
					<posx>0</posx>
					<posy>1005</posy>
					<animation effect="slide" start="0,450" end="0,0" time="500" tween="sine" easing="out">WindowOpen</animation>
					<animation effect="slide" start="0,450" end="0,0" time="500" tween="sine" easing="out">Visible</animation>
					<animation effect="slide" start="0,0" end="0,450" time="500" tween="sine" easing="in">Hidden</animation>
					<visible>Control.HasFocus(500)</visible>
					<control type="label">
						<description>Waiting for AS discography</description>
						<posx>0</posx>
						<posy>14</posy>
						<width>1920</width>
						<align>center</align>
						<aligny>center</aligny>
						<label>31939</label>
						<font>Font_18A</font>
						<textcolor>$VAR[value_flagscolor]</textcolor>
						<visible>String.IsEmpty(Window(Visualisation).Property(ArtistSlideshow.1.AlbumName))</visible>
					</control>
					<control type="label">
						<description>Waiting for AS discography</description>
						<posx>45</posx>
						<posy>0</posy>
						<width>600</width>
						<height>40</height>
						<align>left</align>
						<aligny>center</aligny>
						<label>31939</label>
						<font>Font_18A</font>
						<textcolor>$VAR[value_flagscolor]</textcolor>
						<visible>String.IsEmpty(Window(Visualisation).Property(ArtistSlideshow.1.AlbumName)) + !String.IsEmpty(Window(Visualisation).Property(ArtistSlideshowRunning))</visible>
					</control>
					<control type="label">
						<!-- AS Albums count was container 50 -->
						<posx>45</posx>
						<posy>-12</posy>
						<width>975</width>
						<align>left</align>
						<aligny>center</aligny>
						<font>Font_15</font>
						<label>$LOCALIZE[21888]: $INFO[Container(500).NumItems] $LOCALIZE[132]</label>
						<textcolor>$VAR[value_flagscolor]</textcolor>
						<scroll>true</scroll>
						<visible>!String.IsEmpty(Window(Visualisation).Property(ArtistSlideshow.1.AlbumName))</visible>
					</control>
					<control type="label">
						<!-- Nome do album was container 50 -->
						<posx>472</posx>
						<posy>24</posy>
						<width>975</width>
						<align>center</align>
						<aligny>center</aligny>
						<font>Font_24A</font>
						<label>$INFO[Container(500).ListItem.Label]</label>
						<textcolor>$VAR[value_flagscolor]</textcolor>
						<scroll>true</scroll>
						<visible>!String.IsEmpty(Window(Visualisation).Property(ArtistSlideshow.1.AlbumName))</visible>
					</control>
				</control>
				<control type="image">
					<posx>0</posx>
					<posy>1020</posy>
					<height>64</height>
					<width>1920</width>
					<texture>gradient_small.png</texture>
				</control>
				<control type="image">
					<!-- Cast -->
					<posx>0</posx>
					<posy>1018</posy>
					<width>1920</width>
					<height>45</height>
					<texture flipy="true">shadow_h.png</texture>
					<colordiffuse>C3FFFFFF</colordiffuse>
				</control>
				<control type="image">
					<posx>0</posx>
					<posy>741</posy>
					<height>279</height>
					<width>1920</width>
					<texture>darkgrey.png</texture>
					<colordiffuse>$VAR[value_texturecolor]</colordiffuse>
					<include>Animation_DefaultGlass2</include>
				</control>
			</control>
<!-- end of songinformation -->
<!--  +++++++++++++++++++++++++++++++++++++   Menu bar 149 album/artist info (musicinformation) -->
			<control type="group">  <!-- Menu bar 149 album/artist info (musicinformation) -->
				<posx>0</posx>
				<posy>698</posy>
				<visible>Window.Is(musicinformation)</visible>
				<control type="image">
					<posx>0</posx>
					<posy>-45</posy>
					<width>1920</width>
					<height>45</height>
					<texture>shadow_h.png</texture>
					<colordiffuse>C3FFFFFF</colordiffuse>
				</control>
				<control type="image">
					<posx>0</posx>
					<posy>44</posy>
					<width>1920</width>
					<height>45</height>
					<texture flipy="true">shadow_h.png</texture>
					<colordiffuse>C3FFFFFF</colordiffuse>
				</control>
				<control type="image">
					<posx>0</posx>
					<posy>0</posy>
					<width>1920</width>
					<height>45</height>
					<texture>darkgrey.png</texture>
					<colordiffuse>$VAR[value_texturecolor]</colordiffuse>
					<include>Animation_DefaultGlass2</include>
				</control>
				<control type="list" id="149">
					<posx>0</posx>
					<posy>4</posy>
					<width>1920</width>
					<height>38</height>
					<onup condition="Container(149).HasFocus(4)">IncreaseRating</onup>
					<ondown condition="Container(149).HasFocus(4)">DecreaseRating</ondown>
					<ondown>50</ondown>
					<orientation>horizontal</orientation>
					<pagecontrol></pagecontrol>
					<scrolltime>300</scrolltime>
					<focusposition>3</focusposition>
					<itemlayout height="38" width="273">
						<control type="image">
							<posx>0</posx>
							<posy>0</posy>
							<width>1</width>
							<height>38</height>
							<texture>separator_v.png</texture>
						</control>
						<control type="label">
							<posx>0</posx>
							<posy>-2</posy>
							<height>38</height>
							<width>273</width>
							<align>center</align>
							<aligny>center</aligny>
							<font>Font_18</font>
							<label>[UPPERCASE]$INFO[ListItem.Label][/UPPERCASE]</label>
							<textcolor>B6FFFFFF</textcolor>
						</control>
					</itemlayout>
					<focusedlayout height="38" width="273">
						<control type="image">
							<posx>0</posx>
							<posy>1</posy>
							<width>273</width>
							<height>40</height>
							<texture>settings_button_focus.png</texture>
							<visible>Control.Hasfocus(149)</visible>
						</control>
						<control type="image">
							<posx>3</posx>
							<posy>4</posy>
							<width>30</width>
							<height>30</height>
							<texture>arrow_down.png</texture>
							<colordiffuse>FF101010</colordiffuse>
							<visible>Container(149).HasFocus(4)</visible>
						</control>
						<control type="image">
							<posx>241</posx>
							<posy>4</posy>
							<width>30</width>
							<height>30</height>
							<texture>arrow_up.png</texture>
							<colordiffuse>FF101010</colordiffuse>
							<visible>Container(149).HasFocus(4)</visible>
						</control>
						<control type="image">
							<posx>0</posx>
							<posy>0</posy>
							<width>1</width>
							<height>38</height>
							<texture>separator_v.png</texture>
						</control>
						<control type="label">
							<left>0</left>
							<posy>-2</posy>
							<height>38</height>
							<width>273</width>
							<align>center</align>
							<aligny>center</aligny>
							<font>Font_18</font>
							<label>[UPPERCASE]$INFO[ListItem.Label][/UPPERCASE]</label>
							<textcolor>FF101010</textcolor>
							<visible>Control.Hasfocus(149)</visible>
						</control>
						<control type="label">
							<left>0</left>
							<posx>0</posx>
							<posy>-2</posy>
							<height>38</height>
							<width>273</width>
							<align>center</align>
							<aligny>center</aligny>
							<font>Font_18</font>
							<label>[UPPERCASE]$INFO[ListItem.Label][/UPPERCASE]</label>
							<textcolor>B6FFFFFF</textcolor>
							<visible>!Control.Hasfocus(149)</visible>
						</control>
					</focusedlayout>
					<content>
						<item id="1">
							<!-- Refresh -->
							<description>Refresh</description>
							<label>31695</label>
							<onclick>SendClick(musicinformation,6)</onclick>
							<visible>!Skin.HasSetting(kioskininfo)</visible>
						</item>
						<item id="2">
							<!-- Set Art -->
							<label>31702</label>
							<onclick>SendClick(musicinformation,10)</onclick>
							<visible>!Skin.HasSetting(kioskininfo)</visible>
						</item>
						<item id="4">
							<!--  Set UserRating -->
							<label>31936</label>
							<onclick>SendClick(musicinformation,7)</onclick>
							<visible>!Skin.HasSetting(kioskininfo) + String.IsEqual(ListItem.DBType,album)</visible>
						</item>
						<item id="20">
							<!--  Play album  -->
							<label>$LOCALIZE[31303] $LOCALIZE[558]</label>
							<onclick>RunScript(script.playalbum,albumid=$INFO[ListItem.DBID])</onclick>
							<onclick>Action(Close)</onclick>
							<visible>String.IsEqual(ListItem.DBType,album) + System.HasAddon(script.playalbum)</visible>
						</item>
						<item id="21">
							<!--  Play album  Container 50 track -->
							<label>$LOCALIZE[31303] $LOCALIZE[31799] $INFO[Container(50).ListItem.TrackNumber]</label>
							<onclick>RunScript(script.playalbum,albumid=$INFO[ListItem.DBID]&amp;tracknr=$INFO[Container(50).ListItem.TrackNumber])</onclick>
							<onclick>Action(close)</onclick>
							<visible>String.IsEqual(ListItem.DBType,album) + System.HasAddon(script.playalbum)</visible>
						</item>
						<!-- <item id="5">  -->
						<item id="6">
							<!-- Roles for album Container 50 track -->
							<label>$LOCALIZE[29994] $LOCALIZE[31799] $INFO[Container(50).ListItem.TrackNumber]</label>
							<onclick>SetProperty(roles,$INFO[Container(50).ListItem.ContributorAndRole])</onclick>
							<onclick>ActivateWindow(1104)</onclick>
							<visible>String.IsEqual(ListItem.DBType,album) + !String.IsEmpty(Container(50).ListItem.ContributorAndRole)</visible>
						</item>
						<item id="18">
							<!-- Artist Zoom -->
							<label>31944</label>
							<onclick>Skin.Reset(coverzoom)</onclick>
							<onclick>Skin.SetBool(artistzoom)</onclick>
							<onclick>SetFocus(160)</onclick>
						</item>
						<item id="19">
							<!-- Artist Video Clips -->
							<label>31950</label>
							<onclick>Skin.SetBool(musictrailers)</onclick>
							<onclick>RunScript(script.extendedinfo,info=youtubebrowser,id=$INFO[ListItem.Artist])</onclick>
							<visible>System.HasAddon(script.extendedinfo)</visible>					
						</item>
						<item id="8">
							<!-- Song Video Clip -->
							<label>31951</label>
							<onclick>Action(close)</onclick>
							<onclick>Skin.SetBool(musictrailers)</onclick>
							<onclick condition="!String.IsEqual(ListItem.DBType,song)">RunScript(script.extendedinfo,info=youtubebrowser,id=$INFO[ListItem.Artist] $INFO[ListItem.Album])</onclick>
							<onclick condition="String.IsEqual(ListItem.DBType,song)">RunScript(script.extendedinfo,info=youtubebrowser,id=$INFO[ListItem.Artist] $INFO[ListItem.Title])</onclick>
							<visible>System.HasAddon(script.extendedinfo)</visible>
						</item>
					</content>
				</control>
			</control>
<!-- end of album info (musicinformation) menu bar 149 -->
<!--  +++++++++++++++++++++++++++++++++++++ Menu bar 149 Songinfo dialog -->
			<control type="group">	<!-- Menu bar 149 songinformation-->
				<posx>0</posx>
				<posy>698</posy>
				<visible>Window.Is(songinformation)</visible>
				<control type="image">
					<posx>0</posx>
					<posy>-45</posy>
					<width>1920</width>
					<height>45</height>
					<texture>shadow_h.png</texture>
					<colordiffuse>C3FFFFFF</colordiffuse>
				</control>
				<control type="image">
					<posx>0</posx>
					<posy>44</posy>
					<width>1920</width>
					<height>45</height>
					<texture flipy="true">shadow_h.png</texture>
					<colordiffuse>C3FFFFFF</colordiffuse>
				</control>
				<control type="image">
					<posx>0</posx>
					<posy>0</posy>
					<width>1920</width>
					<height>45</height>
					<texture>darkgrey.png</texture>
					<colordiffuse>$VAR[value_texturecolor]</colordiffuse>
					<include>Animation_DefaultGlass2</include>
				</control>
				<control type="list" id="149">
					<posx>0</posx>
					<posy>4</posy>
					<width>1920</width>
					<height>38</height>
					<onup condition="Container(149).HasFocus(14)">IncreaseRating</onup>
					<ondown condition="Container(149).HasFocus(14)">DecreaseRating</ondown>
					<ondown condition="String.IsEmpty(Window(Visualisation).Property(ArtistSlideshow.1.AlbumName)) | String.Contains(ListItem.Genre,classical)">50</ondown>
					<ondown condition="!String.IsEmpty(Window(Visualisation).Property(ArtistSlideshow.1.AlbumName))">500</ondown>
					<orientation>horizontal</orientation>
					<pagecontrol></pagecontrol>
					<scrolltime>300</scrolltime>
					<focusposition>3</focusposition>
					<itemlayout height="38" width="273">
						<control type="image">
							<posx>0</posx>
							<posy>0</posy>
							<width>1</width>
							<height>38</height>
							<texture>separator_v.png</texture>
						</control>
						<control type="label">
							<left>0</left>
							<posy>-2</posy>
							<height>38</height>
							<width>273</width>
							<align>center</align>
							<aligny>center</aligny>
							<font>Font_18</font>
							<label>[UPPERCASE]$INFO[ListItem.Label][/UPPERCASE]</label>
							<textcolor>80FFFAF0</textcolor>
						</control>
					</itemlayout>
					<focusedlayout height="38" width="273">
						<control type="image">
							<posx>0</posx>
							<posy>1</posy>
							<width>273</width>
							<height>40</height>
							<texture>settings_button_focus.png</texture>
							<visible>Control.Hasfocus(149)</visible>
						</control>
						<control type="image">
							<posx>9</posx>
							<posy>4</posy>
							<width>30</width>
							<height>30</height>
							<texture>arrow_down.png</texture>
							<colordiffuse>FF101010</colordiffuse>
							<visible>Container(149).HasFocus(3)</visible>
						</control>
						<control type="image">
							<posx>234</posx>
							<posy>4</posy>
							<width>30</width>
							<height>30</height>
							<texture>arrow_up.png</texture>
							<colordiffuse>FF101010</colordiffuse>
							<visible>Container(149).HasFocus(3)</visible>
						</control>
						<control type="image">
							<posx>0</posx>
							<posy>0</posy>
							<width>1</width>
							<height>38</height>
							<texture>separator_v.png</texture>
						</control>
						<control type="label">
							<left>0</left>
							<posy>-2</posy>
							<height>38</height>
							<width>273</width>
							<align>center</align>
							<aligny>center</aligny>
							<font>Font_18</font>
							<label>[UPPERCASE]$INFO[ListItem.Label][/UPPERCASE]</label>
							<textcolor>FF101010</textcolor>
							<visible>Control.Hasfocus(149)</visible>
						</control>
						<control type="label">
							<left>0</left>
							<posy>-2</posy>
							<height>38</height>
							<width>273</width>
							<align>center</align>
							<aligny>center</aligny>
							<font>Font_18</font>
							<label>[UPPERCASE]$INFO[ListItem.Label][/UPPERCASE]</label>
							<textcolor>B6FFFFFF</textcolor>
							<visible>!Control.Hasfocus(149)</visible>
						</control>
					</focusedlayout>
					<content>
						<item id="1">
							<!-- Set Art-->
							<label>31702</label>
							<onclick>SendClick(songinformation,10)</onclick>
							<visible>!Skin.HasSetting(kioskininfo) + !Window.IsActive(visualisation)</visible>
						</item>
						<item id="2">
							<!-- Album info-->
							<label>10523</label>
							<onclick>SendClick(songinformation,12)</onclick>
							<visible>!Skin.HasSetting(kioskininfo) + !Window.IsActive(visualisation)</visible>
						</item>
						<item id="3">
							<!-- Set UserRating -->
							<label>31936</label>
							<onclick condition="!Window.IsActive(visualisation)">SendClick(songinformation,7)</onclick>
							<onclick condition="Window.IsActive(visualisation)">Action(setrating)</onclick>
							<visible>!Skin.HasSetting(kioskininfo)</visible>
						</item>
						<!-- Artist Info -->
						<item id="5">
							<!-- Artist Zoom -->
							<label>31944</label>
							<onclick>Skin.Reset(coverzoom)</onclick>
							<onclick>Skin.SetBool(artistzoom)</onclick>
							<onclick>SetFocus(160)</onclick>
						</item>
						<item id="6">
							<!-- Roles -->
							<label>29994</label>
							<onclick>ActivateWindow(1104)</onclick>
							<visible>[!Window.IsActive(visualisation) + !String.IsEmpty(ListItem.ContributorAndRole)] | [Window.IsActive(visualisation) + !String.IsEmpty(MusicPlayer.ContributorAndRole)] </visible>
						</item>
						<item id="16">
							<!-- Video Clips -->
							<label>31949</label>
							<onclick>Dialog.Close(songinformation)</onclick>
							<onclick>Skin.SetBool(musictrailers)</onclick>
							<onclick condition="!Window.IsActive(visualisation)">RunScript(script.extendedinfo,info=youtubebrowser,id=$INFO[ListItem.Artist] $INFO[ListItem.Album])</onclick>
							<onclick condition="Window.IsActive(visualisation)">RunScript(script.extendedinfo,info=youtubebrowser,id=$INFO[MusicPlayer.Artist] $INFO[MusicPlayer.Album])</onclick>
							<visible>System.HasAddon(script.extendedinfo)</visible>
						</item>
						<item id="17">
							<!-- Song Video Clip -->
							<label>31951</label>
							<onclick>Dialog.Close(songinformation)</onclick>
							<onclick>Skin.SetBool(musictrailers)</onclick>
							<onclick condition="!Window.IsActive(visualisation)">RunScript(script.extendedinfo,info=youtubebrowser,id=$INFO[ListItem.Artist] $INFO[ListItem.Title])</onclick>
							<onclick condition="Window.IsActive(visualisation)">RunScript(script.extendedinfo,info=youtubebrowser,id=$INFO[MusicPlayer.Artist] $INFO[MusicPlayer.Title])</onclick>
							<visible>System.HasAddon(script.extendedinfo)</visible>
						</item>
					</content>
				</control>
			</control>
<!-- ++++++++++++++++++++++    end of songinformation -->
<!-- common elements songinformation musicinformation Container 50  -->
			<control type="panel" id="50"><!-- items set by Kodi or artistslideshow for musicinfo ** track list for albums  AS discography for artists **  and Kodi for songinfo ** contributors (not shown for current playing song info unless classical) -->
				<posx>78</posx>
				<posy>738</posy>
				<width>1800</width>
				<height>330</height>
				<onup>149</onup>
				<ondown>Skin.Reset(artistzoom)</ondown>
				<ondown>SetFocus(160)</ondown>
				<ondown>Skin.SetBool(coverzoom)</ondown>
				<orientation>horizontal</orientation>
				<scrolltime>400</scrolltime>
				<focusposition>2</focusposition>
				<visible>String.IsEqual(ListItem.DBType,artist) | String.IsEqual(ListItem.DBType,album) | [String.IsEqual(ListItem.DBType,song) + !String.IsEqual(MusicPlayer.Artist,ListItem.Artist)] | [String.IsEqual(ListItem.DBType,song) + String.IsEqual(MusicPlayer.Artist,ListItem.Artist) + String.IsEmpty(Window(Visualisation).Property(ArtistSlideshow.1.AlbumName))] | [[String.IsEmpty(Window(Visualisation).Property(ArtistSlideshow.1.AlbumName)) | String.Contains(MusicPlayer.genre,classical)] + Window.IsVisible(visualisation)] | String.IsEqual(ListItem.DBType,song) + String.Contains(ListItem.Genre,classical) + !Window.IsVisible(visualisation)</visible>
				<itemlayout condition="String.IsEqual(ListItem.DBType,artist)" height="255" width="372"> <!-- ARTIST INFO container 50 for artists currently empty was scraped discography -->
					<control type="image">
						<posx>0</posx>
						<posy>8</posy>
						<width>270</width>
						<height>270</height>
						<aligny>center</aligny>
						<align>left</align>
						<aspectratio>scale</aspectratio>
						<texture fallback="DefaultAudioCover.png" background="true">$INFO[ListItem.Icon]</texture>
						<bordertexture border="-2">black.png</bordertexture>
						<colordiffuse>FF909090</colordiffuse>
						<visible>!String.IsEmpty(ListItem.Label)</visible>
					</control>
				</itemlayout>
				<itemlayout condition="String.IsEqual(ListItem.DBType,album)" height="57" width="600"> <!-- ALBUM INFO container 50 tracks albums only show track number when not 0 -->
					<control type="label">
						<posx>5</posx>
						<posy>8</posy>
						<height>52</height>
						<width>592</width>
						<align>left</align>
						<aligny>center</aligny>
						<font>Font_24A</font>
						<label>$INFO[ListItem.TrackNumber,, - ]$INFO[ListItem.Label]</label>
						<include>listcolor</include>
						<visible>!String.IsEqual(ListItem.TrackNumber,0)</visible>
					</control>
					<control type="label">
						<posx>5</posx>
						<posy>8</posy>
						<height>52</height>
						<width>592</width>
						<align>left</align>
						<aligny>center</aligny>
						<font>Font_24A</font>
						<label>$INFO[ListItem.Label]</label>
						<include>listcolor</include>
						<visible>String.IsEqual(ListItem.TrackNumber,0)</visible>
					</control>
				</itemlayout>
				<itemlayout height="57" width="600"  condition="String.IsEqual(ListItem.DBType,song)"> <!-- SONG INFO contributors (when no AS info for playing song) -->
					<control type="label">
						<posx>5</posx>
						<posy>8</posy>
						<height>52</height>
						<width>592</width>
						<align>left</align>
						<aligny>center</aligny>
						<font>Font_24A</font>
						<label>$INFO[ListItem.Label] - $INFO[ListItem.Label2]</label>
						<textcolor>B6FFFFFF</textcolor>
					</control>
				</itemlayout>
				<focusedlayout condition="String.IsEqual(ListItem.DBType,artist)" height="255" width="372"> <!-- ARTIST INFO When no AS for artist (in library plus scraped discography)-->
					<control type="image">
						<posx>0</posx>
						<posy>8</posy>
						<width>270</width>
						<height>270</height>
						<aligny>center</aligny>
						<align>left</align>
						<aspectratio>scale</aspectratio>
						<texture fallback="DefaultAudioCover.png" background="true">$INFO[ListItem.Icon]</texture>
						<bordertexture border="-2">black.png</bordertexture>
						<colordiffuse>FF909090</colordiffuse>
						<include>Animation_Fade</include>
						<visible>!Control.HasFocus(50) + !String.IsEmpty(ListItem.Label)</visible>
					</control>
					<control type="image">
						<posx>0</posx>
						<posy>8</posy>
						<width>270</width>
						<height>270</height>
						<aligny>center</aligny>
						<align>left</align>
						<aspectratio>scale</aspectratio>
						<texture fallback="DefaultAudioCover.png" background="true">$INFO[ListItem.Icon]</texture>
						<bordertexture border="-2">grey.png</bordertexture>
						<include>Animation_Fade</include>
						<visible>Control.HasFocus(50) + !String.IsEmpty(ListItem.Label)</visible>
					</control>
				</focusedlayout>
				<focusedlayout condition="String.IsEqual(ListItem.DBType,album)" height="57" width="600"> <!-- ALBUM INFO -->
					<control type="image">
						<posx>0</posx>
						<posy>5</posy>
						<width>596</width>
						<height>57</height>
						<texture>settings_button_focus.png</texture>
						<visible>Control.Hasfocus(50)</visible>
					</control>
					<control type="label">
						<posx>5</posx>
						<posy>8</posy>
						<height>52</height>
						<width>592</width>
						<align>left</align>
						<aligny>center</aligny>
						<font>Font_24A</font>
						<label>$INFO[ListItem.TrackNumber,, - ]$INFO[ListItem.Label]</label>
						<include>listcolor</include>
						<visible>!Control.HasFocus(50) + !String.IsEqual(ListItem.TrackNumber,0)</visible>
					</control>
					<control type="label">
						<posx>5</posx>
						<posy>8</posy>
						<height>52</height>
						<width>592</width>
						<align>left</align>
						<aligny>center</aligny>
						<font>Font_24A</font>
						<label>$INFO[ListItem.Label]</label>
						<include>listcolor</include>
						<visible>!Control.HasFocus(50) + String.IsEqual(ListItem.TrackNumber,0)</visible>
					</control>
					<control type="label">
						<posx>5</posx>
						<posy>8</posy>
						<height>52</height>
						<width>592</width>
						<align>left</align>
						<aligny>center</aligny>
						<font>Font_24A</font>
						<label>$INFO[ListItem.TrackNumber,, - ]$INFO[ListItem.Label]</label>
						<include>listcolorfocus</include>
						<include>Animation_Fade</include>
						<visible>Control.HasFocus(50) + !String.IsEqual(ListItem.TrackNumber,0)</visible>
					</control>
					<control type="label">
						<posx>5</posx>
						<posy>8</posy>
						<height>52</height>
						<width>592</width>
						<align>left</align>
						<aligny>center</aligny>
						<font>Font_24A</font>
						<label>$INFO[ListItem.Label]</label>
						<include>listcolorfocus</include>
						<include>Animation_Fade</include>
						<visible>Control.HasFocus(50) + String.IsEqual(ListItem.TrackNumber,0)</visible>
					</control>
				</focusedlayout>
				<focusedlayout height="57" width="600"  condition="String.IsEqual(ListItem.DBType,song) | Window.IsActive(visualisation)"> <!-- SONG INFO -->
					<control type="image">
						<posx>0</posx>
						<posy>5</posy>
						<width>596</width>
						<height>57</height>
						<texture>settings_button_focus.png</texture>
						<visible>Control.Hasfocus(50)</visible>
					</control>
					<control type="label">
						<posx>5</posx>
						<posy>8</posy>
						<height>52</height>
						<width>592</width>
						<align>left</align>
						<aligny>center</aligny>
						<font>Font_24A</font>
						<label>$INFO[ListItem.Label] - $INFO[ListItem.Label2]</label>
						<textcolor>B6FFFFFF</textcolor>
						<visible>!Control.HasFocus(50) </visible>
					</control>
					<control type="label">
						<posx>5</posx>
						<posy>8</posy>
						<height>52</height>
						<width>592</width>
						<align>left</align>
						<aligny>center</aligny>
						<font>Font_24A</font>
						<label>$INFO[ListItem.Label] - $INFO[ListItem.Label2]</label>
						<textcolor>FF101010</textcolor>
						<include>Animation_Fade</include>
						<visible>Control.HasFocus(50)</visible>
					</control>
				</focusedlayout>
			</control>
<!-- end panel 50 -->
<!-- This list 500 is for songs that are playing and have AS albums 1.  called from viz window 2.  on nowplaying for active song don't user ffr classical -->
			<control type="list" id="500">
				<!-- items supplied by AS was 50 but conflicts-->
				<viewtype label="List">List Info</viewtype>
				<posx>78</posx>
				<posy>738</posy>
				<width>1800</width>
				<height>330</height>
				<onup>149</onup>
				<ondown>Skin.Reset(artistzoom)</ondown>
				<ondown>SetFocus(160)</ondown>
				<ondown>Skin.SetBool(coverzoom)</ondown>
				<orientation>horizontal</orientation>
				<scrolltime>350</scrolltime>
				<focusposition>2</focusposition>
				<movement>2</movement>
				<visible>!String.IsEmpty(Window(Visualisation).Property(ArtistSlideshow.1.AlbumName)) + Player.HasAudio + [String.IsEqual(MusicPlayer.Artist,ListItem.Artist) | Window.IsActive(visualisation)]+ !String.Contains(MusicPlayer.Genre,classical)</visible>
				<itemlayout height="255" width="372">
					<control type="image">
						<posx>0</posx>
						<posy>8</posy>
						<width>270</width>
						<height>270</height>
						<aligny>center</aligny>
						<align>left</align>
						<aspectratio>scale</aspectratio>
						<texture fallback="DefaultAudioCover.png" background="true">$INFO[ListItem.Icon]</texture>
						<bordertexture border="-2">black.png</bordertexture>
						<colordiffuse>FF909090</colordiffuse>
					</control>
				</itemlayout>
				<focusedlayout height="255" width="372">
					<control type="image">
						<posx>0</posx>
						<posy>8</posy>
						<width>270</width>
						<height>270</height>
						<aligny>center</aligny>
						<align>left</align>
						<aspectratio>scale</aspectratio>
						<texture fallback="DefaultAudioCover.png" background="true">$INFO[ListItem.Icon]</texture>
						<bordertexture border="-2">black.png</bordertexture>
						<colordiffuse>FF909090</colordiffuse>
						<include>Animation_Fade</include>
						<visible>!Control.HasFocus(500)</visible>
					</control>
					<control type="image">
						<posx>0</posx>
						<posy>8</posy>
						<width>270</width>
						<height>270</height>
						<aligny>center</aligny>
						<align>left</align>
						<aspectratio>scale</aspectratio>
						<texture fallback="DefaultAudioCover.png" background="true">$INFO[ListItem.Icon]</texture>
						<bordertexture border="-2">grey.png</bordertexture>
						<include>Animation_Fade</include>
						<visible>Control.HasFocus(500)</visible>
					</control>
				</focusedlayout>
				<include>AlbumContent</include>
			</control>
<!-- End panel 500 -->
			<control type="button" id="160">
				<include>InvisibleButton</include>
				<onup condition="Skin.HasSetting(artistzoom)">SetFocus(149)</onup>
				<onup condition="Skin.HasSetting(coverzoom) + Control.IsVisible(50)">SetFocus(50)</onup>
				<onup condition="Skin.HasSetting(coverzoom) + Control.IsVisible(500)">SetFocus(500)</onup>
				<ondown condition="Skin.HasSetting(artistzoom)">SetFocus(149)</ondown>
				<ondown condition="Skin.HasSetting(coverzoom) + Control.IsVisible(50)">SetFocus(50)</ondown>
				<ondown condition="Skin.HasSetting(coverzoom) + Control.IsVisible(500)">SetFocus(500)</ondown>
				<onleft condition="Skin.HasSetting(artistzoom)">SetFocus(149)</onleft>
				<onleft condition="Skin.HasSetting(coverzoom) + Control.IsVisible(50)">SetFocus(50)</onleft>
				<onleft condition="Skin.HasSetting(coverzoom) + Control.IsVisible(500)">SetFocus(500)</onleft>
				<onright condition="Skin.HasSetting(artistzoom)">SetFocus(149)</onright>
				<onright condition="Skin.HasSetting(coverzoom) + Control.IsVisible(50)">SetFocus(50)</onright>
				<onright condition="Skin.HasSetting(coverzoom) + Control.IsVisible(500)">SetFocus(500)</onright>
			</control>
			<control type="image">
				<posx>0</posx>
				<posy>0</posy>
				<width>1920</width>
				<height>1080</height>
				<texture>darkgrey.png</texture>
				<animation effect="fade" start="0" end="100" time="200">Visible</animation>
				<animation effect="fade" start="100" end="0" time="400">Hidden</animation>
				<visible>Control.HasFocus(160)</visible>
			</control>
			<control type="image">
				<posx>0</posx>
				<posy>0</posy>
				<width>1920</width>
				<height>1080</height>
				<texture>hive_back.png</texture>
				<animation effect="fade" start="0" end="100" time="200">Visible</animation>
				<animation effect="fade" start="100" end="0" time="400">Hidden</animation>
				<visible>Control.HasFocus(160)</visible>
			</control>
			<control type="group">
				<posx>-1920</posx>
				<posy>22</posy>
				<animation effect="slide" start="0,0" end="1920,0" time="400" tween="cubic" easing="inout" condition="Control.HasFocus(160)">Conditional</animation>
				<animation effect="slide" start="0,0" end="0,-38" time="600" delay="1000" tween="cubic" easing="inout" condition="Control.HasFocus(160)">Conditional</animation>
				<control type="image">
					<description>Cover image</description>
					<posx>52</posx>
					<posy>48</posy>
					<width>1920</width>
					<height>960</height>
					<aspectratio>keep</aspectratio>
					<texture diffuse="thumb_cdcover_mask.png" background="true">$INFO[Container(50).ListItem.Icon]</texture>
					<visible>Skin.HasSetting(coverzoom) + Control.IsVisible(50) + !String.IsEqual(ListItem.DBType,album)</visible>
				</control>
				<control type="image">
					<description>Cover image</description>
					<posx>52</posx>
					<posy>48</posy>
					<width>1920</width>
					<height>960</height>
					<aspectratio>keep</aspectratio>
					<texture diffuse="thumb_cdcover_mask.png" background="true">$INFO[ListItem.Icon]</texture>
					<visible>Skin.HasSetting(coverzoom) + String.IsEqual(ListItem.DBType,album)</visible>
				</control>
				<control type="image">
					<description>Cover image</description>
					<posx>52</posx>
					<posy>48</posy>
					<width>1920</width>
					<height>960</height>
					<aspectratio>keep</aspectratio>
					<texture diffuse="thumb_cdcover_mask.png" background="true">$INFO[Container(500).ListItem.Icon]</texture>
					<visible>Skin.HasSetting(coverzoom) + Control.IsVisible(500)</visible>
				</control>
				<control type="image">
					<!-- Thumb -->
					<posx>52</posx>
					<posy>48</posy>
					<width>1800</width>
					<height>960</height>
					<aspectratio align="center">keep</aspectratio>
					<texture background="true">$INFO[Listitem.Icon]</texture>
					<visible>!String.IsEmpty(ListItem.Thumb) + Skin.HasSetting(artistzoom)</visible>
				</control>

				<control type="image">
					<!-- Artist AS 3.X -->
					<posx>52</posx>
					<posy>48</posy>
					<width>1800</width>
					<height>960</height>
					<aspectratio align="center">keep</aspectratio>
					<texture fallback="DefaultAudioCover.png" background="true">$INFO[Window(Visualisation).Property(ArtistSlideshow.Image)]</texture>
					<visible>String.IsEmpty(ListItem.Thumb) + Skin.HasSetting(artistzoom) + !String.IsEmpty(Window(Visualisation).Property(ArtistSlideshow.Image))</visible>
				</control>
			</control>
			<control type="group"> <!-- bottom zoom text -->
				<visible>Control.HasFocus(160)</visible>
				<animation effect="slide" start="0,0" end="0,-120" time="600" delay="1000" tween="cubic" easing="inout" condition="Control.HasFocus(160)">Conditional</animation>
				<control type="image">
					<posx>0</posx>
					<posy>1140</posy>
					<height>60</height>
					<width>1920</width>
					<texture>darkgrey.png</texture>
					<colordiffuse>$VAR[value_texturecolor]</colordiffuse>
					<include>Animation_DefaultGlass2</include>
				</control>
				<control type="label">
					<posx>0</posx>
					<posy>1140</posy>
					<height>60</height>
					<width>1920</width>
					<align>center</align>
					<aligny>center</aligny>
					<label>$VAR[value_audioinfo_zoomlabel]</label>
					<font>Font_24A</font>
					<textcolor>FFFFFAF0</textcolor>
					<scroll>true</scroll>
					<scrollout>false</scrollout>
				</control>
				<control type="image">
					<posx>0</posx>
					<posy>1140</posy>
					<height>60</height>
					<width>1920</width>
					<texture>gradient_small.png</texture>
				</control>
			</control>
			<include>BGBlack</include>
		</control>
	</controls>
</window>
