<?xml version="1.0" encoding="UTF-8"?>
<!-- Aeon MQ 5 Helix 6.1.6 /6.1.9 wall audiocase -->
<!-- Isengard 7.1.10/7.1.11 -->
<!-- Jarvis 8.1.13 -->
<!-- Krypton 9.1.19/9.2.1 window IDs -->
<!-- Leia 10.3.0/10.5.2 -->
<!-- Matrix 11.0.4 -->
<includes>
	<!--##################################################################################   VISTA WALL - ID 56   ##################################################################################-->
	<include name="Wall_Dimmer">
		<animation effect="fade" start="100" end="50" time="300" condition="[String.Contains(skin.string(panel_seconds),1) + System.IdleTime(1) | String.Contains(skin.string(panel_seconds),2) + System.IdleTime(2) | String.Contains(skin.string(panel_seconds),3) + System.IdleTime(3) | String.Contains(skin.string(panel_seconds),4) + System.IdleTime(4) | String.Contains(skin.string(panel_seconds),5) + System.IdleTime(5)] + String.Contains(skin.string(wallvideopanel),auto) + Control.HasFocus(56) + String.Contains(skin.string(wallglass),50)">conditional</animation>
		<animation effect="fade" start="100" end="45" time="300" condition="[String.Contains(skin.string(panel_seconds),1) + System.IdleTime(1) | String.Contains(skin.string(panel_seconds),2) + System.IdleTime(2) | String.Contains(skin.string(panel_seconds),3) + System.IdleTime(3) | String.Contains(skin.string(panel_seconds),4) + System.IdleTime(4) | String.Contains(skin.string(panel_seconds),5) + System.IdleTime(5)] + String.Contains(skin.string(wallvideopanel),auto) + Control.HasFocus(56) + String.Contains(skin.string(wallglass),45)">conditional</animation>
		<animation effect="fade" start="100" end="40" time="300" condition="[String.Contains(skin.string(panel_seconds),1) + System.IdleTime(1) | String.Contains(skin.string(panel_seconds),2) + System.IdleTime(2) | String.Contains(skin.string(panel_seconds),3) + System.IdleTime(3) | String.Contains(skin.string(panel_seconds),4) + System.IdleTime(4) | String.Contains(skin.string(panel_seconds),5) + System.IdleTime(5)] + String.Contains(skin.string(wallvideopanel),auto) + Control.HasFocus(56) + String.Contains(skin.string(wallglass),40)">conditional</animation>
		<animation effect="fade" start="100" end="35" time="300" condition="[String.Contains(skin.string(panel_seconds),1) + System.IdleTime(1) | String.Contains(skin.string(panel_seconds),2) + System.IdleTime(2) | String.Contains(skin.string(panel_seconds),3) + System.IdleTime(3) | String.Contains(skin.string(panel_seconds),4) + System.IdleTime(4) | String.Contains(skin.string(panel_seconds),5) + System.IdleTime(5)] + String.Contains(skin.string(wallvideopanel),auto) + Control.HasFocus(56) + String.Contains(skin.string(wallglass),35)">conditional</animation>
		<animation effect="fade" start="100" end="30" time="300" condition="[String.Contains(skin.string(panel_seconds),1) + System.IdleTime(1) | String.Contains(skin.string(panel_seconds),2) + System.IdleTime(2) | String.Contains(skin.string(panel_seconds),3) + System.IdleTime(3) | String.Contains(skin.string(panel_seconds),4) + System.IdleTime(4) | String.Contains(skin.string(panel_seconds),5) + System.IdleTime(5)] + String.Contains(skin.string(wallvideopanel),auto) + Control.HasFocus(56) + String.Contains(skin.string(wallglass),30)">conditional</animation>
		<animation effect="fade" start="100" end="25" time="300" condition="[String.Contains(skin.string(panel_seconds),1) + System.IdleTime(1) | String.Contains(skin.string(panel_seconds),2) + System.IdleTime(2) | String.Contains(skin.string(panel_seconds),3) + System.IdleTime(3) | String.Contains(skin.string(panel_seconds),4) + System.IdleTime(4) | String.Contains(skin.string(panel_seconds),5) + System.IdleTime(5)] + String.Contains(skin.string(wallvideopanel),auto) + Control.HasFocus(56) + String.Contains(skin.string(wallglass),25)">conditional</animation>
		<animation effect="fade" start="100" end="20" time="300" condition="[String.Contains(skin.string(panel_seconds),1) + System.IdleTime(1) | String.Contains(skin.string(panel_seconds),2) + System.IdleTime(2) | String.Contains(skin.string(panel_seconds),3) + System.IdleTime(3) | String.Contains(skin.string(panel_seconds),4) + System.IdleTime(4) | String.Contains(skin.string(panel_seconds),5) + System.IdleTime(5)] + String.Contains(skin.string(wallvideopanel),auto) + Control.HasFocus(56) + String.Contains(skin.string(wallglass),20)">conditional</animation>
		<animation effect="fade" start="100" end="15" time="300" condition="[String.Contains(skin.string(panel_seconds),1) + System.IdleTime(1) | String.Contains(skin.string(panel_seconds),2) + System.IdleTime(2) | String.Contains(skin.string(panel_seconds),3) + System.IdleTime(3) | String.Contains(skin.string(panel_seconds),4) + System.IdleTime(4) | String.Contains(skin.string(panel_seconds),5) + System.IdleTime(5)] + String.Contains(skin.string(wallvideopanel),auto) + Control.HasFocus(56) + String.Contains(skin.string(wallglass),15)">conditional</animation>
		<animation effect="fade" start="100" end="10" time="300" condition="[String.Contains(skin.string(panel_seconds),1) + System.IdleTime(1) | String.Contains(skin.string(panel_seconds),2) + System.IdleTime(2) | String.Contains(skin.string(panel_seconds),3) + System.IdleTime(3) | String.Contains(skin.string(panel_seconds),4) + System.IdleTime(4) | String.Contains(skin.string(panel_seconds),5) + System.IdleTime(5)] + String.Contains(skin.string(wallvideopanel),auto) + Control.HasFocus(56) + String.Contains(skin.string(wallglass),10)">conditional</animation>
		<animation effect="fade" start="100" end="5" time="300" condition="[String.Contains(skin.string(panel_seconds),1) + System.IdleTime(1) | String.Contains(skin.string(panel_seconds),2) + System.IdleTime(2) | String.Contains(skin.string(panel_seconds),3) + System.IdleTime(3) | String.Contains(skin.string(panel_seconds),4) + System.IdleTime(4) | String.Contains(skin.string(panel_seconds),5) + System.IdleTime(5)] + String.Contains(skin.string(wallvideopanel),auto) + Control.HasFocus(56) + String.Contains(skin.string(wallglass),05)">conditional</animation>
		<animation effect="fade" start="100" end="0" time="300" condition="[String.Contains(skin.string(panel_seconds),1) + System.IdleTime(1) | String.Contains(skin.string(panel_seconds),2) + System.IdleTime(2) | String.Contains(skin.string(panel_seconds),3) + System.IdleTime(3) | String.Contains(skin.string(panel_seconds),4) + System.IdleTime(4) | String.Contains(skin.string(panel_seconds),5) + System.IdleTime(5)] + String.Contains(skin.string(wallvideopanel),auto) + Control.HasFocus(56) + String.Contains(skin.string(wallglass),00)">conditional</animation>
		<animation effect="fade" start="100" end="50" time="0" condition="String.Contains(skin.string(wallglass),50) + Window.IsVisible(636)">conditional</animation>
		<animation effect="fade" start="100" end="45" time="0" condition="String.Contains(skin.string(wallglass),45) + Window.IsVisible(636)">conditional</animation>
		<animation effect="fade" start="100" end="40" time="0" condition="String.Contains(skin.string(wallglass),40) + Window.IsVisible(636)">conditional</animation>
		<animation effect="fade" start="100" end="35" time="0" condition="String.Contains(skin.string(wallglass),35) + Window.IsVisible(636)">conditional</animation>
		<animation effect="fade" start="100" end="30" time="0" condition="String.Contains(skin.string(wallglass),30) + Window.IsVisible(636)">conditional</animation>
		<animation effect="fade" start="100" end="25" time="0" condition="String.Contains(skin.string(wallglass),25) + Window.IsVisible(636)">conditional</animation>
		<animation effect="fade" start="100" end="20" time="0" condition="String.Contains(skin.string(wallglass),20) + Window.IsVisible(636)">conditional</animation>
		<animation effect="fade" start="100" end="15" time="0" condition="String.Contains(skin.string(wallglass),15) + Window.IsVisible(636)">conditional</animation>
		<animation effect="fade" start="100" end="10" time="0" condition="String.Contains(skin.string(wallglass),10) + Window.IsVisible(636)">conditional</animation>
		<animation effect="fade" start="100" end="05" time="0" condition="String.Contains(skin.string(wallglass),05) + Window.IsVisible(636)">conditional</animation>
		<animation effect="fade" start="100" end="0" time="0" condition="String.Contains(skin.string(wallglass),00) + Window.IsVisible(636)">conditional</animation>
	</include>
	<include name="Wall_Plot">
		<visible>[String.Contains(skin.string(panel_seconds),1) + System.IdleTime(1) | String.Contains(skin.string(panel_seconds),2) + System.IdleTime(2) | String.Contains(skin.string(panel_seconds),3) + System.IdleTime(3) | String.Contains(skin.string(panel_seconds),4) + System.IdleTime(4) | String.Contains(skin.string(panel_seconds),5) + System.IdleTime(5)] + String.Contains(skin.string(wallvideopanel),auto) + Control.HasFocus(56)</visible>
	</include>
	<include name="Wall_ThumbDimmer">
		<posx>0</posx>
		<posy>0</posy>
		<texture>darkgrey.png</texture>
		<colordiffuse>$VAR[value_texturecolor]</colordiffuse>
		<animation effect="fade" start="100" end="45" condition="true">Conditional</animation>
		<include>Animation_Fade</include>
		<visible>[String.Contains(skin.string(panel_seconds),1) + System.IdleTime(1) | String.Contains(skin.string(panel_seconds),2) + System.IdleTime(2) | String.Contains(skin.string(panel_seconds),3) + System.IdleTime(3) | String.Contains(skin.string(panel_seconds),4) + System.IdleTime(4) | String.Contains(skin.string(panel_seconds),5) + System.IdleTime(5)] + Control.HasFocus(56)</visible>
	</include>
	<include name="ViewWallVideo">
		<control type="group">
			<animation effect="fade" time="400">VisibleChange</animation>
			<include>ViewBack</include>
			<!-- Fundo -->
			<visible>Control.IsVisible(56)</visible>
			<control type="panel" id="56">
				<viewtype label="31805">Panel</viewtype>
				<posx>0</posx>
				<posy>136</posy>
				<width>2062</width>
				<height>830</height>
				<onleft>9900</onleft>
				<onup>9900</onup>
				<ondown>9920</ondown>
				<orientation>vertical</orientation>
				<pagecontrol></pagecontrol>
				<animation effect="slide" start="0,0" end="-93,0" time="500" delay="500" tween="cubic" easing="out" condition="Container(56).Column(12) + Skin.HasSetting(nowallvideocase) + String.Contains(skin.string(wallvideogrid),default) + Window.IsActive(videos) + ![String.IsEmpty(ListItem.Art(discart)) | Skin.HasSetting(nowalldiscart_video) | ListItem.IsCollection]">Conditional</animation>
				<animation effect="slide" start="0,0" end="-120,0" time="500" delay="500" tween="cubic" easing="out" condition="Container(56).Column(10) + !Skin.HasSetting(nowallvideocase) + String.Contains(skin.string(wallvideogrid),default) + Window.IsActive(videos) + ![String.IsEmpty(ListItem.Art(discart)) | Skin.HasSetting(nowalldiscart_video) | ListItem.IsCollection]">Conditional</animation>
				<animation effect="slide" start="0,0" end="-128,0" time="500" delay="500" tween="cubic" easing="out" condition="Container(56).Column(9) + String.Contains(skin.string(wallvideogrid),mid) + Window.IsActive(videos) + ![String.IsEmpty(ListItem.Art(discart)) | Skin.HasSetting(nowalldiscart_video) | ListItem.IsCollection]">Conditional</animation>
				<animation effect="slide" start="0,0" end="-165,0" time="500" delay="500" tween="cubic" easing="out" condition="Container(56).Column(5) + String.Contains(skin.string(wallvideogrid),big) + Window.IsActive(videos) + ![String.IsEmpty(ListItem.Art(discart)) | Skin.HasSetting(nowalldiscart_video) | ListItem.IsCollection]">Conditional</animation>
				<visible>![Container.Content(episodes) | Container.Content(sets) | Container.Content(years)]</visible>
				<itemlayout condition="[[Container.Content(movies) | Container.Content(musicvideos)] + Skin.HasSetting(nowallvideocase) | Container.Content(tvshows) | Container.Content(seasons) | Container.Content(genres) | Container.Content(addons)] + String.Contains(skin.string(wallvideogrid),default)" width="148" height="207">
					<!-- POSTER SEM ESTOJO - tamanho normal -->
					<control type="group">
						<include>Wall_Dimmer</include>
						<control type="image">
							<posx>3</posx>
							<posy>3</posy>
							<width>141</width>
							<height>201</height>
							<texture fallback="DefaultVideoPoster.png" background="true">$VAR[value_poster]</texture>
							<bordertexture border="-2">black.png</bordertexture>
							<aspectratio align="center">stretch</aspectratio>
						</control>
						<control type="image">
							<posx>110</posx>
							<posy>1</posy>
							<width>38</width>
							<height>38</height>
							<texture>$VAR[value_watchedstyle]</texture>
							<colordiffuse>$VAR[value_watchedcolor]</colordiffuse>
							<visible>!Skin.HasSetting(nooverlays) + String.IsEqual(ListItem.Overlay,OverlayWatched.png)</visible>
						</control>
					</control>
				</itemlayout>
				<itemlayout condition="[[Container.Content(movies) | Container.Content(musicvideos)] + Skin.HasSetting(nowallvideocase) | Container.Content(tvshows) | Container.Content(seasons) | Container.Content(genres) | Container.Content(addons)] + String.Contains(skin.string(wallvideogrid),mid)" width="192" height="276">
					<!-- POSTER SEM ESTOJO - tamanho medio -->
					<control type="group">
						<include>Wall_Dimmer</include>
						<control type="image">
							<posx>3</posx>
							<posy>3</posy>
							<width>186</width>
							<height>262</height>
							<texture fallback="DefaultVideoPoster.png" background="true">$VAR[value_poster]</texture>
							<bordertexture border="-2">black.png</bordertexture>
							<aspectratio align="center">stretch</aspectratio>
						</control>
						<control type="image">
							<posx>156</posx>
							<posy>-2</posy>
							<width>38</width>
							<height>38</height>
							<texture>$VAR[value_watchedstyle]</texture>
							<colordiffuse>$VAR[value_watchedcolor]</colordiffuse>
							<visible>!Skin.HasSetting(nooverlays) + String.IsEqual(ListItem.Overlay,OverlayWatched.png)</visible>
						</control>
					</control>
				</itemlayout>
				<itemlayout condition="[[Container.Content(movies) | Container.Content(musicvideos)] + Skin.HasSetting(nowallvideocase) | Container.Content(tvshows) | Container.Content(seasons) | Container.Content(genres) | Container.Content(addons)] + String.Contains(skin.string(wallvideogrid),big)" width="315" height="414">
					<!-- POSTER SEM ESTOJO - tamanho grande -->
					<control type="group">
						<include>Wall_Dimmer</include>
						<control type="image">
							<posx>27</posx>
							<posy>3</posy>
							<width>290</width>
							<height>408</height>
							<texture fallback="DefaultVideoPoster.png" background="true">$VAR[value_poster]</texture>
							<bordertexture border="-2">black.png</bordertexture>
							<aspectratio align="center">stretch</aspectratio>
						</control>
						<control type="image">
							<posx>270</posx>
							<posy>-2</posy>
							<width>52</width>
							<height>52</height>
							<texture>$VAR[value_watchedstyle]</texture>
							<colordiffuse>$VAR[value_watchedcolor]</colordiffuse>
							<visible>!Skin.HasSetting(nooverlays) + String.IsEqual(ListItem.Overlay,OverlayWatched.png)</visible>
						</control>
					</control>
				</itemlayout>
				<itemlayout condition="[Container.Content(movies) | Container.Content(musicvideos)] + !Skin.HasSetting(nowallvideocase) + String.Contains(skin.string(wallvideogrid),default)" width="174" height="276">
					<!-- POSTER ESTOJO - tamanho normal -->
					<control type="group">
						<include>Wall_Dimmer</include>
						<control type="image">
							<posx>6</posx>
							<posy>27</posy>
							<width>170</width>
							<height>237</height>
							<texture fallback="DefaultVideoPoster.png" background="true">$VAR[value_poster]</texture>
							<aspectratio align="center">stretch</aspectratio>
						</control>
						<control type="image">
							<!-- Estojo -->
							<posx>-9</posx>
							<posy>-8</posy>
							<width>202</width>
							<height>296</height>
							<texture>$VAR[value_videocase0]</texture>
							<aspectratio align="center" aligny="bottom">stretch</aspectratio>
						</control>
						<control type="image">
							<!-- Codec -->
							<posx>64</posx>
							<posy>-6</posy>
							<width>51</width>
							<height>51</height>
							<align>center</align>
							<aligny>center</aligny>
							<aspectratio>keep</aspectratio>
							<texture>$VAR[value_videocodec0]</texture>
						</control>
						<control type="image">
							<posx>134</posx>
							<posy>30</posy>
							<width>38</width>
							<height>38</height>
							<texture>$VAR[value_watchedstyle]</texture>
							<colordiffuse>$VAR[value_watchedcolor]</colordiffuse>
							<visible>!Skin.HasSetting(nooverlays) + String.IsEqual(ListItem.Overlay,OverlayWatched.png)</visible>
						</control>
					</control>
				</itemlayout>
				<itemlayout condition="[Container.Content(movies) | Container.Content(musicvideos)] + !Skin.HasSetting(nowallvideocase) + String.Contains(skin.string(wallvideogrid),mid)" width="191" height="278">
					<!-- POSTER ESTOJO - tamanho medio -->
					<control type="group">
						<include>Wall_Dimmer</include>
						<control type="image">
							<posx>6</posx>
							<posy>22</posy>
							<width>186</width>
							<height>248</height>
							<texture fallback="DefaultVideoPoster.png" background="true">$VAR[value_poster]</texture>
							<aspectratio align="center">stretch</aspectratio>
						</control>
						<control type="image">
							<!-- Estojo -->
							<posx>-9</posx>
							<posy>-15</posy>
							<width>225</width>
							<height>308</height>
							<texture>$VAR[value_videocase0]</texture>
							<aspectratio align="center" aligny="bottom">stretch</aspectratio>
						</control>
						<control type="image">
							<!-- Codec -->
							<posx>75</posx>
							<posy>-12</posy>
							<width>51</width>
							<height>51</height>
							<align>center</align>
							<aligny>center</aligny>
							<aspectratio>keep</aspectratio>
							<texture>$VAR[value_videocodec0]</texture>
						</control>
						<control type="image">
							<posx>152</posx>
							<posy>26</posy>
							<width>38</width>
							<height>38</height>
							<texture>$VAR[value_watchedstyle]</texture>
							<colordiffuse>$VAR[value_watchedcolor]</colordiffuse>
							<visible>!Skin.HasSetting(nooverlays) + String.IsEqual(ListItem.Overlay,OverlayWatched.png)</visible>
						</control>
					</control>
				</itemlayout>
				<itemlayout condition="[Container.Content(movies) | Container.Content(musicvideos)] + !Skin.HasSetting(nowallvideocase) + String.Contains(skin.string(wallvideogrid),big)" width="315" height="417">
					<!-- POSTER ESTOJO - tamanho grande -->
					<control type="group">
						<include>Wall_Dimmer</include>
						<control type="image">
							<posx>36</posx>
							<posy>38</posy>
							<width>262</width>
							<height>366</height>
							<texture fallback="DefaultVideoPoster.png" background="true">$VAR[value_poster]</texture>
							<aspectratio align="center">stretch</aspectratio>
						</control>
						<control type="image">
							<!-- Estojo -->
							<posx>12</posx>
							<posy>-22</posy>
							<width>322</width>
							<height>462</height>
							<texture>$VAR[value_videocase0]</texture>
							<aspectratio align="center" aligny="bottom">stretch</aspectratio>
						</control>
						<control type="image">
							<!-- Codec -->
							<posx>132</posx>
							<posy>-18</posy>
							<width>75</width>
							<height>75</height>
							<align>center</align>
							<aligny>center</aligny>
							<aspectratio>keep</aspectratio>
							<texture>$VAR[value_videocodec0]</texture>
						</control>
						<control type="image">
							<posx>244</posx>
							<posy>36</posy>
							<width>52</width>
							<height>52</height>
							<texture>$VAR[value_watchedstyle]</texture>
							<colordiffuse>$VAR[value_watchedcolor]</colordiffuse>
							<visible>!Skin.HasSetting(nooverlays) + String.IsEqual(ListItem.Overlay,OverlayWatched.png)</visible>
						</control>
					</control>
				</itemlayout>
				<focusedlayout condition="[[Container.Content(movies) | Container.Content(musicvideos)] + Skin.HasSetting(nowallvideocase) | Container.Content(tvshows) | Container.Content(seasons) | Container.Content(genres) | Container.Content(addons)] + String.Contains(skin.string(wallvideogrid),default)" width="148" height="207">
					<!-- POSTER SEM ESTOJO - tamanho normal -->
					<control type="group">
						<!-- CDART VIDEO -->
						<animation type="WindowOpen">
							<effect type="slide" start="-63,0" end="0,0" time="500" delay="500" tween="cubic" easing="out" />
							<effect type="fade" start="0" end="100" time="500" delay="500" />
						</animation>
						<animation type="Focus">
							<effect type="slide" start="-63,0" end="0,0" time="500" delay="500" tween="cubic" easing="out" />
							<effect type="fade" start="0" end="100" time="500" delay="500" />
						</animation>
						<animation effect="fade" start="100" end="0" time="200">WindowClose</animation>
						<animation type="Unfocus">
							<effect type="slide" start="0,0" end="-63,0" time="300" tween="cubic" easing="out" />
							<effect type="fade" start="100" end="0" time="200" />
						</animation>
						<visible>![String.IsEmpty(ListItem.Art(discart)) | Skin.HasSetting(nowalldiscart_video) | ListItem.IsCollection] + Window.IsActive(videos)</visible>
						<control type="image">
							<posx>63</posx>
							<posy>15</posy>
							<width>165</width>
							<height>165</height>
							<texture diffuse="cdart_diffuse.png" background="true">$INFO[ListItem.Art(discart)]</texture>
							<fadetime>FanartCrossFadeTime</fadetime>
							<aspectratio align="center" aligny="center">keep</aspectratio>
							<animation effect="rotate" start="0" end="-360" center="auto" time="40000" delay="5000" loop="true" reversible="false" condition="!Player.HasVideo">Conditional</animation>
							<include>Animation_ViewsCDart</include>
						</control>
					</control>
					<control type="image">
						<posx>3</posx>
						<posy>3</posy>
						<width>141</width>
						<height>201</height>
						<texture fallback="DefaultVideoPoster.png" background="true">$VAR[value_poster]</texture>
						<bordertexture border="-2">grey.png</bordertexture>
						<aspectratio align="center">stretch</aspectratio>
						<animation type="Focus" reversible="false">
							<effect type="zoom" center="auto" start="80" end="100" time="400" tween="back" easing="out" />
							<effect type="fade" start="80" end="100" time="400" />
						</animation>
					</control>
					<control type="image">
						<posx>110</posx>
						<posy>1</posy>
						<width>38</width>
						<height>38</height>
						<texture>$VAR[value_watchedstyle]</texture>
						<colordiffuse>$VAR[value_watchedcolor]</colordiffuse>
						<animation type="Focus" reversible="false">
							<effect type="zoom" center="90,90" start="80" end="100" time="400" tween="back" easing="out" />
							<effect type="fade" start="80" end="100" time="400" />
						</animation>
						<visible>!Skin.HasSetting(nooverlays) + String.IsEqual(ListItem.Overlay,OverlayWatched.png)</visible>
					</control>
				</focusedlayout>
				<focusedlayout condition="[[Container.Content(movies) | Container.Content(musicvideos)] + Skin.HasSetting(nowallvideocase) | Container.Content(tvshows) | Container.Content(seasons) | Container.Content(genres) | Container.Content(addons)] + String.Contains(skin.string(wallvideogrid),mid)" width="192" height="276">
					<!-- POSTER SEM ESTOJO - tamanho medio -->
					<control type="group">
						<!-- CDART VIDEO -->
						<animation type="WindowOpen">
							<effect type="slide" start="-81,0" end="0,0" time="500" delay="500" tween="cubic" easing="out" />
							<effect type="fade" start="0" end="100" time="500" delay="500" />
						</animation>
						<animation type="Focus">
							<effect type="slide" start="-81,0" end="0,0" time="500" delay="500" tween="cubic" easing="out" />
							<effect type="fade" start="0" end="100" time="500" delay="500" />
						</animation>
						<animation effect="fade" start="100" end="0" time="200">WindowClose</animation>
						<animation type="Unfocus">
							<effect type="slide" start="0,0" end="-81,0" time="300" tween="cubic" easing="out" />
							<effect type="fade" start="100" end="0" time="200" />
						</animation>
						<visible>![String.IsEmpty(ListItem.Art(discart)) | Skin.HasSetting(nowalldiscart_video) | ListItem.IsCollection] + Window.IsActive(videos)</visible>
						<control type="image">
							<posx>81</posx>
							<posy>15</posy>
							<width>218</width>
							<height>218</height>
							<texture diffuse="cdart_diffuse.png" background="true">$INFO[ListItem.Art(discart)]</texture>
							<fadetime>FanartCrossFadeTime</fadetime>
							<aspectratio align="center" aligny="center">keep</aspectratio>
							<animation effect="rotate" start="0" end="-360" center="auto" time="40000" delay="5000" loop="true" reversible="false" condition="!Player.HasVideo">Conditional</animation>
							<include>Animation_ViewsCDart</include>
						</control>
					</control>
					<control type="image">
						<posx>3</posx>
						<posy>3</posy>
						<width>186</width>
						<height>262</height>
						<texture fallback="DefaultVideoPoster.png" background="true">$VAR[value_poster]</texture>
						<bordertexture border="-2">grey.png</bordertexture>
						<aspectratio align="center">stretch</aspectratio>
						<animation type="Focus" reversible="false">
							<effect type="zoom" center="auto" start="80" end="100" time="400" tween="back" easing="out" />
							<effect type="fade" start="80" end="100" time="400" />
						</animation>
					</control>
					<control type="image">
						<posx>158</posx>
						<posy>-3</posy>
						<width>38</width>
						<height>38</height>
						<texture>$VAR[value_watchedstyle]</texture>
						<colordiffuse>$VAR[value_watchedcolor]</colordiffuse>
						<animation type="Focus" reversible="false">
							<effect type="zoom" center="90,90" start="80" end="100" time="400" tween="back" easing="out" />
							<effect type="fade" start="80" end="100" time="400" />
						</animation>
						<visible>!Skin.HasSetting(nooverlays) + String.IsEqual(ListItem.Overlay,OverlayWatched.png)</visible>
					</control>
				</focusedlayout>
				<focusedlayout condition="[[Container.Content(movies) | Container.Content(musicvideos)] + Skin.HasSetting(nowallvideocase) | Container.Content(tvshows) | Container.Content(seasons) | Container.Content(genres) | Container.Content(addons)] + String.Contains(skin.string(wallvideogrid),big)" width="315" height="414">
					<!-- POSTER SEM ESTOJO - tamanho grande -->
					<control type="group">
						<!-- CDART VIDEO -->
						<animation type="WindowOpen">
							<effect type="slide" start="-140,0" end="0,0" time="500" delay="500" tween="cubic" easing="out" />
							<effect type="fade" start="0" end="100" time="500" delay="500" />
						</animation>
						<animation type="Focus">
							<effect type="slide" start="-140,0" end="0,0" time="500" delay="500" tween="cubic" easing="out" />
							<effect type="fade" start="0" end="100" time="500" delay="500" />
						</animation>
						<animation effect="fade" start="100" end="0" time="200">WindowClose</animation>
						<animation type="Unfocus">
							<effect type="slide" start="0,0" end="-140,0" time="300" tween="cubic" easing="out" />
							<effect type="fade" start="100" end="0" time="200" />
						</animation>
						<visible>![String.IsEmpty(ListItem.Art(discart)) | Skin.HasSetting(nowalldiscart_video) | ListItem.IsCollection] + Window.IsActive(videos)</visible>
						<control type="image">
							<posx>140</posx>
							<posy>30</posy>
							<width>345</width>
							<height>345</height>
							<texture diffuse="cdart_diffuse.png" background="true">$INFO[ListItem.Art(discart)]</texture>
							<fadetime>FanartCrossFadeTime</fadetime>
							<aspectratio align="center" aligny="center">keep</aspectratio>
							<animation effect="rotate" start="0" end="-360" center="auto" time="40000" delay="5000" loop="true" reversible="false" condition="!Player.HasVideo">Conditional</animation>
							<include>Animation_ViewsCDart</include>
						</control>
					</control>
					<control type="image">
						<posx>27</posx>
						<posy>3</posy>
						<width>290</width>
						<height>408</height>
						<texture fallback="DefaultVideoPoster.png" background="true">$VAR[value_poster]</texture>
						<bordertexture border="-2">grey.png</bordertexture>
						<aspectratio align="center">stretch</aspectratio>
						<animation type="Focus" reversible="false">
							<effect type="zoom" center="auto" start="80" end="100" time="400" tween="back" easing="out" />
							<effect type="fade" start="80" end="100" time="400" />
						</animation>
					</control>
					<control type="image">
						<posx>270</posx>
						<posy>-2</posy>
						<width>52</width>
						<height>52</height>
						<texture>$VAR[value_watchedstyle]</texture>
						<colordiffuse>$VAR[value_watchedcolor]</colordiffuse>
						<animation type="Focus" reversible="false">
							<effect type="zoom" center="90,90" start="80" end="100" time="400" tween="back" easing="out" />
							<effect type="fade" start="80" end="100" time="400" />
						</animation>
						<visible>!Skin.HasSetting(nooverlays) + String.IsEqual(ListItem.Overlay,OverlayWatched.png)</visible>
					</control>
				</focusedlayout>
				<focusedlayout condition="[Container.Content(movies) | Container.Content(musicvideos)] + !Skin.HasSetting(nowallvideocase) + String.Contains(skin.string(wallvideogrid),default)" width="174" height="276">
					<!-- POSTER ESTOJO - tamanho normal -->
					<control type="group">
						<!-- CDART VIDEO -->
						<animation type="WindowOpen">
							<effect type="slide" start="-56,0" end="0,0" time="500" delay="500" tween="cubic" easing="out" />
							<effect type="fade" start="0" end="100" time="500" delay="500" />
						</animation>
						<animation type="Focus">
							<effect type="slide" start="-56,0" end="0,0" time="500" delay="500" tween="cubic" easing="out" />
							<effect type="fade" start="0" end="100" time="500" delay="500" />
						</animation>
						<animation effect="fade" start="100" end="0" time="200">WindowClose</animation>
						<animation type="Unfocus">
							<effect type="slide" start="0,0" end="-56,0" time="300" tween="cubic" easing="out" />
							<effect type="fade" start="100" end="0" time="200" />
						</animation>
						<visible>![[String.IsEmpty(ListItem.Art(discart)) + String.IsEmpty(ListItem.Art(poster))] | Skin.HasSetting(nowalldiscart_video) | ListItem.IsCollection] + Window.IsActive(videos)</visible>
						<control type="image">
							<posx>56</posx>
							<posy>18</posy>
							<width>225</width>
							<height>225</height>
							<texture diffuse="cdart_diffuse.png" background="true">$INFO[ListItem.Art(discart)]</texture>
							<fadetime>FanartCrossFadeTime</fadetime>
							<aspectratio align="center" aligny="center">keep</aspectratio>
							<animation effect="rotate" start="0" end="-360" center="auto" time="40000" delay="5000" loop="true" reversible="false" condition="!Player.HasVideo">Conditional</animation>
							<include>Animation_ViewsCDart</include>
							<visible>!String.IsEmpty(ListItem.Art(discart))</visible>
						</control>
						<control type="image">
							<posx>56</posx>
							<posy>18</posy>
							<width>225</width>
							<height>225</height>
							<texture diffuse="cdart_diffuse.png" background="true">$INFO[ListItem.Art(poster)]</texture>
							<fadetime>FanartCrossFadeTime</fadetime>
							<aspectratio scalediffuse="false" align="center" aligny="center">scale</aspectratio>
							<animation effect="rotate" start="0" end="-360" center="auto" time="40000" delay="5000" loop="true" reversible="false" condition="!Player.HasVideo">Conditional</animation>
							<include>Animation_ViewsCDart</include>
							<visible>String.IsEmpty(ListItem.Art(discart))</visible>
						</control>
					</control>
					<control type="image">
						<posx>6</posx>
						<posy>27</posy>
						<width>170</width>
						<height>237</height>
						<texture fallback="DefaultVideoPoster.png" background="true">$VAR[value_poster]</texture>
						<aspectratio align="center">stretch</aspectratio>
						<animation type="Focus" reversible="false">
							<effect type="zoom" center="auto" start="80" end="100" time="400" tween="back" easing="out" />
							<effect type="fade" start="80" end="100" time="400" />
						</animation>
					</control>
					<control type="image">
						<!-- Estojo -->
						<posx>-9</posx>
						<posy>-8</posy>
						<width>202</width>
						<height>296</height>
						<texture>$VAR[value_videocase0]</texture>
						<aspectratio align="center" aligny="bottom">stretch</aspectratio>
						<animation type="Focus" reversible="false">
							<effect type="zoom" center="auto" start="80" end="100" time="400" tween="back" easing="out" />
							<effect type="fade" start="80" end="100" time="400" />
						</animation>
					</control>
					<control type="image">
						<!-- Codec -->
						<posx>64</posx>
						<posy>-6</posy>
						<width>51</width>
						<height>51</height>
						<align>center</align>
						<aligny>center</aligny>
						<aspectratio>keep</aspectratio>
						<texture>$VAR[value_videocodec0]</texture>
						<animation type="Focus" reversible="false">
							<effect type="zoom" center="90,135" start="80" end="100" time="400" tween="back" easing="out" />
							<effect type="fade" start="80" end="100" time="400" />
						</animation>
					</control>
					<control type="image">
						<posx>134</posx>
						<posy>30</posy>
						<width>38</width>
						<height>38</height>
						<texture>$VAR[value_watchedstyle]</texture>
						<colordiffuse>$VAR[value_watchedcolor]</colordiffuse>
						<animation type="Focus" reversible="false">
							<effect type="zoom" center="105,105" start="80" end="100" time="400" tween="back" easing="out" />
							<effect type="fade" start="80" end="100" time="400" />
						</animation>
						<visible>!Skin.HasSetting(nooverlays) + String.IsEqual(ListItem.Overlay,OverlayWatched.png)</visible>
					</control>
				</focusedlayout>
				<focusedlayout condition="[Container.Content(movies) | Container.Content(musicvideos)] + !Skin.HasSetting(nowallvideocase) + String.Contains(skin.string(wallvideogrid),mid)" width="191" height="278">
					<!-- POSTER ESTOJO - tamanho medio -->
					<control type="group">
						<!-- CDART VIDEO -->
						<animation type="WindowOpen">
							<effect type="slide" start="-68,0" end="0,0" time="500" delay="500" tween="cubic" easing="out" />
							<effect type="fade" start="0" end="100" time="500" delay="500" />
						</animation>
						<animation type="Focus">
							<effect type="slide" start="-68,0" end="0,0" time="500" delay="500" tween="cubic" easing="out" />
							<effect type="fade" start="0" end="100" time="500" delay="500" />
						</animation>
						<animation effect="fade" start="100" end="0" time="200">WindowClose</animation>
						<animation type="Unfocus">
							<effect type="slide" start="0,0" end="-68,0" time="300" tween="cubic" easing="out" />
							<effect type="fade" start="100" end="0" time="200" />
						</animation>
						<visible>![String.IsEmpty(ListItem.Art(discart)) | Skin.HasSetting(nowalldiscart_video) | ListItem.IsCollection] + Window.IsActive(videos)</visible>
						<control type="image">
							<posx>68</posx>
							<posy>12</posy>
							<width>240</width>
							<height>240</height>
							<texture diffuse="cdart_diffuse.png" background="true">$INFO[ListItem.Art(discart)]</texture>
							<fadetime>FanartCrossFadeTime</fadetime>
							<aspectratio align="center" aligny="center">keep</aspectratio>
							<animation effect="rotate" start="0" end="-360" center="auto" time="40000" delay="5000" loop="true" reversible="false" condition="!Player.HasVideo">Conditional</animation>
							<include>Animation_ViewsCDart</include>
						</control>
					</control>
					<control type="image">
						<posx>6</posx>
						<posy>22</posy>
						<width>186</width>
						<height>248</height>
						<texture fallback="DefaultVideoPoster.png" background="true">$VAR[value_poster]</texture>
						<aspectratio align="center">stretch</aspectratio>
						<animation type="Focus" reversible="false">
							<effect type="zoom" center="auto" start="80" end="100" time="400" tween="back" easing="out" />
							<effect type="fade" start="80" end="100" time="400" />
						</animation>
					</control>
					<control type="image">
						<!-- Estojo -->
						<posx>-9</posx>
						<posy>-15</posy>
						<width>225</width>
						<height>308</height>
						<texture>$VAR[value_videocase0]</texture>
						<aspectratio align="center" aligny="bottom">stretch</aspectratio>
						<animation type="Focus" reversible="false">
							<effect type="zoom" center="auto" start="80" end="100" time="400" tween="back" easing="out" />
							<effect type="fade" start="80" end="100" time="400" />
						</animation>
					</control>
					<control type="image">
						<!-- Codec -->
						<posx>75</posx>
						<posy>-12</posy>
						<width>51</width>
						<height>51</height>
						<align>center</align>
						<aligny>center</aligny>
						<aspectratio>keep</aspectratio>
						<texture>$VAR[value_videocodec0]</texture>
						<animation type="Focus" reversible="false">
							<effect type="zoom" center="90,135" start="80" end="100" time="400" tween="back" easing="out" />
							<effect type="fade" start="80" end="100" time="400" />
						</animation>
					</control>
					<control type="image">
						<posx>152</posx>
						<posy>26</posy>
						<width>38</width>
						<height>38</height>
						<texture>$VAR[value_watchedstyle]</texture>
						<colordiffuse>$VAR[value_watchedcolor]</colordiffuse>
						<animation type="Focus" reversible="false">
							<effect type="zoom" center="105,105" start="80" end="100" time="400" tween="back" easing="out" />
							<effect type="fade" start="80" end="100" time="400" />
						</animation>
						<visible>!Skin.HasSetting(nooverlays) + String.IsEqual(ListItem.Overlay,OverlayWatched.png)</visible>
					</control>
				</focusedlayout>
				<focusedlayout condition="[Container.Content(movies) | Container.Content(musicvideos)] + !Skin.HasSetting(nowallvideocase) + String.Contains(skin.string(wallvideogrid),big)" width="315" height="414">
					<!-- POSTER ESTOJO - tamanho grande -->
					<control type="group">
						<!-- CDART VIDEO -->
						<animation type="WindowOpen">
							<effect type="slide" start="-114,0" end="0,0" time="500" delay="500" tween="cubic" easing="out" />
							<effect type="fade" start="0" end="100" time="500" delay="500" />
						</animation>
						<animation type="Focus">
							<effect type="slide" start="-114,0" end="0,0" time="500" delay="500" tween="cubic" easing="out" />
							<effect type="fade" start="0" end="100" time="500" delay="500" />
						</animation>
						<animation effect="fade" start="100" end="0" time="200">WindowClose</animation>
						<animation type="Unfocus">
							<effect type="slide" start="0,0" end="-114,0" time="300" tween="cubic" easing="out" />
							<effect type="fade" start="100" end="0" time="200" />
						</animation>
						<visible>![String.IsEmpty(ListItem.Art(discart)) | Skin.HasSetting(nowalldiscart_video) | ListItem.IsCollection] + Window.IsActive(videos)</visible>
						<control type="image">
							<posx>114</posx>
							<posy>20</posy>
							<width>360</width>
							<height>360</height>
							<texture diffuse="cdart_diffuse.png" background="true">$INFO[ListItem.Art(discart)]</texture>
							<fadetime>FanartCrossFadeTime</fadetime>
							<aspectratio align="center" aligny="center">keep</aspectratio>
							<animation effect="rotate" start="0" end="-360" center="auto" time="40000" delay="5000" loop="true" reversible="false" condition="!Player.HasVideo">Conditional</animation>
							<include>Animation_ViewsCDart</include>
						</control>
					</control>
					<control type="image">
						<posx>36</posx>
						<posy>38</posy>
						<width>262</width>
						<height>366</height>
						<texture fallback="DefaultVideoPoster.png" background="true">$VAR[value_poster]</texture>
						<aspectratio align="center">stretch</aspectratio>
						<animation type="Focus" reversible="false">
							<effect type="zoom" center="auto" start="80" end="100" time="400" tween="back" easing="out" />
							<effect type="fade" start="80" end="100" time="400" />
						</animation>
					</control>
					<control type="image">
						<!-- Estojo -->
						<posx>12</posx>
						<posy>-22</posy>
						<width>322</width>
						<height>462</height>
						<texture>$VAR[value_videocase0]</texture>
						<aspectratio align="center" aligny="bottom">stretch</aspectratio>
						<animation type="Focus" reversible="false">
							<effect type="zoom" center="auto" start="80" end="100" time="400" tween="back" easing="out" />
							<effect type="fade" start="80" end="100" time="400" />
						</animation>
					</control>
					<control type="image">
						<!-- Codec -->
						<posx>132</posx>
						<posy>-18</posy>
						<width>75</width>
						<height>75</height>
						<align>center</align>
						<aligny>center</aligny>
						<aspectratio>keep</aspectratio>
						<texture>$VAR[value_videocodec0]</texture>
						<animation type="Focus" reversible="false">
							<effect type="zoom" center="90,165" start="80" end="100" time="400" tween="back" easing="out" />
							<effect type="fade" start="80" end="100" time="400" />
						</animation>
					</control>
					<control type="image">
						<posx>244</posx>
						<posy>36</posy>
						<width>52</width>
						<height>52</height>
						<texture>$VAR[value_watchedstyle]</texture>
						<colordiffuse>$VAR[value_watchedcolor]</colordiffuse>
						<animation type="Focus" reversible="false">
							<effect type="zoom" center="105,105" start="80" end="100" time="400" tween="back" easing="out" />
							<effect type="fade" start="80" end="100" time="400" />
						</animation>
						<visible>!Skin.HasSetting(nooverlays) + String.IsEqual(ListItem.Overlay,OverlayWatched.png)</visible>
					</control>
				</focusedlayout>
			</control>
			<control type="group">
				<!-- plot tamanho normal sem estojo -->
				<animation effect="slide" start="0,0" end="-98,0" time="500" delay="500" tween="cubic" easing="out" condition="Container(56).Column(12) + Window.IsActive(videos) + ![String.IsEmpty(ListItem.Art(discart)) | Skin.HasSetting(nowalldiscart_video) | ListItem.IsCollection]">Conditional</animation>
				<animation effect="slide" start="0,0" end="80,0" time="500" delay="500" tween="cubic" easing="out" condition="[Container(56).Column(0) | Container(56).Column(1) | Container(56).Column(2) | Container(56).Column(3) | Container(56).Column(4) | Container(56).Column(5) | Container(56).Column(6)] + Window.IsActive(videos) + ![String.IsEmpty(ListItem.Art(discart)) | Skin.HasSetting(nowalldiscart_video) | ListItem.IsCollection]">Conditional</animation>
				<animation effect="slide" start="0,0" end="165,0" time="0" condition="Container(56).Column(0)">Conditional</animation>
				<animation effect="slide" start="0,0" end="312,0" time="0" condition="Container(56).Column(1)">Conditional</animation>
				<animation effect="slide" start="0,0" end="460,0" time="0" condition="Container(56).Column(2)">Conditional</animation>
				<animation effect="slide" start="0,0" end="608,0" time="0" condition="Container(56).Column(3)">Conditional</animation>
				<animation effect="slide" start="0,0" end="756,0" time="0" condition="Container(56).Column(4)">Conditional</animation>
				<animation effect="slide" start="0,0" end="903,0" time="0" condition="Container(56).Column(5)">Conditional</animation>
				<animation effect="slide" start="0,0" end="1052,0" time="0" condition="Container(56).Column(6)">Conditional</animation>
				<animation effect="slide" start="0,0" end="270,0" time="0" condition="Container(56).Column(7)">Conditional</animation>
				<animation effect="slide" start="0,0" end="417,0" time="0" condition="Container(56).Column(8)">Conditional</animation>
				<animation effect="slide" start="0,0" end="564,0" time="0" condition="Container(56).Column(9)">Conditional</animation>
				<animation effect="slide" start="0,0" end="712,0" time="0" condition="Container(56).Column(10)">Conditional</animation>
				<animation effect="slide" start="0,0" end="861,0" time="0" condition="Container(56).Column(11)">Conditional</animation>
				<animation effect="slide" start="0,0" end="1008,0" time="0" condition="Container(56).Column(12)">Conditional</animation>
				<animation effect="slide" start="0,0" end="0,128" time="0" condition="Container(56).Row(0)">Conditional</animation>
				<animation effect="slide" start="0,0" end="0,334" time="0" condition="Container(56).Row(1)">Conditional</animation>
				<animation effect="slide" start="0,0" end="0,542" time="0" condition="Container(56).Row(2)">Conditional</animation>
				<animation effect="slide" start="0,0" end="0,748" time="0" condition="Container(56).Row(3)">Conditional</animation>
				<include>Wall_Plot</include>
				<visible>[String.Contains(skin.string(wallvideogrid),default) + Skin.HasSetting(nowallvideocase) + !String.IsEqual(ListItem.Label,..)] + [Container.Content(movies) | Container.Content(musicvideos)] | String.Contains(skin.string(wallvideogrid),default) + !String.IsEqual(ListItem.Label,..) + ![Container.Content(movies) | Container.Content(musicvideos)]</visible>
				<control type="image">
					<posx>0</posx>
					<posy>8</posy>
					<width>750</width>
					<height>38</height>
					<texture>gradient_focus.png</texture>
					<colordiffuse>$VAR[value_headercolor]</colordiffuse>
				</control>
				<control type="label">
					<posx>0</posx>
					<posy>0</posy>
					<width>750</width>
					<height>22</height>
					<textcolor>FFFFFAF0</textcolor>
					<label>$VAR[value_glasslistinfofocus]</label>
					<font>Font_18A</font>
					<scroll>true</scroll>
					<visible>!String.IsEqual(ListItem.Label,..)</visible>
				</control>
				<control type="image">
					<posx>0</posx>
					<posy>38</posy>
					<width>750</width>
					<height>3</height>
					<align>left</align>
					<texture flipx="true">divider.png</texture>
				</control>
				<control type="textbox">
					<posx>0</posx>
					<posy>45</posy>
					<width>750</width>
					<height>170</height>
					<label>$VAR[value_plot]</label>
					<font>Font_18A</font>
					<autoscroll delay="10000" time="4000" repeat="8000">!Skin.HasSetting(noallowscroll)</autoscroll>
				</control>
			</control>
			<control type="group">
				<!-- plot tamanho normal com estojo -->
				<animation effect="slide" start="0,0" end="-120,0" time="500" delay="500" tween="cubic" easing="out" condition="Container(56).Column(10) + Window.IsActive(videos) + ![String.IsEmpty(ListItem.Art(discart)) | Skin.HasSetting(nowalldiscart_video) | ListItem.IsCollection]">Conditional</animation>
				<animation effect="slide" start="0,0" end="98,0" time="500" delay="500" tween="cubic" easing="out" condition="[Container(56).Column(0) | Container(56).Column(1) | Container(56).Column(2) | Container(56).Column(3) | Container(56).Column(4) | Container(56).Column(5)] + Window.IsActive(videos) + ![String.IsEmpty(ListItem.Art(discart)) | Skin.HasSetting(nowalldiscart_video) | ListItem.IsCollection]">Conditional</animation>
				<animation effect="slide" start="0,0" end="195,0" time="0" condition="Container(56).Column(0)">Conditional</animation>
				<animation effect="slide" start="0,0" end="369,0" time="0" condition="Container(56).Column(1)">Conditional</animation>
				<animation effect="slide" start="0,0" end="543,0" time="0" condition="Container(56).Column(2)">Conditional</animation>
				<animation effect="slide" start="0,0" end="717,0" time="0" condition="Container(56).Column(3)">Conditional</animation>
				<animation effect="slide" start="0,0" end="891,0" time="0" condition="Container(56).Column(4)">Conditional</animation>
				<animation effect="slide" start="0,0" end="1065,0" time="0" condition="Container(56).Column(5)">Conditional</animation>
				<animation effect="slide" start="0,0" end="352,0" time="0" condition="Container(56).Column(6)">Conditional</animation>
				<animation effect="slide" start="0,0" end="526,0" time="0" condition="Container(56).Column(7)">Conditional</animation>
				<animation effect="slide" start="0,0" end="700,0" time="0" condition="Container(56).Column(8)">Conditional</animation>
				<animation effect="slide" start="0,0" end="874,0" time="0" condition="Container(56).Column(9)">Conditional</animation>
				<animation effect="slide" start="0,0" end="1048,0" time="0" condition="Container(56).Column(10)">Conditional</animation>
				<animation effect="slide" start="0,0" end="0,135" time="0" condition="Container(56).Row(0)">Conditional</animation>
				<animation effect="slide" start="0,0" end="0,411" time="0" condition="Container(56).Row(1)">Conditional</animation>
				<animation effect="slide" start="0,0" end="0,687" time="0" condition="Container(56).Row(2)">Conditional</animation>
				<include>Wall_Plot</include>
				<visible>String.Contains(skin.string(wallvideogrid),default) + ![Skin.HasSetting(nowallvideocase) | String.IsEqual(ListItem.Label,..)] + [Container.Content(movies) | Container.Content(musicvideos)]</visible>
				<control type="image">
					<posx>0</posx>
					<posy>8</posy>
					<width>675</width>
					<height>38</height>
					<texture>gradient_focus.png</texture>
					<colordiffuse>$VAR[value_headercolor]</colordiffuse>
				</control>
				<control type="label">
					<posx>0</posx>
					<posy>0</posy>
					<width>675</width>
					<height>22</height>
					<textcolor>FFFFFAF0</textcolor>
					<label>$VAR[value_glasslistinfofocus]</label>
					<font>Font_18A</font>
					<scroll>true</scroll>
					<visible>!String.IsEqual(ListItem.Label,..)</visible>
				</control>
				<control type="image">
					<posx>0</posx>
					<posy>38</posy>
					<width>675</width>
					<height>3</height>
					<align>left</align>
					<texture flipx="true">divider.png</texture>
				</control>
				<control type="textbox">
					<posx>0</posx>
					<posy>45</posy>
					<width>675</width>
					<height>234</height>
					<label>$VAR[value_plot]</label>
					<font>Font_18A</font>
					<autoscroll delay="10000" time="4000" repeat="8000">!Skin.HasSetting(noallowscroll)</autoscroll>
				</control>
			</control>
			<control type="group">
				<!-- plot tamanho medio -->
				<animation effect="slide" start="0,0" end="-128,0" time="500" delay="500" tween="cubic" easing="out" condition="Container(56).Column(9) + Window.IsActive(videos) + ![String.IsEmpty(ListItem.Art(discart)) | Skin.HasSetting(nowalldiscart_video) | ListItem.IsCollection]">Conditional</animation>
				<animation effect="slide" start="0,0" end="112,0" time="500" delay="500" tween="cubic" easing="out" condition="[Container(56).Column(0) | Container(56).Column(1) | Container(56).Column(2) | Container(56).Column(3) | Container(56).Column(4)] + Window.IsActive(videos) + ![String.IsEmpty(ListItem.Art(discart)) | Skin.HasSetting(nowalldiscart_video) | ListItem.IsCollection]">Conditional</animation>
				<animation effect="slide" start="0,0" end="210,0" time="0" condition="Container(56).Column(0)">Conditional</animation>
				<animation effect="slide" start="0,0" end="402,0" time="0" condition="Container(56).Column(1)">Conditional</animation>
				<animation effect="slide" start="0,0" end="594,0" time="0" condition="Container(56).Column(2)">Conditional</animation>
				<animation effect="slide" start="0,0" end="786,0" time="0" condition="Container(56).Column(3)">Conditional</animation>
				<animation effect="slide" start="0,0" end="978,0" time="0" condition="Container(56).Column(4)">Conditional</animation>
				<animation effect="slide" start="0,0" end="188,0" time="0" condition="Container(56).Column(5)">Conditional</animation>
				<animation effect="slide" start="0,0" end="380,0" time="0" condition="Container(56).Column(6)">Conditional</animation>
				<animation effect="slide" start="0,0" end="572,0" time="0" condition="Container(56).Column(7)">Conditional</animation>
				<animation effect="slide" start="0,0" end="764,0" time="0" condition="Container(56).Column(8)">Conditional</animation>
				<animation effect="slide" start="0,0" end="956,0" time="0" condition="Container(56).Column(9)">Conditional</animation>
				<animation effect="slide" start="0,0" end="0,130" time="0" condition="Container(56).Row(0)">Conditional</animation>
				<animation effect="slide" start="0,0" end="0,406" time="0" condition="Container(56).Row(1)">Conditional</animation>
				<animation effect="slide" start="0,0" end="0,682" time="0" condition="Container(56).Row(2)">Conditional</animation>
				<include>Wall_Plot</include>
				<visible>String.Contains(skin.string(wallvideogrid),mid) + !String.IsEqual(ListItem.Label,..)</visible>
				<control type="image">
					<posx>0</posx>
					<posy>8</posy>
					<width>750</width>
					<height>38</height>
					<texture>gradient_focus.png</texture>
					<colordiffuse>$VAR[value_headercolor]</colordiffuse>
				</control>
				<control type="label">
					<posx>0</posx>
					<posy>0</posy>
					<width>750</width>
					<height>22</height>
					<textcolor>FFFFFAF0</textcolor>
					<label>$VAR[value_glasslistinfofocus]</label>
					<font>Font_18A</font>
					<scroll>true</scroll>
					<visible>!String.IsEqual(ListItem.Label,..)</visible>
				</control>
				<control type="image">
					<posx>0</posx>
					<posy>38</posy>
					<width>750</width>
					<height>3</height>
					<align>left</align>
					<texture flipx="true">divider.png</texture>
				</control>
				<control type="textbox">
					<posx>0</posx>
					<posy>45</posy>
					<width>750</width>
					<height>234</height>
					<label>$VAR[value_plot]</label>
					<font>Font_18A</font>
					<autoscroll delay="8000" time="4000" repeat="8000">!Skin.HasSetting(noallowscroll)</autoscroll>
				</control>
			</control>
			<control type="group">
				<!-- plot tamanho grande -->
				<animation effect="slide" start="0,0" end="-165,0" time="500" delay="500" tween="cubic" easing="out" condition="Container(56).Column(5) + Window.IsActive(videos) + ![String.IsEmpty(ListItem.Art(discart)) | Skin.HasSetting(nowalldiscart_video) | ListItem.IsCollection]">Conditional</animation>
				<animation effect="slide" start="0,0" end="165,0" time="500" delay="500" tween="cubic" easing="out" condition="[Container(56).Column(0) | Container(56).Column(1) | Container(56).Column(2)] + Window.IsActive(videos) + ![String.IsEmpty(ListItem.Art(discart)) | Skin.HasSetting(nowalldiscart_video) | ListItem.IsCollection]">Conditional</animation>
				<animation effect="slide" start="0,0" end="338,0" time="0" condition="Container(56).Column(0)">Conditional</animation>
				<animation effect="slide" start="0,0" end="652,0" time="0" condition="Container(56).Column(1)">Conditional</animation>
				<animation effect="slide" start="0,0" end="968,0" time="0" condition="Container(56).Column(2)">Conditional</animation>
				<animation effect="slide" start="0,0" end="255,0" time="0" condition="Container(56).Column(3)">Conditional</animation>
				<animation effect="slide" start="0,0" end="570,0" time="0" condition="Container(56).Column(4)">Conditional</animation>
				<animation effect="slide" start="0,0" end="885,0" time="0" condition="Container(56).Column(5)">Conditional</animation>
				<animation effect="slide" start="0,0" end="0,128" time="0" condition="Container(56).Row(0)">Conditional</animation>
				<animation effect="slide" start="0,0" end="0,542" time="0" condition="Container(56).Row(1)">Conditional</animation>
				<include>Wall_Plot</include>
				<visible>String.Contains(skin.string(wallvideogrid),big) + !String.IsEqual(ListItem.Label,..)</visible>
				<control type="image">
					<posx>0</posx>
					<posy>8</posy>
					<width>690</width>
					<height>38</height>
					<texture>gradient_focus.png</texture>
					<colordiffuse>$VAR[value_headercolor]</colordiffuse>
				</control>
				<control type="label">
					<posx>0</posx>
					<posy>0</posy>
					<width>690</width>
					<height>22</height>
					<textcolor>FFFFFAF0</textcolor>
					<label>$VAR[value_glasslistinfofocus]</label>
					<font>Font_18A</font>
					<scroll>true</scroll>
					<visible>!String.IsEqual(ListItem.Label,..)</visible>
				</control>
				<control type="image">
					<posx>0</posx>
					<posy>38</posy>
					<width>690</width>
					<height>3</height>
					<align>left</align>
					<texture flipx="true">divider.png</texture>
				</control>
				<control type="textbox">
					<posx>0</posx>
					<posy>45</posy>
					<width>690</width>
					<height>363</height>
					<label>$VAR[value_plot]</label>
					<font>Font_18A</font>
					<autoscroll delay="8000" time="4000" repeat="8000">!Skin.HasSetting(noallowscroll)</autoscroll>
				</control>
			</control>
		</control>
	</include>
	<include name="ViewWallAudio">
		<control type="group">
			<include>ViewBack</include>
			<!-- Fundo -->
			<visible>Control.IsVisible(56)</visible>
			<control type="panel" id="56">
				<viewtype label="31805">Panel</viewtype>
				<posx>0</posx>
				<posy>140</posy>
				<width>1928</width>
				<height>803</height>
				<onleft>9900</onleft>
				<onup>9900</onup>
				<ondown>9920</ondown>
				<orientation>vertical</orientation>
				<pagecontrol></pagecontrol>
				<visible>Window.IsActive(musicplaylist) | Window.IsActive(music)</visible>
				<itemlayout condition="String.Contains(skin.string(wallmusicgrid),default) + ![Container.Content(albums) + !Skin.HasSetting(nowallaudiocase)]" width="160" height="160">
					<!-- tamanho normal -->
					<control type="image">
						<posx>3</posx>
						<posy>3</posy>
						<width>154</width>
						<height>154</height>
						<texture fallback="DefaultAudioCover.png" background="true">$VAR[value_poster]</texture>
						<bordertexture border="-2">black.png</bordertexture>
						<aspectratio align="center">stretch</aspectratio>
						<visible>![Container.Content(genres) | Container.Content(roles) | Container.Content(sources) | String.IsEqual(Container.FolderName,roles)]</visible>
					</control>
					<control type="image">
						<posx>3</posx>
						<posy>3</posy>
						<width>154</width>
						<height>154</height>
						<texture fallback="DefaultAudioCover.png" diffuse="thumb_poster_diffuse.png" background="true">genres/256.png</texture>
						<bordertexture border="-2">black.png</bordertexture>
						<aspectratio align="center">keep</aspectratio>
						<visible>Container.Content(genres) | Container.Content(roles) | Container.Content(sources) | String.IsEqual(Container.FolderName,roles)</visible>
					</control>
					<control type="label">
						<posx>10</posx>
						<posy>10</posy>
						<width>140</width>
						<height>140</height>
						<font>Font_18A</font>
						<wrapmultiline>true</wrapmultiline>
						<textcolor>FFFFFAF0</textcolor>
						<align>center</align>
						<aligny>center</aligny>
						<label>$INFO[ListItem.Label]</label>
						<visible>Container.Content(genres) | Container.Content(roles) | Container.Content(sources) | String.IsEqual(Container.FolderName,roles)</visible>
					</control>
				</itemlayout>
				<itemlayout condition="String.Contains(skin.string(wallmusicgrid),default) + [Container.Content(albums) + !Skin.HasSetting(nowallaudiocase)]" width="160" height="160">
					<!-- tamanho normal -->
					<control type="image">
						<posx>3</posx>
						<posy>3</posy>
						<width>154</width>
						<height>154</height>
						<texture>thumb_box_cd.png</texture>
						<aspectratio align="center">stretch</aspectratio>
					</control>
					<control type="image">
						<posx>26</posx>
						<posy>8</posy>
						<width>126</width>
						<height>142</height>
						<texture diffuse="thumb_box_diffuse.png" fallback="DefaultAudioCover.png" background="true">$VAR[value_poster]</texture>
						<aspectratio align="center">stretch</aspectratio>
					</control>
				</itemlayout>
				<itemlayout condition="String.Contains(skin.string(wallmusicgrid),mid) + ![Container.Content(albums) + !Skin.HasSetting(nowallaudiocase)]" width="273" height="276">
					<!-- tamanho medio -->
					<control type="image">
						<posx>8</posx>
						<posy>3</posy>
						<width>254</width>
						<height>254</height>
						<texture fallback="DefaultAudioCover.png" background="true">$VAR[value_poster]</texture>
						<bordertexture border="-2">black.png</bordertexture>
						<aspectratio align="center">stretch</aspectratio>
						<visible>![Container.Content(genres) | Container.Content(roles) | Container.Content(sources) | String.IsEqual(Container.FolderName,roles)]</visible>
					</control>
					<control type="image">
						<posx>8</posx>
						<posy>3</posy>
						<width>254</width>
						<height>254</height>
						<texture fallback="DefaultAudioCover.png" diffuse="thumb_poster_diffuse.png" background="true">genres/256.png</texture>
						<bordertexture border="-2">black.png</bordertexture>
						<aspectratio align="center">keep</aspectratio>
						<visible>Container.Content(genres) | Container.Content(roles) | Container.Content(sources) | String.IsEqual(Container.FolderName,roles)</visible>
					</control>
					<control type="label">
						<posx>15</posx>
						<posy>10</posy>
						<width>248</width>
						<height>248</height>
						<font>Font_18A</font>
						<wrapmultiline>true</wrapmultiline>
						<textcolor>FFFFFAF0</textcolor>
						<align>center</align>
						<aligny>center</aligny>
						<label>$INFO[ListItem.Label]</label>
						<visible>Container.Content(genres) | Container.Content(roles) | Container.Content(sources) | String.IsEqual(Container.FolderName,roles)</visible>
					</control>
				</itemlayout>
				<itemlayout condition="String.Contains(skin.string(wallmusicgrid),mid) + [Container.Content(albums) + !Skin.HasSetting(nowallaudiocase)]" width="273" height="276">
					<!-- tamanho normal -->
					<control type="image">
						<posx>3</posx>
						<posy>3</posy>
						<width>258</width>
						<height>258</height>
						<texture>thumb_box_cd.png</texture>
						<aspectratio align="center">stretch</aspectratio>
					</control>
					<control type="image">
						<posx>39</posx>
						<posy>8</posy>
						<width>212</width>
						<height>240</height>
						<texture diffuse="thumb_box_diffuse.png" fallback="DefaultAudioCover.png" background="true">$VAR[value_poster]</texture>
						<aspectratio align="center">stretch</aspectratio>
					</control>
				</itemlayout>
				<itemlayout condition="String.Contains(skin.string(wallmusicgrid),big) + ![Container.Content(albums) + !Skin.HasSetting(nowallaudiocase)]" width="482" height="414">
					<!-- tamanho grande -->
					<control type="image">
						<posx>33</posx>
						<posy>3</posy>
						<width>390</width>
						<height>390</height>
						<texture fallback="DefaultAudioCover.png" background="true">$VAR[value_poster]</texture>
						<bordertexture border="-2">black.png</bordertexture>
						<aspectratio align="center">stretch</aspectratio>
						<visible>![Container.Content(genres) | Container.Content(roles) | Container.Content(sources) | String.IsEqual(Container.FolderName,roles)]</visible>
					</control>
					<control type="image">
						<posx>33</posx>
						<posy>3</posy>
						<width>390</width>
						<height>390</height>
						<texture fallback="DefaultAudioCover.png" diffuse="thumb_poster_diffuse.png" background="true">genres/256.png</texture>
						<bordertexture border="-2">black.png</bordertexture>
						<aspectratio align="center">keep</aspectratio>
						<visible>Container.Content(genres) | Container.Content(roles) | Container.Content(sources) | Container.Content(sources) | String.IsEqual(Container.FolderName,roles)</visible>
					</control>
					<control type="label">
						<posx>40</posx>
						<posy>10</posy>
						<width>393</width>
						<height>393</height>
						<font>Font_18A</font>
						<wrapmultiline>true</wrapmultiline>
						<textcolor>FFFFFAF0</textcolor>
						<align>center</align>
						<aligny>center</aligny>
						<label>$INFO[ListItem.Label]</label>
						<visible>Container.Content(genres) | Container.Content(roles) | Container.Content(sources) | String.IsEqual(Container.FolderName,roles)</visible>
					</control>
				</itemlayout>
				<itemlayout condition="String.Contains(skin.string(wallmusicgrid),big) + [Container.Content(albums) + !Skin.HasSetting(nowallaudiocase)]" width="482" height="414">
					<!-- tamanho normal -->
					<control type="image">
						<posx>3</posx>
						<posy>3</posy>
						<width>400</width>
						<height>400</height>
						<texture>thumb_box_cd.png</texture>
						<aspectratio align="center">stretch</aspectratio>
					</control>
					<control type="image">
						<posx>58</posx>
						<posy>12</posy>
						<width>326</width>
						<height>372</height>
						<texture diffuse="thumb_box_diffuse.png" fallback="DefaultAudioCover.png" background="true">$VAR[value_poster]</texture>
						<aspectratio align="center">stretch</aspectratio>
					</control>
				</itemlayout>
				<focusedlayout condition="String.Contains(skin.string(wallmusicgrid),default) + !Container.Content(albums)" width="160" height="160">
					<!-- tamanho normal -->
					<control type="image">
						<posx>3</posx>
						<posy>3</posy>
						<width>154</width>
						<height>154</height>
						<texture fallback="DefaultAudioCover.png" background="true">$VAR[value_poster]</texture>
						<bordertexture border="-2">grey.png</bordertexture>
						<aspectratio align="center">stretch</aspectratio>
						<animation type="Focus" reversible="false">
							<effect type="zoom" center="auto" start="80" end="100" time="400" tween="back" easing="out" />
							<effect type="fade" start="80" end="100" time="400" />
						</animation>
						<visible>![Container.Content(genres) | Container.Content(roles) | Container.Content(sources) | String.IsEqual(Container.FolderName,roles)]</visible>
					</control>
					<control type="image">
						<posx>3</posx>
						<posy>3</posy>
						<width>154</width>
						<height>154</height>
						<texture fallback="DefaultAudioCover.png" diffuse="thumb_poster_diffuse.png" background="true">genres/256.png</texture>
						<bordertexture border="-2">black.png</bordertexture>
						<aspectratio align="center">keep</aspectratio>
						<animation type="Focus" reversible="false">
							<effect type="zoom" center="auto" start="80" end="100" time="400" tween="back" easing="out" />
							<effect type="fade" start="80" end="100" time="400" />
						</animation>
						<visible>Container.Content(genres) | Container.Content(roles) | Container.Content(sources) | String.IsEqual(Container.FolderName,roles)</visible>
					</control>
					<control type="label">
						<posx>10</posx>
						<posy>10</posy>
						<width>140</width>
						<height>140</height>
						<font>Font_18A</font>
						<wrapmultiline>true</wrapmultiline>
						<textcolor>FFFFFAF0</textcolor>
						<align>center</align>
						<aligny>center</aligny>
						<label>$INFO[ListItem.Label]</label>
						<animation type="Focus" reversible="false">
							<effect type="zoom" center="auto" start="80" end="100" time="400" tween="back" easing="out" />
							<effect type="fade" start="80" end="100" time="400" />
						</animation>
						<visible>Container.Content(genres) | Container.Content(roles) | Container.Content(sources) | String.IsEqual(Container.FolderName,roles)</visible>
					</control>
				</focusedlayout>
				<focusedlayout condition="String.Contains(skin.string(wallmusicgrid),default) + Container.Content(albums) + Skin.HasSetting(nowallaudiocase)" width="160" height="160">
					<!-- tamanho normal -->
					<control type="group">
						<!-- CDART Album-->
						<animation type="WindowOpen">
							<effect type="slide" start="-93,0" end="0,0" time="500" delay="500" tween="cubic" easing="out" />
							<effect type="fade" start="0" end="100" time="500" delay="500" />
						</animation>
						<animation type="Focus">
							<effect type="slide" start="-93,0" end="0,0" time="500" delay="500" tween="cubic" easing="out" />
							<effect type="fade" start="0" end="100" time="500" delay="500" />
						</animation>
						<animation effect="fade" start="100" end="0" time="200">WindowClose</animation>
						<animation type="Unfocus">
							<effect type="slide" start="0,0" end="-93,0" time="300" tween="cubic" easing="out" />
							<effect type="fade" start="100" end="0" time="200" />
						</animation>
						<visible>![String.IsEmpty(ListItem.Art(discart)) | Skin.HasSetting(nowalldiscart_audio)] + Window.IsActive(music)</visible>
						<control type="image">
							<posx>93</posx>
							<posy>13</posy>
							<width>135</width>
							<height>135</height>
							<texture diffuse="cdart_diffuse.png" background="true">$INFO[ListItem.Art(discart)]</texture>
							<fadetime>FanartCrossFadeTime</fadetime>
							<aspectratio align="center" aligny="center">keep</aspectratio>
							<animation effect="rotate" start="0" end="-360" center="auto" time="40000" delay="5000" loop="true" reversible="false" condition="!Player.HasAudio">Conditional</animation>
							<include>Animation_ViewsCDart</include>
						</control>
					</control>
					<control type="image">
						<posx>3</posx>
						<posy>3</posy>
						<width>154</width>
						<height>154</height>
						<texture fallback="DefaultAudioCover.png" background="true">$VAR[value_poster]</texture>
						<bordertexture border="-2">grey.png</bordertexture>
						<aspectratio align="center">stretch</aspectratio>
						<animation type="Focus" reversible="false">
							<effect type="zoom" center="auto" start="80" end="100" time="400" tween="back" easing="out" />
							<effect type="fade" start="80" end="100" time="400" />
						</animation>
					</control>
				</focusedlayout>
				<focusedlayout condition="String.Contains(skin.string(wallmusicgrid),default) + [Container.Content(albums) + !Skin.HasSetting(nowallaudiocase)]" width="160" height="160">
					<!-- tamanho normal -->
					<control type="group">
						<!-- CDART Album-->
						<animation type="WindowOpen">
							<effect type="slide" start="-83,0" end="0,0" time="500" delay="500" tween="cubic" easing="out" />
							<effect type="fade" start="0" end="100" time="500" delay="500" />
						</animation>
						<animation type="Focus">
							<effect type="slide" start="-83,0" end="0,0" time="500" delay="500" tween="cubic" easing="out" />
							<effect type="fade" start="0" end="100" time="500" delay="500" />
						</animation>
						<animation effect="fade" start="100" end="0" time="200">WindowClose</animation>
						<animation type="Unfocus">
							<effect type="slide" start="0,0" end="-83,0" time="300" tween="cubic" easing="out" />
							<effect type="fade" start="100" end="0" time="200" />
						</animation>
						<visible>![String.IsEmpty(ListItem.Art(discart)) | Skin.HasSetting(nowalldiscart_audio)] + Window.IsActive(music)</visible>
						<control type="image">
							<posx>83</posx>
							<posy>13</posy>
							<width>135</width>
							<height>135</height>
							<texture diffuse="cdart_diffuse.png" background="true">$INFO[ListItem.Art(discart)]</texture>
							<fadetime>FanartCrossFadeTime</fadetime>
							<aspectratio align="center" aligny="center">keep</aspectratio>
							<animation effect="rotate" start="0" end="-360" center="auto" time="40000" delay="5000" loop="true" reversible="false" condition="!Player.HasAudio">Conditional</animation>
							<include>Animation_ViewsCDart</include>
						</control>
					</control>
					<control type="image">
						<posx>3</posx>
						<posy>3</posy>
						<width>154</width>
						<height>154</height>
						<texture>thumb_box_cd.png</texture>
						<aspectratio align="center">stretch</aspectratio>
						<animation type="Focus" reversible="false">
							<effect type="zoom" center="auto" start="80" end="100" time="400" tween="back" easing="out" />
							<effect type="fade" start="80" end="100" time="400" />
						</animation>
					</control>
					<control type="image">
						<posx>26</posx>
						<posy>8</posy>
						<width>126</width>
						<height>142</height>
						<texture diffuse="thumb_box_diffuse.png" fallback="DefaultAudioCover.png" background="true">$VAR[value_poster]</texture>
						<aspectratio align="center">stretch</aspectratio>
						<animation type="Focus" reversible="false">
							<effect type="zoom" center="auto" start="80" end="100" time="400" tween="back" easing="out" />
							<effect type="fade" start="80" end="100" time="400" />
						</animation>
					</control>
				</focusedlayout>
				<focusedlayout condition="String.Contains(skin.string(wallmusicgrid),mid) + !Container.Content(albums)" width="273" height="276">
					<!-- tamanho medio -->
					<control type="image">
						<posx>8</posx>
						<posy>3</posy>
						<width>262</width>
						<height>262</height>
						<texture fallback="DefaultAudioCover.png" background="true">$VAR[value_poster]</texture>
						<bordertexture border="-2">grey.png</bordertexture>
						<aspectratio align="center">stretch</aspectratio>
						<animation type="Focus" reversible="false">
							<effect type="zoom" center="auto" start="80" end="100" time="400" tween="back" easing="out" />
							<effect type="fade" start="80" end="100" time="400" />
						</animation>
						<visible>![Container.Content(genres) | Container.Content(roles) | Container.Content(sources) | String.IsEqual(Container.FolderName,roles)]</visible>
					</control>
					<control type="image">
						<posx>8</posx>
						<posy>3</posy>
						<width>262</width>
						<height>262</height>
						<texture fallback="DefaultAudioCover.png" diffuse="thumb_poster_diffuse.png" background="true">genres/256.png</texture>
						<bordertexture border="-2">black.png</bordertexture>
						<aspectratio align="center">keep</aspectratio>
						<animation type="Focus" reversible="false">
							<effect type="zoom" center="auto" start="80" end="100" time="400" tween="back" easing="out" />
							<effect type="fade" start="80" end="100" time="400" />
						</animation>
						<visible>Container.Content(genres) | Container.Content(roles) | Container.Content(sources) | String.IsEqual(Container.FolderName,roles)</visible>
					</control>
					<control type="label">
						<posx>15</posx>
						<posy>10</posy>
						<width>248</width>
						<height>248</height>
						<font>Font_18A</font>
						<wrapmultiline>true</wrapmultiline>
						<textcolor>FFFFFAF0</textcolor>
						<align>center</align>
						<aligny>center</aligny>
						<label>$INFO[ListItem.Label]</label>
						<animation type="Focus" reversible="false">
							<effect type="zoom" center="auto" start="80" end="100" time="400" tween="back" easing="out" />
							<effect type="fade" start="80" end="100" time="400" />
						</animation>
						<visible>Container.Content(genres) | Container.Content(roles) | Container.Content(sources) | String.IsEqual(Container.FolderName,roles)</visible>
					</control>
				</focusedlayout>
				<focusedlayout condition="String.Contains(skin.string(wallmusicgrid),mid) + Container.Content(albums) + Skin.HasSetting(nowallaudiocase)" width="273" height="276">
					<!-- tamanho medio -->
					<control type="group">
						<!-- CDART Album-->
						<animation type="WindowOpen">
							<effect type="slide" start="-148,0" end="0,0" time="500" delay="500" tween="cubic" easing="out" />
							<effect type="fade" start="0" end="100" time="500" delay="500" />
						</animation>
						<animation type="Focus">
							<effect type="slide" start="-148,0" end="0,0" time="500" delay="500" tween="cubic" easing="out" />
							<effect type="fade" start="0" end="100" time="500" delay="500" />
						</animation>
						<animation effect="fade" start="100" end="0" time="200">WindowClose</animation>
						<animation type="Unfocus">
							<effect type="slide" start="0,0" end="-148,0" time="300" tween="cubic" easing="out" />
							<effect type="fade" start="100" end="0" time="200" />
						</animation>
						<visible>![String.IsEmpty(ListItem.Art(discart)) | Skin.HasSetting(nowalldiscart_audio)] + Window.IsActive(music)</visible>
						<control type="image">
							<posx>148</posx>
							<posy>12</posy>
							<width>240</width>
							<height>240</height>
							<texture diffuse="cdart_diffuse.png" background="true">$INFO[ListItem.Art(discart)]</texture>
							<fadetime>FanartCrossFadeTime</fadetime>
							<aspectratio align="center" aligny="center">keep</aspectratio>
							<animation effect="rotate" start="0" end="-360" center="auto" time="40000" delay="5000" loop="true" reversible="false" condition="!Player.HasAudio">Conditional</animation>
							<include>Animation_ViewsCDart</include>
						</control>
					</control>
					<control type="image">
						<posx>6</posx>
						<posy>3</posy>
						<width>262</width>
						<height>262</height>
						<texture fallback="DefaultAudioCover.png" background="true">$VAR[value_poster]</texture>
						<bordertexture border="-2">grey.png</bordertexture>
						<aspectratio align="center">stretch</aspectratio>
						<animation type="Focus" reversible="false">
							<effect type="zoom" center="auto" start="80" end="100" time="400" tween="back" easing="out" />
							<effect type="fade" start="80" end="100" time="400" />
						</animation>
					</control>
				</focusedlayout>
				<focusedlayout condition="String.Contains(skin.string(wallmusicgrid),mid) + Container.Content(albums) + !Skin.HasSetting(nowallaudiocase)" width="273" height="276">
					<!-- tamanho mid -->
					<control type="group">
						<!-- CDART Album-->
						<animation type="WindowOpen">
							<effect type="slide" start="-128,0" end="0,0" time="500" delay="500" tween="cubic" easing="out" />
							<effect type="fade" start="0" end="100" time="500" delay="500" />
						</animation>
						<animation type="Focus">
							<effect type="slide" start="-128,0" end="0,0" time="500" delay="500" tween="cubic" easing="out" />
							<effect type="fade" start="0" end="100" time="500" delay="500" />
						</animation>
						<animation effect="fade" start="100" end="0" time="200">WindowClose</animation>
						<animation type="Unfocus">
							<effect type="slide" start="0,0" end="-128,0" time="300" tween="cubic" easing="out" />
							<effect type="fade" start="100" end="0" time="200" />
						</animation>
						<visible>![String.IsEmpty(ListItem.Art(discart)) | Skin.HasSetting(nowalldiscart_audio)] + Window.IsActive(music)</visible>
						<control type="image">
							<posx>128</posx>
							<posy>12</posy>
							<width>240</width>
							<height>240</height>
							<texture diffuse="cdart_diffuse.png" background="true">$INFO[ListItem.Art(discart)]</texture>
							<fadetime>FanartCrossFadeTime</fadetime>
							<aspectratio align="center" aligny="center">keep</aspectratio>
							<animation effect="rotate" start="0" end="-360" center="auto" time="40000" delay="5000" loop="true" reversible="false" condition="!Player.HasAudio">Conditional</animation>
							<include>Animation_ViewsCDart</include>
						</control>
					</control>
					<control type="image">
						<posx>3</posx>
						<posy>3</posy>
						<width>262</width>
						<height>262</height>
						<texture>thumb_box_cd.png</texture>
						<aspectratio align="center">stretch</aspectratio>
						<animation type="Focus" reversible="false">
							<effect type="zoom" center="auto" start="80" end="100" time="400" tween="back" easing="out" />
							<effect type="fade" start="80" end="100" time="400" />
						</animation>
					</control>
					<control type="image">
						<posx>40</posx>
						<posy>9</posy>
						<width>216</width>
						<height>244</height>
						<texture diffuse="thumb_box_diffuse.png" fallback="DefaultAudioCover.png" background="true">$VAR[value_poster]</texture>
						<aspectratio align="center">stretch</aspectratio>
						<animation type="Focus" reversible="false">
							<effect type="zoom" center="auto" start="80" end="100" time="400" tween="back" easing="out" />
							<effect type="fade" start="80" end="100" time="400" />
						</animation>
					</control>
				</focusedlayout>
				<focusedlayout condition="String.Contains(skin.string(wallmusicgrid),big) + !Container.Content(albums)" width="482" height="414">
					<!-- tamanho grande -->
					<control type="image">
						<posx>33</posx>
						<posy>3</posy>
						<width>408</width>
						<height>408</height>
						<texture fallback="DefaultAudioCover.png" background="true">$VAR[value_poster]</texture>
						<bordertexture border="-2">grey.png</bordertexture>
						<aspectratio align="center">stretch</aspectratio>
						<animation type="Focus" reversible="false">
							<effect type="zoom" center="auto" start="80" end="100" time="400" tween="back" easing="out" />
							<effect type="fade" start="80" end="100" time="400" />
						</animation>
						<visible>![Container.Content(genres) | Container.Content(roles) | Container.Content(sources) | String.IsEqual(Container.FolderName,roles)]</visible>
					</control>
					<control type="image">
						<posx>33</posx>
						<posy>3</posy>
						<width>408</width>
						<height>408</height>
						<texture fallback="DefaultAudioCover.png" diffuse="thumb_poster_diffuse.png" background="true">genres/256.png</texture>
						<bordertexture border="-2">black.png</bordertexture>
						<aspectratio align="center">keep</aspectratio>
						<animation type="Focus" reversible="false">
							<effect type="zoom" center="auto" start="80" end="100" time="400" tween="back" easing="out" />
							<effect type="fade" start="80" end="100" time="400" />
						</animation>
						<visible>Container.Content(genres) | Container.Content(roles) | Container.Content(sources) | String.IsEqual(Container.FolderName,roles)</visible>
					</control>
					<control type="label">
						<posx>40</posx>
						<posy>10</posy>
						<width>393</width>
						<height>393</height>
						<font>Font_18A</font>
						<wrapmultiline>true</wrapmultiline>
						<textcolor>FFFFFAF0</textcolor>
						<align>center</align>
						<aligny>center</aligny>
						<label>$INFO[ListItem.Label]</label>
						<animation type="Focus" reversible="false">
							<effect type="zoom" center="auto" start="80" end="100" time="400" tween="back" easing="out" />
							<effect type="fade" start="80" end="100" time="400" />
						</animation>
						<visible>Container.Content(genres) | Container.Content(roles) | Container.Content(sources) | String.IsEqual(Container.FolderName,roles)</visible>
					</control>
				</focusedlayout>
				<focusedlayout condition="String.Contains(skin.string(wallmusicgrid),big) + Container.Content(albums) + Skin.HasSetting(nowallaudiocase)" width="482" height="414">
					<!-- tamanho big -->
					<control type="group">
						<!-- CDART album -->
						<animation type="WindowOpen">
							<effect type="slide" start="-264,0" end="0,0" time="500" delay="500" tween="cubic" easing="out" />
							<effect type="fade" start="0" end="100" time="500" delay="500" />
						</animation>
						<animation type="Focus">
							<effect type="slide" start="-264,0" end="0,0" time="500" delay="500" tween="cubic" easing="out" />
							<effect type="fade" start="0" end="100" time="500" delay="500" />
						</animation>
						<animation effect="fade" start="100" end="0" time="200">WindowClose</animation>
						<animation type="Unfocus">
							<effect type="slide" start="0,0" end="-264,0" time="300" tween="cubic" easing="out" />
							<effect type="fade" start="100" end="0" time="200" />
						</animation>
						<visible>![String.IsEmpty(ListItem.Art(discart)) | Skin.HasSetting(nowalldiscart_audio)] + Window.IsActive(music)</visible>
						<control type="image">
							<posx>264</posx>
							<posy>20</posy>
							<width>360</width>
							<height>360</height>
							<texture diffuse="cdart_diffuse.png" background="true">$INFO[ListItem.Art(discart)]</texture>
							<fadetime>FanartCrossFadeTime</fadetime>
							<aspectratio align="center" aligny="center">keep</aspectratio>
							<animation effect="rotate" start="0" end="-360" center="auto" time="40000" delay="5000" loop="true" reversible="false" condition="!Player.HasAudio">Conditional</animation>
							<include>Animation_ViewsCDart</include>
						</control>
					</control>
					<control type="image">
						<posx>26</posx>
						<posy>3</posy>
						<width>408</width>
						<height>408</height>
						<texture fallback="DefaultAudioCover.png" background="true">$VAR[value_poster]</texture>
						<bordertexture border="-2">grey.png</bordertexture>
						<aspectratio align="center">stretch</aspectratio>
						<animation type="Focus" reversible="false">
							<effect type="zoom" center="auto" start="80" end="100" time="400" tween="back" easing="out" />
							<effect type="fade" start="80" end="100" time="400" />
						</animation>
					</control>
				</focusedlayout>
				<focusedlayout condition="String.Contains(skin.string(wallmusicgrid),big) + Container.Content(albums) + !Skin.HasSetting(nowallaudiocase)" width="482" height="414">
					<!-- tamanho big -->
					<control type="group">
						<!-- CDART album -->
						<animation type="WindowOpen">
							<effect type="slide" start="-204,0" end="0,0" time="500" delay="500" tween="cubic" easing="out" />
							<effect type="fade" start="0" end="100" time="500" delay="500" />
						</animation>
						<animation type="Focus">
							<effect type="slide" start="-204,0" end="0,0" time="500" delay="500" tween="cubic" easing="out" />
							<effect type="fade" start="0" end="100" time="500" delay="500" />
						</animation>
						<animation effect="fade" start="100" end="0" time="200">WindowClose</animation>
						<animation type="Unfocus">
							<effect type="slide" start="0,0" end="-204,0" time="300" tween="cubic" easing="out" />
							<effect type="fade" start="100" end="0" time="200" />
						</animation>
						<visible>![String.IsEmpty(ListItem.Art(discart)) | Skin.HasSetting(nowalldiscart_audio)] + Window.IsActive(music)</visible>
						<control type="image">
							<posx>204</posx>
							<posy>20</posy>
							<width>360</width>
							<height>360</height>
							<texture diffuse="cdart_diffuse.png" background="true">$INFO[ListItem.Art(discart)]</texture>
							<fadetime>FanartCrossFadeTime</fadetime>
							<aspectratio align="center" aligny="center">keep</aspectratio>
							<animation effect="rotate" start="0" end="-360" center="auto" time="40000" delay="5000" loop="true" reversible="false" condition="!Player.HasAudio">Conditional</animation>
							<include>Animation_ViewsCDart</include>
						</control>
					</control>
					<control type="image">
						<posx>3</posx>
						<posy>3</posy>
						<width>408</width>
						<height>408</height>
						<texture>thumb_box_cd.png</texture>
						<aspectratio align="center">stretch</aspectratio>
						<animation type="Focus" reversible="false">
							<effect type="zoom" center="auto" start="80" end="100" time="400" tween="back" easing="out" />
							<effect type="fade" start="80" end="100" time="400" />
						</animation>
					</control>
					<control type="image">
						<posx>58</posx>
						<posy>12</posy>
						<width>334</width>
						<height>380</height>
						<texture diffuse="thumb_box_diffuse.png" fallback="DefaultAudioCover.png" background="true">$VAR[value_poster]</texture>
						<aspectratio align="center">stretch</aspectratio>
						<animation type="Focus" reversible="false">
							<effect type="zoom" center="auto" start="80" end="100" time="400" tween="back" easing="out" />
							<effect type="fade" start="80" end="100" time="400" />
						</animation>
					</control>
				</focusedlayout>
			</control>
		</control>
	</include>
	<include name="ViewWallPrograms">
		<control type="group">
			<include>ViewBack</include>
			<!-- Fundo -->
			<visible>Control.IsVisible(56)</visible>
			<control type="panel" id="56">
				<viewtype label="31805">Panel</viewtype>
				<posx>0</posx>
				<posy>150</posy>
				<width>1928</width>
				<height>801</height>
				<onleft>9900</onleft>
				<onup>9900</onup>
				<ondown>9920</ondown>
				<orientation>vertical</orientation>
				<pagecontrol></pagecontrol>
				<visible>Window.IsActive(programs)</visible>
				<itemlayout condition="String.Contains(skin.string(wallprogramsgrid),default)" width="160" height="160">
					<!-- tamanho normal -->
					<control type="image">
						<posx>3</posx>
						<posy>3</posy>
						<width>154</width>
						<height>154</height>
						<texture fallback="DefaultAddon.png" background="true">$VAR[value_poster]</texture>
						<bordertexture border="-2">black.png</bordertexture>
						<aspectratio align="center">keep</aspectratio>
					</control>
					<control type="image">
						<include>Wall_ThumbDimmer</include>
						<width>160</width>
						<height>160</height>
					</control>
				</itemlayout>
				<itemlayout condition="String.Contains(skin.string(wallprogramsgrid),mid)" width="273" height="276">
					<!-- tamanho medio -->
					<control type="image">
						<posx>8</posx>
						<posy>3</posy>
						<width>262</width>
						<height>262</height>
						<texture fallback="DefaultAddon.png" background="true">$VAR[value_poster]</texture>
						<bordertexture border="-2">black.png</bordertexture>
						<aspectratio align="center">keep</aspectratio>
					</control>
					<control type="image">
						<include>Wall_ThumbDimmer</include>
						<width>273</width>
						<height>276</height>
					</control>
				</itemlayout>
				<itemlayout condition="String.Contains(skin.string(wallprogramsgrid),big)" width="482" height="414">
					<!-- tamanho grande -->
					<control type="image">
						<posx>33</posx>
						<posy>3</posy>
						<width>408</width>
						<height>408</height>
						<texture fallback="DefaultAddon.png" background="true">$VAR[value_poster]</texture>
						<bordertexture border="-2">black.png</bordertexture>
						<aspectratio align="center">keep</aspectratio>
					</control>
					<control type="image">
						<include>Wall_ThumbDimmer</include>
						<width>482</width>
						<height>414</height>
					</control>
				</itemlayout>
				<focusedlayout condition="String.Contains(skin.string(wallprogramsgrid),default)" width="160" height="160">
					<!-- tamanho normal -->
					<control type="image">
						<posx>3</posx>
						<posy>3</posy>
						<width>154</width>
						<height>154</height>
						<texture fallback="DefaultAddon.png" background="true">$VAR[value_poster]</texture>
						<bordertexture border="-2">grey.png</bordertexture>
						<aspectratio align="center">keep</aspectratio>
						<animation type="Focus" reversible="false">
							<effect type="zoom" center="auto" start="80" end="100" time="400" tween="back" easing="out" />
							<effect type="fade" start="80" end="100" time="400" />
						</animation>
					</control>
				</focusedlayout>
				<focusedlayout condition="String.Contains(skin.string(wallprogramsgrid),mid)" width="273" height="276">
					<!-- tamanho medio -->
					<control type="image">
						<posx>8</posx>
						<posy>3</posy>
						<width>262</width>
						<height>262</height>
						<texture fallback="DefaultAddon.png" background="true">$VAR[value_poster]</texture>
						<bordertexture border="-2">grey.png</bordertexture>
						<aspectratio align="center">keep</aspectratio>
						<animation type="Focus" reversible="false">
							<effect type="zoom" center="auto" start="80" end="100" time="400" tween="back" easing="out" />
							<effect type="fade" start="80" end="100" time="400" />
						</animation>
					</control>
				</focusedlayout>
				<focusedlayout condition="String.Contains(skin.string(wallprogramsgrid),big)" width="482" height="414">
					<!-- tamanho grande -->
					<control type="image">
						<posx>33</posx>
						<posy>3</posy>
						<width>408</width>
						<height>408</height>
						<texture fallback="DefaultAddon.png" background="true">$VAR[value_poster]</texture>
						<bordertexture border="-2">grey.png</bordertexture>
						<aspectratio align="center">keep</aspectratio>
						<animation type="Focus" reversible="false">
							<effect type="zoom" center="auto" start="80" end="100" time="400" tween="back" easing="out" />
							<effect type="fade" start="80" end="100" time="400" />
						</animation>
					</control>
				</focusedlayout>
			</control>
		</control>
	</include>
	<include name="ViewWallPics">
		<control type="group">
			<include>ViewBack</include>
			<!-- Fundo -->
			<visible>Control.IsVisible(56)</visible>
			<control type="panel" id="56">
				<viewtype label="31805">Panel</viewtype>
				<posx>0</posx>
				<posy>150</posy>
				<width>1928</width>
				<height>801</height>
				<onleft>9900</onleft>
				<onup>9900</onup>
				<ondown>9920</ondown>
				<orientation>vertical</orientation>
				<pagecontrol></pagecontrol>
				<visible>Window.IsActive(pictures)</visible>
				<itemlayout condition="String.Contains(skin.string(wallpicsgrid),default)" width="160" height="160">
					<!-- tamanho normal -->
					<control type="image">
						<posx>3</posx>
						<posy>3</posy>
						<width>154</width>
						<height>154</height>
						<texture fallback="DefaultAddon.png" background="true">$VAR[value_poster]</texture>
						<bordertexture border="-2">black.png</bordertexture>
						<aspectratio align="center">keep</aspectratio>
					</control>
					<control type="image">
						<include>Wall_ThumbDimmer</include>
						<width>160</width>
						<height>160</height>
					</control>
				</itemlayout>
				<itemlayout condition="String.Contains(skin.string(wallpicsgrid),mid)" width="273" height="276">
					<!-- tamanho medio -->
					<control type="image">
						<posx>8</posx>
						<posy>3</posy>
						<width>262</width>
						<height>262</height>
						<texture fallback="DefaultAddon.png" background="true">$VAR[value_poster]</texture>
						<bordertexture border="-2">black.png</bordertexture>
						<aspectratio align="center">keep</aspectratio>
					</control>
					<control type="image">
						<include>Wall_ThumbDimmer</include>
						<width>273</width>
						<height>276</height>
					</control>
				</itemlayout>
				<itemlayout condition="String.Contains(skin.string(wallpicsgrid),big)" width="482" height="414">
					<!-- tamanho grande -->
					<control type="image">
						<posx>33</posx>
						<posy>3</posy>
						<width>408</width>
						<height>408</height>
						<texture fallback="DefaultAddon.png" background="true">$VAR[value_poster]</texture>
						<bordertexture border="-2">black.png</bordertexture>
						<aspectratio align="center">keep</aspectratio>
					</control>
					<control type="image">
						<include>Wall_ThumbDimmer</include>
						<width>482</width>
						<height>414</height>
					</control>
				</itemlayout>
				<focusedlayout condition="String.Contains(skin.string(wallpicsgrid),default)" width="160" height="160">
					<!-- tamanho normal -->
					<control type="image">
						<posx>3</posx>
						<posy>3</posy>
						<width>154</width>
						<height>154</height>
						<texture fallback="DefaultAddon.png" background="true">$VAR[value_poster]</texture>
						<bordertexture border="-2">grey.png</bordertexture>
						<aspectratio align="center">keep</aspectratio>
						<animation type="Focus" reversible="false">
							<effect type="zoom" center="auto" start="80" end="100" time="400" tween="back" easing="out" />
							<effect type="fade" start="80" end="100" time="400" />
						</animation>
					</control>
				</focusedlayout>
				<focusedlayout condition="String.Contains(skin.string(wallpicsgrid),mid)" width="273" height="276">
					<!-- tamanho medio -->
					<control type="image">
						<posx>8</posx>
						<posy>3</posy>
						<width>262</width>
						<height>262</height>
						<texture fallback="DefaultAddon.png" background="true">$VAR[value_poster]</texture>
						<bordertexture border="-2">grey.png</bordertexture>
						<aspectratio align="center">keep</aspectratio>
						<animation type="Focus" reversible="false">
							<effect type="zoom" center="auto" start="80" end="100" time="400" tween="back" easing="out" />
							<effect type="fade" start="80" end="100" time="400" />
						</animation>
					</control>
				</focusedlayout>
				<focusedlayout condition="String.Contains(skin.string(wallpicsgrid),big)" width="482" height="414">
					<!-- tamanho grande -->
					<control type="image">
						<posx>33</posx>
						<posy>3</posy>
						<width>408</width>
						<height>408</height>
						<texture fallback="DefaultAddon.png" background="true">$VAR[value_poster]</texture>
						<bordertexture border="-2">grey.png</bordertexture>
						<aspectratio align="center">keep</aspectratio>
						<animation type="Focus" reversible="false">
							<effect type="zoom" center="auto" start="80" end="100" time="400" tween="back" easing="out" />
							<effect type="fade" start="80" end="100" time="400" />
						</animation>
					</control>
				</focusedlayout>
			</control>
		</control>
	</include>
</includes>
