<?xml version="1.0" encoding="UTF-8"?>
<!-- Aeon MQ 5 Helix 6.1.0/6.1.2 /6.1.3/6.1.8 -->
<!-- Isengard 7.1.11 -->
<!-- Jarvis 8.1.13/8.1.14 -->
<!-- Krypton 9.1.16/9.1.19/9.2.1 windowIDs/9.2.2 -->
<!-- Leia 10.3.0/10.5.1 /10.6.0/10.6.2-->
<!-- Matrix 11.0.1/11.0.4/11.0.5/11.1.1 -->
<!-- Includes:  Quickfix InvisibleButton Playlists HomeBG Animation_Fade LiveBG Animation_Window HomeRSS Animation_HomeGlass Animation_CDart  Animation_HomeNowPlaying Animation_Widgets Animation_HomeGlass2 Animation_HomeFade -->
<!-- NextTracksContent Animation_HomePanel HomeFlagSeparator HomeFlagLabel mf_contentmovies -->
<!--


Group 604: now playing panel and next tracks panel top left/right
Group 605: disc art bottom left
Group 606: PVR recording/next recording bottom left
Group 601: Details panel for skin widgets panel (includesmenuwidgets) 510
Group 602: Widgets


-->

<window>
	<defaultcontrol always="true">9000</defaultcontrol>
	<include condition="!Skin.HasSetting(fix3)">Quickfix</include>
	<onload condition="!String.IsEqual(skin.string(defaultsettings),2)">SetFocus(900)</onload>
	<onload condition="Skin.String(custom_wxicons.path)">SetProperty(current_wxicon_path,$INFO[Skin.String(custom_wxicons.path)],home)</onload>
	<onload condition="!Skin.String(custom_wxicons.path)">SetProperty(current_wxicon_path,resource://resource.images.weathericons.default/,home)</onload>
	<!-- copied from startup.xml -->
	<onload condition="System.HasAddon(script.skin.info.service) + !String.IsEqual(Window.Property(skin.aeonmq5.matrixmod.status),run)">RunScript(script.skin.info.service)</onload>
	<onload condition="Skin.HasSetting(custommode) + !String.IsEqual(Window.Property(skin.aeonmq5.matrixmod.status),run)">Skin.Reset(custommode)</onload>
	<onload condition="Skin.HasSetting(submode) + !String.IsEqual(Window.Property(skin.aeonmq5.matrixmod.status),run)">Skin.Reset(submode)</onload>
	<onload condition="Skin.HasSetting(startplay) + !String.IsEqual(Window.Property(skin.aeonmq5.matrixmod.status),run)">PlayMedia($INFO[Skin.String(startupplaylist)])</onload>
	<onload condition="String.IsEqual(System.ProfileAutoLogin,Last Used Profile) + !String.IsEqual(System.ProfileName,master user) + !String.IsEqual(Window.Property(skin.aeonmq5.matrixmod.status),run)">Notification(Profile In Use,$INFO[System.ProfileName],5000)</onload>
	<onload>SetProperty(skin.aeonmq5.matrixmod.status,run,home)</onload>

	<!-- default weather icons -->
	<onload condition="Skin.HasSetting(custom_wxicons.multi)">SetProperty(current_wxicon_multi,true,home)</onload>
	<onload condition="Player.HasAudio + System.HasAddon(script.artistslideshow)">RunScript(script.artistslideshow)</onload>
	<onload condition="System.HasAddon(script.favourites) + ![String.IsEmpty(skin.string(favouriteswidget)) | Skin.HasSetting(nofavouriteswidget)]">RunScript(script.favourites)</onload>
	<onload condition="Skin.HasSetting(rcbgames) | [!String.IsEqual(Window.Property(skin.aeonmq5.matrixmod.status),run) + System.HasAddon(script.games.rom.collection.browser) + ![String.IsEmpty(skin.string(gameswidget)) | Skin.HasSetting(nogameswidget)]]">RunScript(script.games.rom.collection.browser,limit=12)</onload>
	<onload condition="Skin.HasSetting(rcbgames)">Skin.Reset(rcbgames)</onload>
	<onload>Skin.Reset(playlists)</onload>
	<onunload condition="String.Contains(Container(9000).ListItem.Property(id),vpl) | String.Contains(Container(9000).ListItem.Property(id),apl)">Skin.SetString(playlists,$INFO[Container(9000).ListItem.Property(id)])</onunload>
	<include condition="System.HasAddon(script.randomandlastitems) + [String.Contains(skin.string(menu1.master),vpl) + !Skin.HasSetting(novpl1widget) | String.Contains(skin.string(menu2.master),vpl) + !Skin.HasSetting(novpl2widget) | String.Contains(skin.string(menu3.master),vpl) + !Skin.HasSetting(novpl3widget) | String.Contains(skin.string(menu4.master),vpl) + !Skin.HasSetting(novpl4widget) | String.Contains(skin.string(menu5.master),vpl) + !Skin.HasSetting(novpl5widget) | String.Contains(skin.string(menu6.master),vpl) + !Skin.HasSetting(novpl6widget) | String.Contains(skin.string(menu7.master),vpl) + !Skin.HasSetting(novpl7widget) | String.Contains(skin.string(menu8.master),vpl) + !Skin.HasSetting(novpl8widget) | String.Contains(skin.string(menu9.master),vpl) + !Skin.HasSetting(novpl9widget) | String.Contains(skin.string(menu10.master),vpl) + !Skin.HasSetting(novpl10widget) | ubString(skin.string(menu11.master),vpl) + !Skin.HasSetting(novpl11widget) | String.Contains(skin.string(menu12.master),vpl) + !Skin.HasSetting(novpl12widget) | String.Contains(skin.string(menu13.master),vpl) + !Skin.HasSetting(novpl13widget) | String.Contains(skin.string(menu14.master),vpl) + !Skin.HasSetting(novpl14widget) | String.Contains(skin.string(menu15.master),vpl) + !Skin.HasSetting(novpl15widget) | String.Contains(skin.string(menu16.master),vpl) + !Skin.HasSetting(novpl16widget) | String.Contains(skin.string(menu17.master),vpl) + !Skin.HasSetting(novpl17widget) | String.Contains(skin.string(menu18.master),vpl) + !Skin.HasSetting(novpl18widget) | String.Contains(skin.string(menu19.master),vpl) + !Skin.HasSetting(novpl19widget) | String.Contains(skin.string(menu20.master),vpl) + !Skin.HasSetting(novpl20widget) | String.Contains(skin.string(menu1.master),apl) + !Skin.HasSetting(noapl1widget) | String.Contains(skin.string(menu2.master),apl) + !Skin.HasSetting(noapl2widget) | String.Contains(skin.string(menu3.master),apl) + !Skin.HasSetting(noapl3widget) | String.Contains(skin.string(menu4.master),apl) + !Skin.HasSetting(noapl4widget) | String.Contains(skin.string(menu5.master),apl) + !Skin.HasSetting(noapl5widget) | String.Contains(skin.string(menu6.master),apl) + !Skin.HasSetting(noapl6widget) | String.Contains(skin.string(menu7.master),apl) + !Skin.HasSetting(noapl7widget) | String.Contains(skin.string(menu8.master),apl) + !Skin.HasSetting(noapl8widget) | String.Contains(skin.string(menu9.master),apl) + !Skin.HasSetting(noapl9widget) | String.Contains(skin.string(menu10.master),apl) + !Skin.HasSetting(noapl10widget) | ubString(skin.string(menu11.master),apl) + !Skin.HasSetting(noapl11widget) | String.Contains(skin.string(menu12.master),apl) + !Skin.HasSetting(noapl12widget) | String.Contains(skin.string(menu13.master),apl) + !Skin.HasSetting(noapl13widget) | String.Contains(skin.string(menu14.master),apl) + !Skin.HasSetting(noapl14widget) | String.Contains(skin.string(menu15.master),apl) + !Skin.HasSetting(noapl15widget) | String.Contains(skin.string(menu16.master),apl) + !Skin.HasSetting(noapl16widget) | String.Contains(skin.string(menu17.master),apl) + !Skin.HasSetting(noapl17widget) | String.Contains(skin.string(menu18.master),apl) + !Skin.HasSetting(noapl18widget) | String.Contains(skin.string(menu19.master),apl) + !Skin.HasSetting(noapl19widget) | String.Contains(skin.string(menu20.master),apl) + !Skin.HasSetting(noapl20widget)]">Playlists</include>
	<controls>
		<control type="button" id="8000">
			<include>InvisibleButton</include>
			<onleft>SetFocus(9000)</onleft>
			<onright>SetFocus(9000)</onright>
			<onup>SetFocus(9000)</onup>
			<ondown>SetFocus(9000)</ondown>
			<onclick>SetFocus(9000)</onclick>
			<onfocus>$INFO[Skin.String(submenu_action)]</onfocus>
		</control>
		<control type="list" id="7044"> <!-- was invisible button 5044 check if artist info has extrafanart note: if artist info entry is normalized it isn't found -->
			<posx>-500</posx>
			<posy>-500</posy>
			<height>400</height>
			<width>50</width>
			<visible>Player.HasAudio + !PVR.IsPlayingRadio + Skin.HasSetting(customlogo) +  !String.IsEmpty(Skin.String(CustomMusicLogoPath))</visible>
			<itemlayout />
			<focusedlayout />
			<content target="filemanager">$INFO[Skin.String(CustomMusicLogoPath)]$INFO[MusicPlayer.Artist]\extrafanart\</content>
		</control>
		<control type="list" id="7045"> <!-- was 5045 check if video has extrafanartfanart -->
			<posx>-500</posx>
			<posy>-500</posy>
			<height>400</height>
			<width>50</width>
			<visible>Player.HasVideo + !String.StartsWith(Player.FolderPath,Plugin) + !PVR.IsPlayingTV</visible>
			<itemlayout />
			<focusedlayout />
			<content target="filemanager">$INFO[Player.FolderPath]extrafanart\</content>
		</control>
		<control type="list" id="7046"> <!-- was 5046 check if video parent has extrafanart (MVs/episodes in seasons)  -->
			<posx>-500</posx>
			<posy>-500</posy>
			<height>400</height>
			<width>50</width>
			<visible>Player.HasVideo + !String.StartsWith(Player.FolderPath,Plugin) + !PVR.IsPlayingTV</visible>
			<itemlayout />
			<focusedlayout />
			<content target="filemanager">$INFO[Player.FolderPath,,..\extrafanart\]</content>
		</control>
		<control type="multiimage">
			<include>HomeBG</include>
			<imagepath background="true">$VAR[value_menubg]</imagepath>
		</control>
		<control type="multiimage">
			<include>HomeBG</include>
			<include>Animation_Fade</include>
			<imagepath background="true">$VAR[value_videoplayerfanart]</imagepath>
			<visible>Player.HasVideo + System.IdleTime(8)</visible>
		</control>
		<control type="image" id="5043">
			<!-- Audio Fanart -->
			<include>HomeBG</include>
			<include>Animation_Fade</include>
			<texture background="true">$INFO[Player.Art(artist.fanart)]</texture>
			<visible>Player.HasAudio + System.IdleTime(8) + !Integer.IsGreater(Container(7044).NumItems,0)</visible>
		</control>
		<control type="multiimage">
		<!-- Audio fanart -->
			<include>HomeBG</include>
			<include>Animation_Fade</include>
			<imagepath background="true">$INFO[Skin.String(CustomMusicLogoPath)]$INFO[MusicPlayer.Artist]/extrafanart/</imagepath>
			<visible>Player.HasAudio + !PVR.IsPlayingRadio + System.IdleTime(8) + Integer.IsGreater(Container(7044).NumItems,0)</visible>
		</control>
		<control type="multiimage">
		<!-- Widget fanart -->
			<include>HomeBG</include>
			<include>Animation_Fade</include>
			<imagepath background="true">$INFO[Container(510).ListItem.Property(Fanart)]</imagepath>
			<visible>Control.HasFocus(510) + !String.IsEmpty(Container(510).ListItem.Property(Fanart))</visible>
		</control>
		<include>LiveBG</include>
		<control type="group">	<!-- default group -->
			<include>Animation_Window</include>
			<include condition="system.getbool(lookandfeel.enablerssfeeds)">HomeRSS</include>
			<control type="group" id="605">  <!-- disc art bottom left -->
				<!-- Arte de disco -->
				<animation effect="slide" start="-750,0" end="0,0" time="1000" delay="3000" tween="cubic" easing="inout">WindowOpen</animation>
				<animation effect="slide" start="-750,0" end="0,0" time="1000" delay="3000" tween="cubic" easing="inout">Visible</animation>
				<animation effect="slide" start="0,0" end="-750,0" time="400" tween="cubic" easing="inout">WindowClose</animation>
				<animation effect="slide" start="0,0" end="-750,0" time="400" tween="cubic" easing="inout">Hidden</animation>
				<visible>Player.HasMedia + ![PVR.IsPlayingTv | PVR.IsPlayingRadio | PVR.IsPlayingRecording] + ![Skin.HasSetting(nohomecdart) | Skin.HasSetting(submode) | Control.IsVisible(606)]</visible>
				<control type="image">
					<posx>90</posx>
					<posy>1041</posy>
					<width>675</width>
					<height>39</height>
					<texture flipy="true">widgets_panel.png</texture>
					<colordiffuse>$VAR[value_texturecolor]</colordiffuse>
					<include>Animation_HomeGlass</include>
				</control>
				<control type="image">
					<posx>135</posx>
					<posy>1046</posy>
					<width>22</width>
					<height>30</height>
					<texture>arrow_settings.png</texture>
					<include>Animation_HomeGlass</include>
				</control>
				<control type="label">
					<posx>170</posx>
					<posy>1046</posy>
					<width>555</width>
					<height>30</height>
					<align>left</align>
					<aligny>center</aligny>
					<font>Font_18A</font>
					<textcolor>FFFFFAF0</textcolor>
					<label>[COLOR=$VAR[value_headercolor]]$VAR[value_playertitle][/COLOR]$INFO[MusicPlayer.Artist,[COLOR=50FFFAF0] | [/COLOR]]</label>
					<scroll>true</scroll>
				</control>
				<control type="image">
					<include>Animation_CDart</include>
					<posx>-128</posx>
					<posy>952</posy>
					<width>255</width>
					<height>255</height>
					<texture diffuse="cdart_diffuse.png" background="true">$VAR[value_audiodisc]</texture>
					<aspectratio align="center" aligny="center">keep</aspectratio>
					<visible>Player.HasAudio</visible>
				</control>
				<control type="image">
					<include>Animation_CDart</include>
					<posx>-128</posx>
					<posy>952</posy>
					<width>255</width>
					<height>255</height>
					<texture diffuse="cdart_diffuse.png" background="true">$VAR[value_videodisc]</texture>
					<aspectratio scalediffuse="false" align="center" aligny="center">scale</aspectratio>
					<visible>Player.HasVideo</visible>
				</control>
			</control>
			<control type="group" id="606">  <!-- PVR recording/next recording bottom left -->
				<!-- Lembrete (reminder) PVR-->
				<animation effect="slide" start="-750,0" end="0,0" time="1000" delay="3000" tween="cubic" easing="inout">WindowOpen</animation>
				<animation effect="slide" start="-750,0" end="0,0" time="1000" delay="3000" tween="cubic" easing="inout">Visible</animation>
				<animation effect="slide" start="0,0" end="-750,0" time="400" tween="cubic" easing="inout">WindowClose</animation>
				<animation effect="slide" start="0,0" end="-750,0" time="400" tween="cubic" easing="inout">Hidden</animation>
				<visible>[String.IsEqual(Container(9000).ListItem.Property(id),livetv) |  String.IsEqual(Container(9000).ListItem.Property(id),livetvepg) |  String.IsEqual(Container(9000).ListItem.Property(id),livetvrecords)] + !Skin.HasSetting(submode) + [PVR.IsRecording | PVR.HasNonRecordingTimer]</visible>
				<control type="image">
					<posx>0</posx>
					<posy>945</posy>
					<width>675</width>
					<height>135</height>
					<texture flipx="true">shadow_mask_v.png</texture>
					<colordiffuse>E4101010</colordiffuse>
				</control>
				<control type="image">
					<posx>144</posx>
					<posy>952</posy>
					<width>22</width>
					<height>22</height>
					<aspectratio>keep</aspectratio>
					<texture>pvr_hastimer.png</texture>
					<visible>PVR.HasNonRecordingTimer + !PVR.IsRecording</visible>
				</control>
				<control type="image">
					<posx>144</posx>
					<posy>952</posy>
					<width>30</width>
					<height>22</height>
					<aspectratio>keep</aspectratio>
					<texture>pvr_isrecording.png</texture>
					<visible>PVR.IsRecording</visible>
				</control>
				<control type="textbox">
					<posx>142</posx>
					<posy>946</posy>
					<width>555</width>
					<height>135</height>
					<align>left</align>
					<aligny>top</aligny>
					<font>Font_18A</font>
					<textcolor>FFFFFAF0</textcolor>
					<label>$VAR[value_pvrstatushome]</label>
					<autoscroll time="1000" repeat="5000">true</autoscroll>
					<pagecontrol></pagecontrol>
					<scrolltime>200</scrolltime>
				</control>
				<control type="image">
					<posx>9</posx>
					<posy>952</posy>
					<width>120</width>
					<height>120</height>
					<aligny>center</aligny>
					<texture fallback="DefaultVideoCover.png" background="true">$VAR[value_pvrcurrenticon]</texture>
					<bordertexture border="-7">musicframe.png</bordertexture>
					<aspectratio align="left" aligny="bottom">keep</aspectratio>
				</control>
			</control>
			<control type="group" id="604">  <!-- top left now playing art + data panel / Top right next tracks-->
				<!-- Tocando agora (now playing) -->
				<posy>-75</posy>
				<include condition="![Skin.HasSetting(higherwidgets) | Skin.HasSetting(highermainmenu)]">Animation_HomeNowPlaying</include>
				<include condition="Skin.HasSetting(higherwidgets) | Skin.HasSetting(highermainmenu)">Animation_Widgets</include>
				<animation effect="slide" start="0,0" end="0,330" condition="Skin.HasSetting(higherwidgets) + !Skin.HasSetting(highermainmenu)">Conditional</animation>
				<animation effect="slide" start="0,0" end="0,578" condition="Skin.HasSetting(highermainmenu)">Conditional</animation>
				<visible>Player.HasMedia + ![Control.HasFocus(510) | Control.HasFocus(5100) | String.IsEqual(Container(9000).ListItem.Property(id),weather) + !Skin.HasSetting(noweatherwidget) | String.IsEqual(Container(9000).ListItem.Property(id),settings) + !Skin.HasSetting(nosystemwidget) | Skin.HasSetting(nonowplayingpanel) | Skin.HasSetting(highermainmenu) + Skin.HasSetting(submode)]</visible>
				<control type="image">
					<posx>0</posx>
					<posy>578</posy>
					<width>1920</width>
					<height>45</height>
					<texture flipy="true">shadow_h.png</texture>
					<colordiffuse>C3FFFFFF</colordiffuse>
					<visible>![Skin.HasSetting(higherwidgets) | Skin.HasSetting(highermainmenu)]</visible>
				</control>
				<control type="image">
					<!-- Fundo -->
					<posx>0</posx>
					<posy>30</posy>
					<width>1920</width>
					<height>600</height>
					<texture>details_back.png</texture>
					<colordiffuse>$VAR[value_texturecolor]</colordiffuse>
					<include>Animation_HomeGlass2</include>
					<visible>![Skin.HasSetting(higherwidgets) | Skin.HasSetting(highermainmenu)]</visible>
				</control>
				<control type="image">
					<!-- Fundo -->
					<posx>0</posx>
					<posy>30</posy>
					<width>1920</width>
					<height>570</height>
					<texture>details_back.png</texture>
					<colordiffuse>$VAR[value_texturecolor]</colordiffuse>
					<include>Animation_HomeGlass2</include>
					<visible>Skin.HasSetting(higherwidgets) | Skin.HasSetting(highermainmenu)</visible>
				</control>
				<control type="image">
					<!-- album thumb (cover) from the next track list -->
					<posx>60</posx>
					<posy>135</posy>
					<width>375</width>
					<height>375</height>
					<aspectratio align="left" aligny="center">keep</aspectratio>
					<texture fallback="DefaultAudioCover.png" background="true">$INFO[Container(603).ListItem.Icon]</texture>
					<bordertexture border="-35">musicframe.png</bordertexture>
					<fadetime>FanartCrossFadeTime</fadetime>
					<visible>Control.HasFocus(603)</visible>  <!-- Next Tracks album cover from top right -->
				</control>
				<control type="image">
					<!-- Fundo borda -->
					<posx>30</posx>
					<posy>120</posy>
					<width>712</width>
					<height>417</height>
					<texture>fanartframe.png</texture>
					<visible>Player.HasAudio + !Control.HasFocus(603) | Player.HasVideo + !Skin.HasSetting(homevisvideo)</visible>
				</control>
				<control type="multiimage">
				<!-- show AS 2.X fanart if avail else player artist fanart else default background -->
					<posx>52</posx>
					<posy>141</posy>
					<width>666</width>
					<height>375</height>
					<timeperimage>5000</timeperimage>
					<randomize>true</randomize>
					<aspectratio>keep</aspectratio>
					<imagepath fallback="DefaultExtraThumbs.png" background="true">$VAR[value_playerthumb]</imagepath>
					<fadetime>FanartCrossFadeTime</fadetime>
					<visible>Player.HasAudio + !Control.HasFocus(603) + String.IsEmpty(Window(Visualisation).Property(ArtistSlideshow.Image))</visible>
				</control>
				<control type="image">
				<!-- show AS 3.X fanart if avail else player artist fanart else default background -->
					<posx>52</posx>
					<posy>141</posy>
					<width>666</width>
					<height>375</height>
					<aspectratio>keep</aspectratio>
					<fadetime>FanartCrossFadeTime</fadetime>
					<texture fallback="DefaultExtraThumbs.png" background="true">$VAR[value_playerthumb]</texture>
					<visible>Player.HasAudio + !Control.HasFocus(603) + !String.IsEmpty(Window(Visualisation).Property(ArtistSlideshow.Image))</visible>
				</control>
				<control type="image">
					<!-- Logo -->
					<posx>75</posx>
					<posy>150</posy>
					<width>165</width>
					<height>90</height>
					<aspectratio align="left" aligny="top">keep</aspectratio>
					<texture background="true" fallback="transparent.png">$INFO[Player.Art(artist.clearlogo)]</texture>
					<fadetime>FanartCrossFadeTime</fadetime>
					<visible>Player.HasAudio</visible>
				</control>
				<control type="videowindow" id="8">  <!-- show unless we have video playing full screen -->
					<posx>52</posx>
					<posy>141</posy>
					<width>666</width>
					<height>375</height>
					<animation effect="slide" start="0,0" end="-3000,0" time="0">WindowClose</animation>
					<visible>!Skin.HasSetting(homevisvideo)</visible>
				</control>
				<control type="group">
					<posx>750</posx>
					<animation effect="slide" start="0,0" end="-292,0" time="50" easing="inout" tween="sine" condition="Control.HasFocus(603)">Conditional</animation>
					<control type="label">
						<!-- Now Playing Data block top center NOW PLAYING or  SELECTING TRACKS -->
						<posx>0</posx>
						<posy>128</posy>
						<width>450</width>
						<height>45</height>
						<align>left</align>
						<font>Font_18</font>
						<textcolor>$VAR[value_headercolor]</textcolor>
						<label>[UPPERCASE]$VAR[value_playerheader][/UPPERCASE]</label>
						<scroll>true</scroll>
					</control>
					<control type="image">
						<posx>200</posx>
						<posy>133</posy>
						<width>225</width>
						<height>45</height>
						<texture>$VAR[User_Rating_Stars]</texture>
						<colordiffuse>$VAR[value_headercolor]</colordiffuse>
						<visible>String.IsEqual(skin.font,Massive)</visible>
						<!-- <visible>String.IsEqual(skin.font,Massive) + !Control.HasFocus(603)</visible> -->
					</control>
					<control type="image">
						<posx>200</posx>
						<posy>133</posy>
						<width>150</width>
						<height>30</height>
						<texture>$VAR[User_Rating_Stars]</texture>
						<colordiffuse>$VAR[value_headercolor]</colordiffuse>
						<visible>!String.IsEqual(skin.font,Massive)</visible>
						<!-- <visible>!String.IsEqual(skin.font,Massive) + !Control.HasFocus(603)</visible> -->
					</control>
					<control type="label">
						<!-- Titulo -->
						<posx>0</posx>
						<posy>174</posy>
						<width>525</width>
						<height>45</height>
						<align>left</align>
						<font>Font_20A</font>
						<textcolor>$VAR[value_headercolor]</textcolor>
						<label>$VAR[value_playertitle]</label>
						<scroll>true</scroll>
						<visible>![String.IsEmpty(MusicPlayer.offset(1).Artist) | Skin.HasSetting(nonexttracks) | Control.HasFocus(603)] + Player.HasAudio</visible>
					</control>
					<control type="label">
						<!-- Titulo -->
						<posx>0</posx>
						<posy>174</posy>
						<width>825</width>
						<height>45</height>
						<align>left</align>
						<font>Font_20A</font>
						<textcolor>$VAR[value_headercolor]</textcolor>
						<label>$VAR[value_playertitle]</label>
						<scroll>true</scroll>
						<visible>[String.IsEmpty(MusicPlayer.offset(1).Artist) | Skin.HasSetting(nonexttracks)] + Player.HasAudio | Player.HasVideo | Control.HasFocus(603)</visible>
					</control>
					<control type="label">
						<!-- Subtitulo -->
						<posx>0</posx>
						<posy>220</posy>
						<width>525</width>
						<height>30</height>
						<align>left</align>
						<font>Font_18A</font>
						<textcolor>FFFFFAF0</textcolor>
						<label>$VAR[value_playersubtitle]</label>
						<scroll>true</scroll>
						<visible>![String.IsEmpty(MusicPlayer.offset(1).Artist) | Skin.HasSetting(nonexttracks) | Control.HasFocus(603)] + Player.HasAudio</visible>
					</control>
					<control type="label">
						<!-- Subtitulo -->
						<posx>0</posx>
						<posy>220</posy>
						<width>825</width>
						<height>30</height>
						<align>left</align>
						<font>Font_18A</font>
						<textcolor>FFFFFAF0</textcolor>
						<label>$VAR[value_playersubtitle]</label>
						<scroll>true</scroll>
						<visible>[String.IsEmpty(MusicPlayer.offset(1).Artist) | Skin.HasSetting(nonexttracks)] + Player.HasAudio | Player.HasVideo | Control.HasFocus(603)</visible>
					</control>
					<control type="label">
						<!-- Detalhes da faixa em reproducao -->
						<posx>0</posx>
						<posy>262</posy>
						<width>525</width>
						<height>150</height>
						<align>left</align>
						<font>Font_18A</font>
						<textcolor>FFFFFAF0</textcolor>
						<label>$INFO[Container(603).ListItem.Property(Details)]</label>
						<scroll>true</scroll>
						<visible>Control.HasFocus(603)</visible>
					</control>
					<control type="image">
						<posx>0</posx>
						<posy>268</posy>
						<width>525</width>
						<height>3</height>
						<align>left</align>
						<texture flipx="true">divider.png</texture>
						<visible>![String.IsEmpty(MusicPlayer.offset(1).Artist) | Skin.HasSetting(nonexttracks)] + Player.HasAudio</visible>
					</control>
					<control type="image">
						<posx>0</posx>
						<posy>268</posy>
						<width>825</width>
						<height>3</height>
						<align>left</align>
						<texture flipx="true">divider.png</texture>
						<visible>[String.IsEmpty(MusicPlayer.offset(1).Artist) | Skin.HasSetting(nonexttracks)] + Player.HasAudio | Player.HasVideo</visible>
					</control>
					<control type="textbox">
						<!-- Plot -->
						<posx>0</posx>
						<posy>272</posy>
						<width>525</width>
						<height>245</height>
						<label>$VAR[value_playerplot]</label>
						<textcolor>FFFFFAF0</textcolor>
						<font>Font_18A</font>
						<autoscroll delay="20000" time="3000" repeat="20000">!Skin.HasSetting(noallowscroll)</autoscroll>
						<visible>![String.IsEmpty(MusicPlayer.offset(1).Artist) | Skin.HasSetting(nonexttracks) | Control.HasFocus(603)] + Player.HasAudio</visible>
					</control>
					<control type="textbox">
						<!-- Plot -->
						<posx>0</posx>
						<posy>272</posy>
						<width>825</width>
						<height>245</height>
						<label>$VAR[value_playerplot]</label>
						<textcolor>FFFFFAF0</textcolor>
						<font>Font_18A</font>
						<autoscroll delay="20000" time="3000" repeat="20000">!Skin.HasSetting(noallowscroll)</autoscroll>
						<visible>[String.IsEmpty(MusicPlayer.offset(1).Artist) | Skin.HasSetting(nonexttracks)] + Player.HasAudio | Player.HasVideo</visible>
					</control>
				</control>
				<control type="group">	<!-- Next tracks heading top right -->
					<visible>![String.IsEmpty(MusicPlayer.offset(1).Artist) | Skin.HasSetting(nonexttracks)] + Player.HasAudio</visible>
					<control type="label">
						<posx>1305</posx>
						<posy>128</posy>
						<width>825</width>
						<height>45</height>
						<align>left</align>
						<font>Font_18A</font>
						<textcolor>$VAR[value_headercolor]</textcolor>
						<label>$LOCALIZE[31325]</label>
						<scroll>true</scroll>
						<scrollout>false</scrollout>
					</control>
					<control type="label">
						<posx>1305</posx>
						<posy>172</posy>
						<width>825</width>
						<height>45</height>
						<align>left</align>
						<font>Font_18A</font>
						<textcolor>FFFFFAF0</textcolor>
						<label>$INFO[Container(603).NumItems] $LOCALIZE[31126]</label>
						<scroll>true</scroll>
						<scrollout>false</scrollout>
					</control>
					<control type="panel" id="603">  <!-- Next tracks top right -->
						<posx>1305</posx>
						<posy>225</posy>
						<width>615</width>
						<height>315</height>
						<onup>603</onup>
						<ondown>603</ondown>
						<onleft>9000</onleft>
						<onright condition="!Skin.HasSetting(highermainmenu)">9000</onright>
						<onright condition="Skin.HasSetting(highermainmenu)">Skin.SetBool(submode)</onright>
						<onright condition="Skin.HasSetting(highermainmenu)">ActivateWindow($VAR[Sub_GoTo])</onright>
						<orientation>vertical</orientation>
						<pagecontrol></pagecontrol>
						<include>Animation_HomeFade</include>
						<itemlayout width="615" height="45">
							<control type="image">
								<posx>3</posx>
								<posy>3</posy>
								<width>38</width>
								<height>38</height>
								<texture fallback="DefaultAudioCover.png" diffuse="thumb_poster_diffuse.png" background="true">$INFO[ListItem.Icon]</texture>
								<aspectratio align="center">stretch</aspectratio>
							</control>
							<control type="label">
								<posx>21</posx>
								<posy>8</posy>
								<width>75</width>
								<height>27</height>
								<align>right</align>
								<aligny>center</aligny>
								<font>Font_18A</font>
								<label>$INFO[ListItem.Label]</label>
								<textcolor>$VAR[value_headercolor]</textcolor>
							</control>
							<control type="label">
								<posx>96</posx>
								<posy>8</posy>
								<width>495</width>
								<height>27</height>
								<align>left</align>
								<aligny>center</aligny>
								<font>Font_18A</font>
								<label>$INFO[ListItem.Label2]</label>
								<textcolor>B5FFFAF0</textcolor>
							</control>
						</itemlayout>
						<focusedlayout width="615" height="45">
							<control type="image">
								<posx>0</posx>
								<posy>1</posy>
								<width>618</width>
								<height>42</height>
								<texture>gradient_focus.png</texture>
								<colordiffuse>$VAR[value_headercolor]</colordiffuse>
							</control>
							<control type="image">
								<posx>3</posx>
								<posy>3</posy>
								<width>38</width>
								<height>38</height>
								<texture fallback="DefaultAudioCover.png" diffuse="thumb_poster_diffuse.png" background="true">$INFO[ListItem.Icon]</texture>
								<aspectratio align="center">stretch</aspectratio>
							</control>
							<control type="label">
								<posx>21</posx>
								<posy>8</posy>
								<width>75</width>
								<height>27</height>
								<align>right</align>
								<aligny>center</aligny>
								<font>Font_18A</font>
								<label>$INFO[ListItem.Label]</label>
								<textcolor>$VAR[value_headercolor]</textcolor>
							</control>
							<control type="label">
								<posx>96</posx>
								<posy>8</posy>
								<width>495</width>
								<height>27</height>
								<align>left</align>
								<aligny>center</aligny>
								<font>Font_18A</font>
								<label>[B]$INFO[ListItem.Label2][/B]</label>
								<textcolor>FFFFFAF0</textcolor>
							</control>
						</focusedlayout>
						<include>NextTracksContent</include>
					</control>
				</control>
			</control>
			<control type="group" id="601">  <!-- Details panel for skin widgets panel (includesmenuwidgets) 510 -->
				<posx>0</posx>
				<posy>-450</posy>
				<include condition="![Skin.HasSetting(higherwidgets) | Skin.HasSetting(highermainmenu)]">Animation_HomePanel</include>
				<include condition="Skin.HasSetting(higherwidgets) | Skin.HasSetting(highermainmenu)">Animation_Widgets</include>
				<animation effect="slide" start="0,0" end="0,705" condition="Skin.HasSetting(higherwidgets) + !Skin.HasSetting(highermainmenu)">Conditional</animation>
				<animation effect="slide" start="0,0" end="0,960" condition="Skin.HasSetting(highermainmenu)">Conditional</animation>
				<visible>Control.HasFocus(510) + ![String.IsEqual(Container(9000).ListItem.Property(id),favourites) | String.Contains(Container(9000).ListItem.Property(id),mymenu) | Skin.HasSetting(nodetailspanel)]</visible>
				<control type="image">
					<posx>0</posx>
					<posy>578</posy>
					<width>1920</width>
					<height>45</height>
					<texture flipy="true">shadow_h.png</texture>
					<colordiffuse>C3FFFFFF</colordiffuse>
					<visible>![Skin.HasSetting(higherwidgets) | Skin.HasSetting(highermainmenu)]</visible>
				</control>
				<control type="image">
					<!-- Fundo -->
					<posx>0</posx>
					<posy>30</posy>
					<width>1920</width>
					<height>600</height>
					<texture>details_back.png</texture>
					<colordiffuse>$VAR[value_texturecolor]</colordiffuse>
					<include>Animation_HomeGlass2</include>
					<visible>![Skin.HasSetting(higherwidgets) | Skin.HasSetting(highermainmenu)]</visible>
				</control>
				<control type="image">
					<!-- Fundo -->
					<posx>0</posx>
					<posy>30</posy>
					<width>1920</width>
					<height>585</height>
					<texture>details_back.png</texture>
					<colordiffuse>$VAR[value_texturecolor]</colordiffuse>
					<include>Animation_HomeGlass2</include>
					<visible>Skin.HasSetting(higherwidgets) | Skin.HasSetting(highermainmenu)</visible>
				</control>
				<control type="image">
					<!-- Thumb video (not episode thumb) -->
					<posx>60</posx>
					<posy>135</posy>
					<width>250</width>
					<height>375</height>
					<aspectratio align="left" aligny="center">stretch</aspectratio>
					<texture fallback="DefaultVideoPoster.png" background="true">$INFO[Container(510).ListItem.Icon]</texture>
					<bordertexture border="-29">posterframe.png</bordertexture>
					<fadetime>FanartCrossFadeTime</fadetime>
					<visible>String.IsEmpty(Container(510).ListItem.Property(Thumbnail)) + ![String.IsEqual(Container(9000).ListItem.Property(id),music) | String.Contains(Container(9000).ListItem.Property(id),apl) |String.IsEqual(Container(9000).ListItem.Property(id),livetv) ]</visible>
				</control>
				<control type="image">
					<!-- EPG Icon livetv -->
					<posx>60</posx>
					<posy>135</posy>
					<width>250</width>
					<height>375</height>
					<aspectratio align="left" aligny="center">keep</aspectratio>
					<texture fallback="DefaultVideoPoster.png" background="true">$INFO[Container(510).ListItem.EPGEventIcon]</texture>
					<bordertexture border="-29">posterframe.png</bordertexture>
					<fadetime>FanartCrossFadeTime</fadetime>
					<visible>String.IsEqual(Container(9000).ListItem.Property(id),livetv)</visible>
				</control>
				<control type="image">
					<!-- Channel Icon livetv -->
					<posx>60</posx>
					<posy>135</posy>
					<width>250</width>
					<height>375</height>
					<aspectratio align="left" aligny="center">keep</aspectratio>
					<texture fallback="DefaultVideoPoster.png" background="true">$INFO[Container(510).ListItem.Icon]</texture>
					<bordertexture border="-29">posterframe.png</bordertexture>
					<fadetime>FanartCrossFadeTime</fadetime>
					<visible>String.IsEqual(Container(9000).ListItem.Property(id),livetv) + String.IsEmpty(Container(510).ListItem.EPGEventIcon)</visible>
				</control>
				<control type="image">
					<!-- Thumb audio -->
					<posx>60</posx>
					<posy>135</posy>
					<width>375</width>
					<height>375</height>
					<aspectratio align="left" aligny="center">scale</aspectratio>
					<texture fallback="DefaultAudioCover.png" background="true">$INFO[Container(510).ListItem.Icon]</texture>
					<bordertexture border="-29">musicframe.png</bordertexture>
					<fadetime>FanartCrossFadeTime</fadetime>
					<visible>String.IsEmpty(Container(510).ListItem.Property(Thumbnail)) + [String.IsEqual(Container(9000).ListItem.Property(id),music) | String.Contains(Container(9000).ListItem.Property(id),apl)]</visible>
				</control>
				<control type="group">
					<!-- Episode and MV thumb -->
					<control type="image">
						<posx>30</posx>
						<posy>120</posy>
						<width>712</width>
						<height>417</height>
						<aspectratio align="left" aligny="center">scale</aspectratio>
						<texture>fanartframe.png</texture>
						<visible>!String.IsEmpty(Container(510).ListItem.Property(Thumbnail))</visible>
					</control>
					<control type="multiimage">
						<posx>52</posx>
						<posy>141</posy>
						<width>666</width>
						<height>375</height>
						<timeperimage>5000</timeperimage>
						<randomize>true</randomize>
						<aspectratio align="left" aligny="center">scale</aspectratio>
						<imagepath background="true">$INFO[Container(510).ListItem.Property(Thumbnail)]</imagepath>
						<fadetime>FanartCrossFadeTime</fadetime>
						<visible>!String.IsEmpty(Container(510).ListItem.Property(Thumbnail))</visible>
					</control>
				</control>
				<control type="group">
					<posx>360</posx>
					<animation effect="slide" end="112,0" condition="String.IsEqual(Container(9000).ListItem.Property(id),music) | String.Contains(Container(9000).ListItem.Property(id),apl)">Conditional</animation>
					<animation effect="slide" end="405,0" condition="!String.IsEmpty(Container(510).ListItem.Property(Thumbnail))">Conditional</animation>
					<control type="grouplist">
						<!-- Etiquetas -->
						<posx>0</posx>
						<posy>128</posy>
						<orientation>horizontal</orientation>
						<itemgap>4</itemgap>
						<visible>Control.HasFocus(510) | Control.HasFocus(5100)</visible>
						<control type="image">
							<!-- Mpaa -->
							<width>90</width>
							<height>62</height>
							<align>center</align>
							<aligny>center</aligny>
							<aspectratio>keep</aspectratio>
							<texture fallback="flags/mpaa/MPAA_NR_Certificate_US.png">$VAR[value_mfmpaa]</texture>
							<colordiffuse>FFFFFAF0</colordiffuse>
							<fadetime>FanartCrossFadeTime</fadetime>
							<visible>!String.IsEmpty(Container(510).ListItem.Property(Mpaa))</visible>
						</control>
						<control type="label">
							<include>HomeFlagSeparator</include>
							<visible>!String.IsEmpty(Container(510).ListItem.Property(Mpaa))</visible>
						</control>
						<control type="image">
							<!-- Video Codec -->
							<width>90</width>
							<height>62</height>
							<align>center</align>
							<aligny>center</aligny>
							<aspectratio>keep</aspectratio>
							<texture>$VAR[value_videocodechome]</texture>
							<colordiffuse>FFFFFAF0</colordiffuse>
							<fadetime>FanartCrossFadeTime</fadetime>
							<visible>!String.IsEmpty(Container(510).ListItem.Property(File))</visible>
						</control>
						<control type="label">
							<include>HomeFlagSeparator</include>
							<visible>!String.IsEmpty(Container(510).ListItem.Property(File))</visible>
						</control>
						<control type="image">
							<!-- Video Star -->
							<width>120</width>
							<height>60</height>
							<align>center</align>
							<aligny>center</aligny>
							<aspectratio>keep</aspectratio>
							<texture fallback="rating0.png">$VAR[value_mfvideostarrating]</texture>
							<colordiffuse>$VAR[value_headercolor]</colordiffuse>
							<fadetime>FanartCrossFadeTime</fadetime>
							<visible>!String.IsEmpty(Container(510).ListItem.Property(VideoRating))</visible>
						</control>
						<control type="image">
							<!-- Music Star -->
							<width>120</width>
							<height>60</height>
							<align>center</align>
							<aligny>center</aligny>
							<aspectratio>keep</aspectratio>
							<texture fallback="rating0.png">$VAR[value_mfmusicstarrating]</texture>
							<colordiffuse>$VAR[value_headercolor]</colordiffuse>
							<fadetime>FanartCrossFadeTime</fadetime>
							<visible>!String.IsEmpty(Container(510).ListItem.Property(MusicRating))</visible>
						</control>
						<control type="label">
							<!-- Video Rating -->
							<width>60</width>
							<include>HomeFlagLabel</include>
							<label>$INFO[Container(510).ListItem.Property(VideoRating)]</label>
							<scroll>true</scroll>
							<visible>!String.IsEmpty(Container(510).ListItem.Property(VideoRating)) + ![String.IsEqual(Container(510).ListItem.Property(VideoRating),0.0) | String.IsEmpty(Container(510).ListItem.Property(VideoRating))]</visible>
						</control>
						<control type="label">
							<!-- Music Rating -->
							<width>60</width>
							<include>HomeFlagLabel</include>
							<label>$INFO[Container(510).ListItem.Property(MusicRating)]</label>
							<scroll>true</scroll>
							<visible>!String.IsEmpty(Container(510).ListItem.Property(MusicRating)) + Integer.IsGreater(Container(510).ListItem.Property(MusicRating),0)</visible>
						</control>
						<control type="label">
							<include>HomeFlagSeparator</include>
							<visible>![String.IsEmpty(Container(510).ListItem.Property(VideoRating)) + String.IsEmpty(Container(510).ListItem.Property(MusicRating))]</visible>
						</control>
						<control type="label">
							<!-- Ano -->
							<width>150</width>
							<include>HomeFlagLabel</include>
							<label>$INFO[Container(510).ListItem.Property(Year)]</label>
							<scroll>true</scroll>
							<visible>!String.IsEmpty(Container(510).ListItem.Property(Year)) + Integer.IsGreater(Container(510).ListItem.Property(Year),0)</visible>
						</control>
						<control type="label">
							<!-- EPG start - end -->
							<width>250</width>
							<include>HomeFlagLabel</include>
							<label>$INFO[Container(510).ListItem.StartTime]$INFO[Container(510).ListItem.EndTime, - ]</label>
							<scroll>true</scroll>
							<visible>!String.IsEmpty(Container(510).ListItem.StartTime)</visible>
						</control>
						<control type="label">
							<include>HomeFlagSeparator</include>
							<visible>[!String.IsEmpty(Container(510).ListItem.Property(Year)) + Integer.IsGreater(Container(510).ListItem.Property(Year),0)] | !String.IsEmpty(Container(510).ListItem.Date) </visible>
						</control>
						<control type="label">
							<!-- EPG title -->
							<width>450</width>
							<include>HomeFlagLabel</include>
							<label>$INFO[Container(510).ListItem.Title]</label>
							<scroll>true</scroll>
							<visible>!String.IsEmpty(Container(510).ListItem.Title)</visible>
						</control>
						<control type="label">
							<!-- Studio -->
							<width>300</width>
							<include>HomeFlagLabel</include>
							<label>$INFO[Container(510).ListItem.Property(Studio)]</label>
							<scroll>true</scroll>
							<visible>!String.IsEmpty(Container(510).ListItem.Property(Studio))</visible>
						</control>
						<control type="label">
							<include>HomeFlagSeparator</include>
							<visible>!String.IsEmpty(Container(510).ListItem.Property(Studio))</visible>
						</control>
						<control type="label">
							<!-- Duracao -->
							<width>180</width>
							<include>HomeFlagLabel</include>
							<label>$VAR[value_runtime]</label>
							<scroll>false</scroll>
							<scrollspeed>50</scrollspeed>
							<visible>!String.IsEmpty(Container(510).ListItem.Property(Runtime))</visible>
						</control>
					</control>
					<control type="image">
						<posx>0</posx>
						<posy>183</posy>
						<width>825</width>
						<height>38</height>
						<texture>gradient_focus.png</texture>
						<colordiffuse>$VAR[value_headercolor]</colordiffuse>
					</control>
					<control type="image">
						<posx>0</posx>
						<posy>180</posy>
						<width>825</width>
						<height>3</height>
						<align>left</align>
						<texture flipx="true">divider.png</texture>
					</control>
					<control type="label">
						<!-- Genero -->
						<posx>8</posx>
						<posy>183</posy>
						<width>825</width>
						<height>30</height>
						<align>left</align>
						<aligny>center</aligny>
						<textcolor>FFFFFAF0</textcolor>
						<font>Font_18A</font>
						<label>$INFO[Container(510).ListItem.Property(Genre)]$INFO[Container(510).ListItem.Genre]</label>
						<scroll>true</scroll>
					</control>
					<control type="image">
						<posx>0</posx>
						<posy>218</posy>
						<width>825</width>
						<height>3</height>
						<align>left</align>
						<texture flipx="true">divider.png</texture>
					</control>
					<control type="textbox">
						<!-- Plot video -->
						<posx>8</posx>
						<posy>225</posy>
						<width>825</width>
						<height>298</height>
						<label>$INFO[Container(510).ListItem.Property(Plot)]$INFO[Container(510).ListItem.Plot]</label>
						<textcolor>FFFFFAF0</textcolor>
						<font>Font_18A</font>
						<autoscroll delay="20000" time="3000" repeat="20000">!Skin.HasSetting(noallowscroll)</autoscroll>
					</control>
					<control type="progress">
					<posx>8</posx>
					<posy>530</posy>
					<width>825</width>
					<height>30</height>
					<info>Container(510).ListItem.Progress</info>
					<texturebg>progress_clear.png</texturebg>
					<visible>!String.IsEmpty(Container(510).ListItem.Progress)</visible>
				</control>
				</control>
			</control>
			<control type="image" id="9931">
				<!-- widgets modo auto -->
				<include>InvisibleButton</include>
				<animation effect="fade" start="0" end="100" time="150" delay="1000" condition="String.Contains(skin.string(widgets_seconds),1)">Visible</animation>
				<animation effect="fade" start="0" end="100" time="150" delay="2000" condition="String.Contains(skin.string(widgets_seconds),2)">Visible</animation>
				<animation effect="fade" start="0" end="100" time="150" delay="3000" condition="String.Contains(skin.string(widgets_seconds),3)">Visible</animation>
				<animation effect="fade" start="0" end="100" time="150" delay="4000" condition="String.Contains(skin.string(widgets_seconds),4)">Visible</animation>
				<animation effect="fade" start="0" end="100" time="150" delay="5000" condition="String.Contains(skin.string(widgets_seconds),5)">Visible</animation>
				<visible>![Container(9000).OnNext | Container(9000).OnPrevious]</visible>
			</control>
			<control type="group" id="602">	<!-- Widgets (panel is 510) -->
				<animation effect="slide" start="0,0" end="0,-480" condition="Skin.HasSetting(higherwidgets) + ![Skin.HasSetting(highermainmenu) | String.IsEqual(Container(9000).ListItem.Property(id),settings) | String.IsEqual(Container(9000).ListItem.Property(id),weather)]">Conditional</animation>
				<animation effect="slide" start="0,0" end="0,-165" condition="Skin.HasSetting(higherwidgets) + Skin.HasSetting(highermainmenu) + ![String.IsEqual(Container(9000).ListItem.Property(id),settings) | String.IsEqual(Container(9000).ListItem.Property(id),weather)]">Conditional</animation>
				<animation effect="slide" start="0,0" end="0,-315" condition="Skin.HasSetting(highermainmenu) + ![String.IsEqual(Container(9000).ListItem.Property(id),settings) | String.IsEqual(Container(9000).ListItem.Property(id),weather)]">Conditional</animation>
				<animation effect="fade" start="100" end="0" time="400" easing="out" tween="sine" condition="[String.Contains(skin.string(widgetsmode),manual) | String.Contains(skin.string(widgetsmode),auto) + !Control.IsVisible(9931) | Player.HasMedia + System.IdleTime(8)] + ![Control.HasFocus(510) | Control.HasFocus(520) | Control.HasFocus(5100)]">Conditional</animation>
				<include condition="Library.HasContent(Movies) + ![String.IsEmpty(skin.string(movieswidget)) | Skin.HasSetting(nomovieswidget)]">mf_contentmovies</include>
				<include condition="Library.HasContent(TVShows) + ![String.IsEmpty(skin.string(tvshowswidget)) | Skin.HasSetting(notvshowswidget)]">mf_contenttvshows</include>
				<include condition="Library.HasContent(MusicVideos) + ![String.IsEmpty(skin.string(concertswidget)) |  Skin.HasSetting(noconcertswidget)]">mf_contentconcerts</include>
				<include condition="Library.HasContent(Music) + ![String.IsEmpty(skin.string(musicwidget)) | Skin.HasSetting(nomusicwidget)]">mf_contentmusic</include>
				<include condition="System.HasAddon(script.favourites) + ![String.IsEmpty(skin.string(favouriteswidget)) | Skin.HasSetting(nofavouriteswidget)]">mf_contentfavourites</include>
				<include condition="!String.IsEmpty(skin.string(mymenu1widget))">mf_contentmymenu1</include>
				<include condition="!String.IsEmpty(skin.string(mymenu2widget))">mf_contentmymenu2</include>
				<include condition="System.HasAddon(script.randomandlastitems) + String.Contains(skin.string(menu1.master),vpl) + !Skin.HasSetting(novpl1widget)">mf_contentvpl1</include>
				<include condition="System.HasAddon(script.randomandlastitems) + String.Contains(skin.string(menu2.master),vpl) + !Skin.HasSetting(novpl2widget)">mf_contentvpl2</include>
				<include condition="System.HasAddon(script.randomandlastitems) + String.Contains(skin.string(menu3.master),vpl) + !Skin.HasSetting(novpl3widget)">mf_contentvpl3</include>
				<include condition="System.HasAddon(script.randomandlastitems) + String.Contains(skin.string(menu4.master),vpl) + !Skin.HasSetting(novpl4widget)">mf_contentvpl4</include>
				<include condition="System.HasAddon(script.randomandlastitems) + String.Contains(skin.string(menu5.master),vpl) + !Skin.HasSetting(novpl5widget)">mf_contentvpl5</include>
				<include condition="System.HasAddon(script.randomandlastitems) + String.Contains(skin.string(menu6.master),vpl) + !Skin.HasSetting(novpl6widget)">mf_contentvpl6</include>
				<include condition="System.HasAddon(script.randomandlastitems) + String.Contains(skin.string(menu7.master),vpl) + !Skin.HasSetting(novpl7widget)">mf_contentvpl7</include>
				<include condition="System.HasAddon(script.randomandlastitems) + String.Contains(skin.string(menu8.master),vpl) + !Skin.HasSetting(novpl8widget)">mf_contentvpl8</include>
				<include condition="System.HasAddon(script.randomandlastitems) + String.Contains(skin.string(menu9.master),vpl) + !Skin.HasSetting(novpl9widget)">mf_contentvpl9</include>
				<include condition="System.HasAddon(script.randomandlastitems) + String.Contains(skin.string(menu10.master),vpl) + !Skin.HasSetting(novpl10widget)">mf_contentvpl10</include>
				<include condition="System.HasAddon(script.randomandlastitems) + String.Contains(skin.string(menu11.master),vpl) + !Skin.HasSetting(novpl11widget)">mf_contentvpl11</include>
				<include condition="System.HasAddon(script.randomandlastitems) + String.Contains(skin.string(menu12.master),vpl) + !Skin.HasSetting(novpl12widget)">mf_contentvpl12</include>
				<include condition="System.HasAddon(script.randomandlastitems) + String.Contains(skin.string(menu13.master),vpl) + !Skin.HasSetting(novpl13widget)">mf_contentvpl13</include>
				<include condition="System.HasAddon(script.randomandlastitems) + String.Contains(skin.string(menu14.master),vpl) + !Skin.HasSetting(novpl14widget)">mf_contentvpl14</include>
				<include condition="System.HasAddon(script.randomandlastitems) + String.Contains(skin.string(menu15.master),vpl) + !Skin.HasSetting(novpl15widget)">mf_contentvpl15</include>
				<include condition="System.HasAddon(script.randomandlastitems) + String.Contains(skin.string(menu16.master),vpl) + !Skin.HasSetting(novpl16widget)">mf_contentvpl16</include>
				<include condition="System.HasAddon(script.randomandlastitems) + String.Contains(skin.string(menu17.master),vpl) + !Skin.HasSetting(novpl17widget)">mf_contentvpl17</include>
				<include condition="System.HasAddon(script.randomandlastitems) + String.Contains(skin.string(menu18.master),vpl) + !Skin.HasSetting(novpl18widget)">mf_contentvpl18</include>
				<include condition="System.HasAddon(script.randomandlastitems) + String.Contains(skin.string(menu19.master),vpl) + !Skin.HasSetting(novpl19widget)">mf_contentvpl19</include>
				<include condition="System.HasAddon(script.randomandlastitems) + String.Contains(skin.string(menu20.master),vpl) + !Skin.HasSetting(novpl20widget)">mf_contentvpl20</include>
				<include condition="System.HasAddon(script.randomandlastitems) + String.Contains(skin.string(menu1.master),apl) + !Skin.HasSetting(noapl1widget)">mf_contentapl1</include>
				<include condition="System.HasAddon(script.randomandlastitems) + String.Contains(skin.string(menu2.master),apl) + !Skin.HasSetting(noapl2widget)">mf_contentapl2</include>
				<include condition="System.HasAddon(script.randomandlastitems) + String.Contains(skin.string(menu3.master),apl) + !Skin.HasSetting(noapl3widget)">mf_contentapl3</include>
				<include condition="System.HasAddon(script.randomandlastitems) + String.Contains(skin.string(menu4.master),apl) + !Skin.HasSetting(noapl4widget)">mf_contentapl4</include>
				<include condition="System.HasAddon(script.randomandlastitems) + String.Contains(skin.string(menu5.master),apl) + !Skin.HasSetting(noapl5widget)">mf_contentapl5</include>
				<include condition="System.HasAddon(script.randomandlastitems) + String.Contains(skin.string(menu6.master),apl) + !Skin.HasSetting(noapl6widget)">mf_contentapl6</include>
				<include condition="System.HasAddon(script.randomandlastitems) + String.Contains(skin.string(menu7.master),apl) + !Skin.HasSetting(noapl7widget)">mf_contentapl7</include>
				<include condition="System.HasAddon(script.randomandlastitems) + String.Contains(skin.string(menu8.master),apl) + !Skin.HasSetting(noapl8widget)">mf_contentapl8</include>
				<include condition="System.HasAddon(script.randomandlastitems) + String.Contains(skin.string(menu9.master),apl) + !Skin.HasSetting(noapl9widget)">mf_contentapl9</include>
				<include condition="System.HasAddon(script.randomandlastitems) + String.Contains(skin.string(menu10.master),apl) + !Skin.HasSetting(noapl10widget)">mf_contentapl10</include>
				<include condition="System.HasAddon(script.randomandlastitems) + String.Contains(skin.string(menu11.master),apl) + !Skin.HasSetting(noapl11widget)">mf_contentapl11</include>
				<include condition="System.HasAddon(script.randomandlastitems) + String.Contains(skin.string(menu12.master),apl) + !Skin.HasSetting(noapl12widget)">mf_contentapl12</include>
				<include condition="System.HasAddon(script.randomandlastitems) + String.Contains(skin.string(menu13.master),apl) + !Skin.HasSetting(noapl13widget)">mf_contentapl13</include>
				<include condition="System.HasAddon(script.randomandlastitems) + String.Contains(skin.string(menu14.master),apl) + !Skin.HasSetting(noapl14widget)">mf_contentapl14</include>
				<include condition="System.HasAddon(script.randomandlastitems) + String.Contains(skin.string(menu15.master),apl) + !Skin.HasSetting(noapl15widget)">mf_contentapl15</include>
				<include condition="System.HasAddon(script.randomandlastitems) + String.Contains(skin.string(menu16.master),apl) + !Skin.HasSetting(noapl16widget)">mf_contentapl16</include>
				<include condition="System.HasAddon(script.randomandlastitems) + String.Contains(skin.string(menu17.master),apl) + !Skin.HasSetting(noapl17widget)">mf_contentapl17</include>
				<include condition="System.HasAddon(script.randomandlastitems) + String.Contains(skin.string(menu18.master),apl) + !Skin.HasSetting(noapl18widget)">mf_contentapl18</include>
				<include condition="System.HasAddon(script.randomandlastitems) + String.Contains(skin.string(menu19.master),apl) + !Skin.HasSetting(noapl19widget)">mf_contentapl19</include>
				<include condition="System.HasAddon(script.randomandlastitems) + String.Contains(skin.string(menu20.master),apl) + !Skin.HasSetting(noapl20widget)">mf_contentapl20</include>
				<include condition="System.HasAddon(script.games.rom.collection.browser) + ![String.IsEmpty(skin.string(gameswidget)) | Skin.HasSetting(nogameswidget)]">mf_contentgames</include>
				<include condition="![String.IsEmpty(skin.string(livetvwidget)) | Skin.HasSetting(nonextairedwidget)]">mf_contentnextaired</include>
				<include condition="!Skin.HasSetting(nosystemwidget)">mf_contentsystem</include>
				<include condition="![String.IsEmpty(skin.string(weatherwidget)) | Skin.HasSetting(noweatherwidget)]">mf_weather</include>
				<include condition="![String.IsEmpty(skin.string(pvrwidget)) | Skin.HasSetting(nopvrwidget)]">mf_contentpvr_tv</include>
			</control>
			<control type="group">  <!-- Library status -->
				<!-- Status da biblioteca -->
				<animation effect="slide" start="-750,0" end="0,0" time="500" delay="2000" tween="sine" easing="out" condition="Window.Previous(Startup)">WindowOpen</animation>
				<animation effect="slide" start="-750,0" end="0,0" time="500" delay="1000" tween="sine" easing="out" condition="!Window.Previous(Startup)">WindowOpen</animation>
				<animation effect="slide" start="-750,0" end="0,0" time="500" delay="500" tween="sine" easing="out">Visible</animation>
				<animation effect="slide" start="0,0" end="-750,0" time="500" tween="sine" easing="out">Hidden</animation>
				<animation effect="slide" start="0,0" end="0,-908" condition="Skin.HasSetting(highertotals) + !Skin.HasSetting(highermainmenu)">Conditional</animation>
				<animation effect="slide" start="0,0" end="0,-594" condition="Skin.HasSetting(highertotals) + Skin.HasSetting(highermainmenu)">Conditional</animation>
				<animation effect="slide" start="0,0" end="0,-315" condition="Skin.HasSetting(highermainmenu)">Conditional</animation>
				<visible>[String.IsEqual(Container(9000).ListItem.Property(id),movies) + Library.HasContent(Movies) | String.IsEqual(Container(9000).ListItem.Property(id),tvshows) + Library.HasContent(TVShows) | String.IsEqual(Container(9000).ListItem.Property(id),concerts) + Library.HasContent(MusicVideos) | String.IsEqual(Container(9000).ListItem.Property(id),music) + Library.HasContent(Music) | String.IsEqual(Container(9000).ListItem.Property(id),favourites) + !String.IsEmpty(Window(0).Property(Favourite.1.Name)) | String.Contains(Container(9000).ListItem.Property(id),vpl) | String.Contains(Container(9000).ListItem.Property(id),apl)] + ![Player.HasMedia + System.IdleTime(8) | Skin.HasSetting(nohometotals) | Control.HasFocus(510) | Skin.HasSetting(highertotals) + [Window.IsVisible(volumebar) | Window.IsVisible(notification) | Library.IsScanningVideo | Library.IsScanningMusic | Window.IsVisible(extendedprogressdialog)]]</visible>
				<!-- 151 was 614 extendedprogress -->
				<control type="image">
					<posx>0</posx>
					<posy>908</posy>
					<width>750</width>
					<height>39</height>
					<texture>widgets_panel.png</texture>
					<colordiffuse>$VAR[value_texturecolor]</colordiffuse>
					<include>Animation_HomeGlass</include>
				</control>
				<control type="label">
					<posx>705</posx>
					<posy>912</posy>
					<width>675</width>
					<height>30</height>
					<align>right</align>
					<aligny>center</aligny>
					<font>Font_14A</font>
					<textcolor>FFFFFAF0</textcolor>
					<label>$VAR[value_librarystatus]</label>
					<animation effect="fade" start="100" end="90" time="0" condition="!Control.Hasfocus(9000)">conditional</animation>
					<scroll>true</scroll>
				</control>
			</control>
			<control type="group">  <!-- date/weather -->
				<!-- Data e clima -->
				<visible>![Skin.HasSetting(nohometime) | Skin.HasSetting(highertime) + [Window.IsVisible(volumebar) | Window.IsVisible(notification) | Library.IsScanningVideo | Library.IsScanningMusic | Window.IsVisible(extendedprogressdialog)]]</visible>
				<animation effect="slide" start="1920,0" end="0,0" time="500" delay="1000" tween="sine" easing="out">WindowOpen</animation>
				<animation effect="slide" start="0,0" end="0,-908" condition="Skin.HasSetting(highertime) + !Skin.HasSetting(highermainmenu)">Conditional</animation>
				<animation effect="slide" start="0,0" end="0,-594" condition="Skin.HasSetting(highertime) + Skin.HasSetting(highermainmenu)">Conditional</animation>
				<animation effect="slide" start="0,0" end="0,-315" condition="Skin.HasSetting(highermainmenu)">Conditional</animation>
				<control type="image">
					<posx>1170</posx>
					<posy>908</posy>
					<width>750</width>
					<height>39</height>
					<texture flipx="true">widgets_panel.png</texture>
					<colordiffuse>$VAR[value_texturecolor]</colordiffuse>
					<include>Animation_HomeGlass</include>
				</control>
				<control type="image">
					<posx>1215</posx>
					<posy>879</posy>
					<width>94</width>
					<height>94</height>
					<aspectratio align="left" aligny="top">keep</aspectratio>
					<texture diffuse="weather_mask.png" background="true">$INFO[Window(Weather).Property(Current.ConditionIcon)]</texture>
				</control>
				<control type="label">
					<posx>1328</posx>
					<posy>912</posy>
					<width>570</width>
					<height>30</height>
					<align>left</align>
					<aligny>center</aligny>
					<font>Font_14A</font>
					<textcolor>FFFFFAF0</textcolor>
					<label>$VAR[value_weather_date]</label>
					<scroll>true</scroll>
					<visible>String.IsEqual(skin.font,Massive)</visible>
					<animation effect="fade" start="100" end="90" time="0" condition="!Control.Hasfocus(9000)">conditional</animation>
					<animation effect="slide" start="0,0" end="-112,0" condition="![String.IsEqual(Weather.Plugin,weather.openweathermap.extended) | String.IsEqual(Weather.Plugin,weather.ozweather) | String.IsEqual(Weather.Plugin,weather.worldweatheronline) | String.IsEqual(Weather.Plugin,weather.wunderground) | String.IsEqual(Weather.Plugin,weather.yahoo) | String.IsEqual(Weather.Plugin,weather.weatherbit.io) | String.IsEqual(Weather.Plugin,weather.multi)]">Conditional</animation>
				</control>
				<control type="label">
					<posx>1328</posx>
					<posy>912</posy>
					<width>570</width>
					<height>30</height>
					<align>left</align>
					<aligny>center</aligny>
					<font>Font_17A</font>
					<textcolor>FFFFFAF0</textcolor>
					<label>$VAR[value_weather_date]</label>
					<scroll>true</scroll>
					<visible>!String.IsEqual(skin.font,Massive)</visible>
					<animation effect="fade" start="100" end="90" time="0" condition="!Control.Hasfocus(9000)">conditional</animation>
					<animation effect="slide" start="0,0" end="-112,0" condition="![String.IsEqual(Weather.Plugin,weather.openweathermap.extended) | String.IsEqual(Weather.Plugin,weather.ozweather) | String.IsEqual(Weather.Plugin,weather.worldweatheronline) | String.IsEqual(Weather.Plugin,weather.wunderground) | String.IsEqual(Weather.Plugin,weather.yahoo) | String.IsEqual(Weather.Plugin,weather.weatherbit.io) | String.IsEqual(Weather.Plugin,weather.multi)]">Conditional</animation>
				</control>
			</control>
			<control type="group">  <!-- player controls -->
				<visible>Player.HasMedia</visible>
				<animation effect="slide" start="1920,0" end="0,0" time="500" delay="1000" tween="sine" easing="out">WindowOpen</animation>
				<animation effect="slide" start="1920,0" end="0,0" time="500" delay="1000" tween="sine" easing="out">Visible</animation>
				<animation effect="slide" start="0,0" end="1920,0" time="500" delay="1000" tween="sine" easing="out">Hidden</animation>
				<animation effect="slide" start="0,0" end="0,-908" condition="Skin.HasSetting(highertime) + !Skin.HasSetting(highermainmenu)">Conditional</animation>
				<animation effect="slide" start="0,0" end="0,-592" condition="Skin.HasSetting(highertime) + Skin.HasSetting(highermainmenu)">Conditional</animation>
				<animation effect="slide" start="0,0" end="0,-315" condition="Skin.HasSetting(highermainmenu)">Conditional</animation>
				<control type="image">
					<posx>1388</posx>
					<posy>777</posy>
					<width>750</width>
					<height>42</height>
					<texture flipx="true" flipy="true">widgets_panel.png</texture>
					<colordiffuse>$VAR[value_texturecolor]</colordiffuse>
					<include>Animation_HomeGlass</include>
				</control>
				<control type="list" id="600">  <!--  player controls -->
					<posx>1455</posx>
					<posy>747</posy>
					<height>300</height>
					<width>600</width>
					<ondown>9000</ondown>
					<onup>SetFocus($VAR[Top_GoTo])</onup>
					<onleft>600</onleft>
					<onright>600</onright>
					<viewtype>list</viewtype>
					<align>right</align>
					<orientation>horizontal</orientation>
					<scrolltime>200</scrolltime>
					<focusposition>0</focusposition>
					<itemlayout width="46" height="60">
						<control type="image">
							<posy>33</posy>
							<width>36</width>
							<height>36</height>
							<info>ListItem.Icon</info>
							<colordiffuse>50FFFAF0</colordiffuse>
							<include>Animation_Fade</include>
						</control>
					</itemlayout>
					<focusedlayout width="46" height="60">
						<control type="image">
							<posy>33</posy>
							<width>36</width>
							<height>36</height>
							<info>ListItem.Icon</info>
							<colordiffuse>50FFFAF0</colordiffuse>
							<include>Animation_Fade</include>
							<visible>!Control.HasFocus(600)</visible>
						</control>
						<control type="image">
							<posy>33</posy>
							<width>36</width>
							<height>36</height>
							<info>ListItem.Icon</info>
							<colordiffuse>FFFFFAF0</colordiffuse>
							<include>Animation_Fade</include>
							<visible>Control.HasFocus(600)</visible>
						</control>
					</focusedlayout>
					<content>
						<item id="1">
							<!-- play DVD -->
							<label></label>
							<icon>osd_menu_play_square.png</icon>
							<onclick>PlayDVD</onclick>
							<visible>System.HasMediaDVD + ![Player.Playing | Player.Paused | Player.Forwarding | Player.Rewinding]</visible>
						</item>
						<item id="2">
							<!-- pause -->
							<label></label>
							<icon>osd_menu_pause_square.png</icon>
							<onclick>PlayerControl(Play)</onclick>
							<visible>!Player.Paused</visible>
						</item>
						<item id="3">
							<!-- play -->
							<label></label>
							<icon>osd_menu_play_square.png</icon>
							<onclick>PlayerControl(Play)</onclick>
							<visible>Player.Paused</visible>
						</item>
						<item id="4">
							<!-- playlist -->
							<label></label>
							<icon>osd_menu_plyalist_square.png</icon>
							<onclick>ActivateWindow(musicplaylist)</onclick>
							<visible>Player.HasAudio + !String.IsEmpty(MusicPlayer.offset(1).Artist)</visible>
						</item>
						<item id="5">
							<!-- stop -->
							<label></label>
							<icon>osd_menu_stop_square.png</icon>
							<onclick>PlayerControl(Stop)</onclick>
							<onclick>SetFocus(9000)</onclick>
						</item>
						<item id="6">
							<!-- skipbwd -->
							<label></label>
							<icon>osd_menu_skipbwd_square.png</icon>
							<onclick>PlayerControl(Previous)</onclick>
							<visible>!VideoPlayer.Content(LiveTV)</visible>
						</item>
						<item id="6">
							<!-- - canal -->
							<label></label>
							<icon>osd_menu_skipbwd_channeldown.png</icon>
							<onclick>PlayerControl(Previous)</onclick>
							<visible>VideoPlayer.Content(LiveTV)</visible>
						</item>
						<item id="7">
							<!-- rew -->
							<label></label>
							<icon>osd_menu_rew_square.png</icon>
							<onclick>PlayerControl(Rewind)</onclick>
						</item>
						<item id="8">
							<!-- ff -->
							<label></label>
							<icon>osd_menu_ff_square.png</icon>
							<onclick>PlayerControl(Forward)</onclick>
						</item>
						<item id="9">
							<!-- skipfwd -->
							<label></label>
							<icon>osd_menu_skipfwd_square.png</icon>
							<onclick>PlayerControl(Next)</onclick>
							<visible>!VideoPlayer.Content(LiveTV)</visible>
						</item>
						<item id="9">
							<!-- + canal -->
							<label></label>
							<icon>osd_menu_skipfwd_channelup.png</icon>
							<onclick>PlayerControl(Next)</onclick>
							<visible>VideoPlayer.Content(LiveTV)</visible>
						</item>
						<item id="10">
							<!-- repeat -->
							<label></label>
							<icon>$VAR[value_playericon_repeat]</icon>
							<onclick>PlayerControl(Repeat)</onclick>
							<visible>!VideoPlayer.Content(LiveTV)</visible>
						</item>
						<item id="11">
							<!-- random -->
							<label></label>
							<icon>$VAR[value_playericon_random]</icon>
							<onclick>PlayerControl(Random)</onclick>
							<visible>!VideoPlayer.Content(LiveTV)</visible>
						</item>
						<item id="12">
							<!-- go to fullscreen -->
							<label></label>
							<icon>osd_menu_fullscreen_square.png</icon>
							<onclick>fullscreen</onclick>
						</item>
					</content>
				</control>
			</control>
			<control type="group">  <!-- widgets subtitle (label2) -->
				<!-- Subtitulo dos widgets -->
				<animation effect="slide" start="-750,0" end="0,0" time="500" delay="1000" tween="sine" easing="out">Visible</animation>
				<animation effect="slide" start="0,0" end="-750,0" time="500" tween="sine" easing="out">Hidden</animation>
				<animation effect="slide" start="0,0" end="0,-908" condition="Skin.HasSetting(highertotals) + !Skin.HasSetting(highermainmenu)">Conditional</animation>
				<animation effect="slide" start="0,0" end="0,-592" condition="Skin.HasSetting(highertotals) + Skin.HasSetting(highermainmenu)">Conditional</animation>
				<animation effect="slide" start="0,0" end="0,-315" condition="Skin.HasSetting(highermainmenu)">Conditional</animation>
				<visible>Control.HasFocus(510)</visible>
				<control type="image">
					<posx>0</posx>
					<posy>908</posy>
					<width>750</width>
					<height>39</height>
					<texture>widgets_panel.png</texture>
					<colordiffuse>$VAR[value_texturecolor]</colordiffuse>
					<include>Animation_HomeGlass</include>
				</control>
				<control type="label">
					<posx>705</posx>
					<posy>912</posy>
					<width>675</width>
					<height>30</height>
					<align>right</align>
					<aligny>center</aligny>
					<font>Font_18A</font>
					<textcolor>FFFFFAF0</textcolor>
					<label>$VAR[value_mfsubtitle]</label>
					<scroll>true</scroll>
				</control>
			</control>
			<!-- Menu Principal -->
			<control type="group">  <!-- main menu -->
				<animation effect="slide" start="0,0" end="0,-315" time="400" tween="cubic" easing="inout" condition="Skin.HasSetting(highermainmenu)">Conditional</animation>
				<visible>String.IsEqual(skin.string(defaultsettings),2)</visible>
				<control type="image">
					<posx>0</posx>
					<posy>818</posy>
					<width>1920</width>
					<height>90</height>
					<texture>$VAR[value_mainmenu_aux]</texture>
					<colordiffuse>$VAR[value_mainmenu_styleglass]</colordiffuse>
				</control>
				<control type="multiimage">
					<!-- Barra de estilos -->
					<posx>0</posx>
					<posy>818</posy>
					<width>1920</width>
					<height>90</height>
					<timeperimage>6000</timeperimage>
					<randomize>true</randomize>
					<fadetime>FanartCrossFadeTime</fadetime>
					<imagepath background="true">$VAR[value_mainmenu_style]</imagepath>
					<colordiffuse>$VAR[value_mainmenu_styleglass]</colordiffuse>
				</control>
				<control type="image">
					<posx>0</posx>
					<posy>818</posy>
					<width>1920</width>
					<height>1</height>
					<texture>separator.png</texture>
					<colordiffuse>$VAR[value_texturecolor]</colordiffuse>
					<include>Animation_HomeGlass</include>
				</control>
				<control type="image">
					<posx>0</posx>
					<posy>908</posy>
					<width>1920</width>
					<height>1</height>
					<texture>separator.png</texture>
					<colordiffuse>$VAR[value_texturecolor]</colordiffuse>
					<include>Animation_HomeGlass</include>
				</control>
				<control type="image">
					<posx>0</posx>
					<posy>774</posy>
					<width>1920</width>
					<height>45</height>
					<texture>shadow_h.png</texture>
					<colordiffuse>C3FFFFFF</colordiffuse>
				</control>
				<control type="image">
					<posx>0</posx>
					<posy>908</posy>
					<width>1920</width>
					<height>45</height>
					<texture flipy="true">shadow_h.png</texture>
					<colordiffuse>C3FFFFFF</colordiffuse>
				</control>
				<include condition="Skin.HasSetting(mainmenufixedlist)">MainMenuFixedList</include>
				<include condition="!Skin.HasSetting(mainmenufixedlist)">MainMenuWrapList</include>
				<control type="progress">
					<posx>0</posx>
					<posy>800</posy>
					<width>1920</width>
					<height>128</height>
					<info>Player.Progress</info>
					<texturebg>progress_clear.png</texturebg>
					<animation effect="fade" start="100" end="40" time="0" condition="true">Conditional</animation>
					<animation effect="fade" start="0" end="100" time="750" condition="Player.HasMedia + System.IdleTime(8)">Conditional</animation>
					<visible>Player.HasMedia + System.IdleTime(8) + !VideoPlayer.Content(liveTV)</visible>
				</control>
				<control type="progress">
					<posx>0</posx>
					<posy>800</posy>
					<width>1920</width>
					<height>128</height>
					<info2>PVR.TimeshiftProgressEpgStart</info2>
					<info>PVR.TimeshiftProgressPlayPos</info>
					<texturebg>progress_clear.png</texturebg>
					<animation effect="fade" start="100" end="40" time="0" condition="true">Conditional</animation>
					<animation effect="fade" start="0" end="100" time="750" condition="Player.HasMedia + System.IdleTime(8)">Conditional</animation>
					<visible>System.IdleTime(8) + VideoPlayer.Content(liveTV)</visible>
				</control>
				<control type="grouplist">	<!-- play  progress -->
					<posx>0</posx>
					<posy>807</posy>
					<width>1920</width>
					<height>105</height>
					<itemgap>0</itemgap>
					<control type="label">
						<include condition="String.IsEqual(skin.string(font),font1)">Font1</include>
						<include condition="String.IsEqual(skin.string(font),font2)">Font2</include>
						<include condition="String.IsEqual(skin.string(font),font3)">Font3</include>
						<include condition="String.IsEqual(skin.string(font),font4)">Font4</include>
						<include condition="String.IsEqual(skin.string(font),font5)">Font5</include>
						<include condition="String.IsEqual(skin.string(font),font6)">Font6</include>
						<include condition="String.IsEqual(skin.string(font),font7)">Font7</include>
						<include condition="String.IsEqual(skin.string(font),font8)">Font8</include>
						<aligny>center</aligny>
						<label>$VAR[PlayProgress]</label>
						<animation effect="fade" start="0" end="100" time="750" condition="Player.HasMedia + System.IdleTime(8)">Conditional</animation>
						<visible>Player.HasMedia + System.IdleTime(8)</visible>
					</control>
					<control type="label">
						<!-- Titulo dos widgets -->
						<include condition="String.IsEqual(skin.string(font),font1)">Font1</include>
						<include condition="String.IsEqual(skin.string(font),font2)">Font2</include>
						<include condition="String.IsEqual(skin.string(font),font3)">Font3</include>
						<include condition="String.IsEqual(skin.string(font),font4)">Font4</include>
						<include condition="String.IsEqual(skin.string(font),font5)">Font5</include>
						<include condition="String.IsEqual(skin.string(font),font6)">Font6</include>
						<include condition="String.IsEqual(skin.string(font),font7)">Font7</include>
						<include condition="String.IsEqual(skin.string(font),font8)">Font8</include>
						<aligny>center</aligny>
						<label>$INFO[Container(510).ListItem.Label]</label>
						<animation effect="fade" reversible="true" time="300">VisibleChange</animation>
						<animation effect="fade" start="100" end="0" time="750" condition="Player.HasMedia + System.IdleTime(8)">Conditional</animation>
						<visible>Control.HasFocus(510)</visible>
					</control>
					<control type="label">
						<!-- Titulo dos controles -->
						<include condition="String.IsEqual(skin.string(font),font1)">Font1</include>
						<include condition="String.IsEqual(skin.string(font),font2)">Font2</include>
						<include condition="String.IsEqual(skin.string(font),font3)">Font3</include>
						<include condition="String.IsEqual(skin.string(font),font4)">Font4</include>
						<include condition="String.IsEqual(skin.string(font),font5)">Font5</include>
						<include condition="String.IsEqual(skin.string(font),font6)">Font6</include>
						<include condition="String.IsEqual(skin.string(font),font7)">Font7</include>
						<include condition="String.IsEqual(skin.string(font),font8)">Font8</include>
						<aligny>center</aligny>
						<label>$VAR[value_playercontrols]</label>
						<animation effect="fade" reversible="true" time="300">VisibleChange</animation>
						<animation effect="fade" start="100" end="0" time="750" condition="Player.HasMedia + System.IdleTime(8)">Conditional</animation>
						<visible>Control.HasFocus(600)</visible>
					</control>
				</control>
				<control type="image">
					<posx>0</posx>
					<posy>818</posy>
					<width>1920</width>
					<height>92</height>
					<aspectratio>stretch</aspectratio>
					<texture>gradient_small.png</texture>
					<colordiffuse>C3FFFFFF</colordiffuse>
				</control>
				<control type="image">
					<posx>0</posx>
					<posy>818</posy>
					<width>1920</width>
					<height>92</height>
					<aspectratio>stretch</aspectratio>
					<texture>osd_glass.png</texture>
					<visible>Skin.HasSetting(mainmenuglass)</visible>
				</control>
			</control>
			<control type="button" id="5201">
				<posx>1830</posx>
				<posy>990</posy>
				<width>90</width>
				<height>90</height>
				<onclick>Skin.SetBool(submode)</onclick>
				<onclick>ActivateWindow($VAR[Sub_GoTo])</onclick>
				<align>left</align>
				<texturefocus flipy="true">touchbutton.png</texturefocus>
				<texturenofocus flipy="true">touchbutton.png</texturenofocus>
				<colordiffuse>FFFFFAF0</colordiffuse>
				<include>Animation_Fade</include>
				<animation effect="fade" start="100" end="75" time="0" condition="!Control.Hasfocus(5201)">conditional</animation>
				<visible>Skin.HasSetting(touchscreen) + !Skin.HasSetting(submode)</visible>
			</control>
			<include>BGBlack</include>
			<include>TrailerWindow</include>
		</control>
	</controls>
</window>
