<?xml version="1.0" encoding="UTF-8"?>
<!-- Aeon MQ 5 Isengard 7.1.8/7.1.9 -->
<!-- Krypton 9.1.19/9.2.1 window IDs/9.2.3-->
<!-- Leia 10.3.0/10.4.010.5.0/10.6.1 -->
<!-- Matrix 11.0.2 -->
<window>
	<defaultcontrol>23</defaultcontrol>
	<visible>Window.IsActive(fullscreenvideo) + ![Window.IsActive(videoosd) | [Skin.HasSetting(nopausedlabel) + [Player.FrameAdvance | Player.Paused]] | Window.IsActive(fullscreeninfo) | Window.IsActive(osdvideosettings) | Window.IsActive(osdaudiosettings) | Window.IsActive(SubtitleSearch)]</visible>
	<visible>Player.Seeking | Player.Paused | Player.Forwarding | Player.Rewinding | Player.IsTempo</visible>
	<controls>
		<control type="group">
			<!-- Upper bar furniture full and partial -->
			<animation effect="slide" time="400" start="0,-375" end="0,0" easing="inout" tween="cubic">WindowOpen</animation>
			<animation effect="slide" time="400" start="0,-375" end="0,0" easing="inout" tween="cubic">Visible</animation>
			<animation effect="slide" time="400" start="0,0" end="0,-375" easing="inout" tween="cubic">WindowClose</animation>
			<animation effect="slide" time="400" start="0,0" end="0,-375" easing="inout" tween="cubic">Hidden</animation>
			<visible>![String.Contains(skin.string(videofurniture),hide) | Window.IsActive(pvrchannelguide) | Window.IsActive(pvrosdchannels) | Player.IsTempo]</visible>
			<control type="image">
				<posx>0</posx>
				<posy>0</posy>
				<height>375</height>
				<width>1920</width>
				<texture flipy="true">shadow_mask.png</texture>
				<colordiffuse>E4000000</colordiffuse>
			</control>
			<control type="label">
				<!-- Title -->
				<posx>45</posx>
				<posy>12</posy>
				<width>1650</width>
				<height>60</height>
				<font>Font_40</font>
				<label>$VAR[value_videoosdtitle]</label>
				<textcolor>FFFFFAF0</textcolor>
				<scroll>true</scroll>
				<scrollout>false</scrollout>
			</control>
			<control type="label">
				<posx>45</posx>
				<posy>82</posy>
				<width>1650</width>
				<height>38</height>
				<font>Font_18A</font>
				<label>$VAR[value_videoosdtag]</label>
				<textcolor>90FFFFFF</textcolor>
				<scroll>true</scroll>
				<scrollout>false</scrollout>
			</control>
			<control type="image">
				<!-- User Star -->
				<posx>1650</posx>
				<posy>15</posy>
				<width>110</width>
				<height>110</height>
				<align>center</align>
				<aligny>center</aligny>
				<texture>star.png</texture>
				<colordiffuse>FFFFFF40</colordiffuse>
				<visible>!IsEmpty(VideoPlayer.UserRating) + !VideoPlayer.Content(LiveTV)</visible>
			</control>
			<control type="label">
				<posx>1659</posx>
				<posy>30</posy>
				<width>90</width>
				<height>90</height>
				<align>center</align>
				<aligny>center</aligny>
				<font>Font_18A</font>
				<label>[B]$INFO[VideoPlayer.UserRating][/B]</label>
				<textcolor>FF101010</textcolor>
				<visible>!IsEmpty(VideoPlayer.UserRating) + !VideoPlayer.Content(LiveTV)</visible>
			</control>
			<control type="image">
				<!-- Scraped Star -->
				<posx>1768</posx>
				<posy>15</posy>
				<width>110</width>
				<height>110</height>
				<align>center</align>
				<aligny>center</aligny>
				<texture>star.png</texture>
				<colordiffuse>FFFFFAF0</colordiffuse>
				<visible>!VideoPlayer.Content(LiveTV)</visible>
			</control>
			<control type="label">
				<posx>1778</posx>
				<posy>30</posy>
				<width>90</width>
				<height>90</height>
				<align>center</align>
				<aligny>center</aligny>
				<font>Font_18A</font>
				<label>[B]$INFO[VideoPlayer.Rating][/B]</label>
				<textcolor>FF101010</textcolor>
				<visible>!VideoPlayer.Content(LiveTV)</visible>
			</control>
		</control>
		<control type="group">
			<!-- Lower bar all furniture except hidden if tempo changes -->
			<animation effect="slide" time="400" start="0,1200" end="0,0" easing="out" tween="cubic">WindowOpen</animation>
			<animation effect="slide" time="400" start="0,0" end="0,1200" easing="in" tween="cubic">WindowClose</animation>
			<visible>!Player.IsTempo + [Player.Seeking | Player.DisplayAfterSeek]</visible>
			<control type="image">
				<posx>0</posx>
				<posy>825</posy>
				<height>255</height>
				<width>1920</width>
				<texture>shadow_mask.png</texture>
				<colordiffuse>E4000000</colordiffuse>
			</control>
			<control type="group">
				<!-- bottom left bar group slide up for ffwd -->
				<animation effect="slide" start="0,0" end="0,-38" time="300" tween="cubic" easing="out" condition="Player.Forwarding">Conditional</animation>
				<control type="progress" id="23">
					<posx>30</posx>
					<posy>996</posy>
					<width>375</width>
					<height>15</height>
					<info>Player.Progress</info>
				</control>
				<control type="ranges" id="1889">
					<posx>30</posx>
					<posy>988</posy>
					<width>375</width>
					<height>15</height>
					<info>Player.Chapters</info>
					<righttexture>progress_mid.png</righttexture>
					<!-- <animation effect="fade" time="200">VisibleChange</animation> -->
				</control>
				<control type="label">
					<posx>45</posx>
					<posy>1020</posy>
					<width>345</width>
					<height>38</height>
					<font>Font_23</font>
					<align>center</align>
					<textcolor>FFFFFAF0</textcolor>
					<label>$INFO[Player.Time] / $INFO[Player.Duration]</label>
					<visible>!Player.Seeking</visible>
				</control>
				<control type="label">
					<posx>45</posx>
					<posy>1020</posy>
					<width>345</width>
					<height>38</height>
					<font>Font_23</font>
					<align>center</align>
					<textcolor>FFFFFAF0</textcolor>
					<label>$INFO[Player.SeekTime] / $INFO[Player.Duration]</label>
					<visible>Player.Seeking</visible>
				</control>
				<control type="label">
					<posx>390</posx>
					<posy>1020</posy>
					<width>345</width>
					<height>38</height>
					<font>Font_23</font>
					<align>center</align>
					<textcolor>FFFFFAF0</textcolor>
					<label>$VAR[SeekLabel]</label>
					<visible>Player.Seeking | Player.DisplayAfterSeek</visible>
				</control>
			</control>
			<control type="group">
				<!-- bottom right bar group Furniture full partial slide up for rwd -->
				<animation effect="slide" start="0,0" end="0,-38" time="300" tween="cubic" easing="out" condition="Player.Rewinding">Conditional</animation>
				<visible>!String.Contains(skin.string(videofurniture),hide)</visible>
				<control type="label">
					<!-- Hora atual -->
					<posx>1492</posx>
					<posy>996</posy>
					<width>180</width>
					<height>38</height>
					<align>right</align>
					<aligny>center</aligny>
					<font>Font_15</font>
					<textcolor>$VAR[value_headercolor]</textcolor>
					<label>31310</label>
				</control>
				<control type="label">
					<posx>1492</posx>
					<posy>1020</posy>
					<width>180</width>
					<height>38</height>
					<align>right</align>
					<font>Font_23</font>
					<textcolor>FFFFFAF0</textcolor>
					<label>$INFO[System.Time]</label>
				</control>
				<control type="image">
					<posx>1497</posx>
					<posy>998</posy>
					<height>60</height>
					<width>1</width>
					<texture>line_v.png</texture>
				</control>
				<control type="label">
					<!-- Tempo restante -->
					<posx>1702</posx>
					<posy>996</posy>
					<width>202</width>
					<height>38</height>
					<align>right</align>
					<aligny>center</aligny>
					<font>Font_15</font>
					<textcolor>$VAR[value_headercolor]</textcolor>
					<label>31991</label>
				</control>
				<control type="label">
					<posx>1702</posx>
					<posy>1020</posy>
					<width>202</width>
					<height>38</height>
					<align>right</align>
					<font>Font_23</font>
					<textcolor>FFFFFAF0</textcolor>
					<label>$INFO[Player.TimeRemaining]</label>
				</control>
				<control type="image">
					<posx>1707</posx>
					<posy>998</posy>
					<height>60</height>
					<width>1</width>
					<texture>line_v.png</texture>
				</control>
				<control type="label">
					<!-- Hora do termino -->
					<posx>1875</posx>
					<posy>996</posy>
					<width>180</width>
					<height>38</height>
					<align>right</align>
					<aligny>center</aligny>
					<font>Font_15</font>
					<textcolor>$VAR[value_headercolor]</textcolor>
					<label>31311</label>
					<scroll>true</scroll>
				</control>
				<control type="label">
					<posx>1875</posx>
					<posy>1020</posy>
					<width>180</width>
					<height>38</height>
					<align>right</align>
					<font>Font_23</font>
					<textcolor>FFFFFAF0</textcolor>
					<label>$INFO[Player.FinishTime]</label>
				</control>
			</control>
		</control>
		<control type="group">
			<!-- paused flags -->
			<visible>Player.Paused</visible>
			<posy>-52</posy>
			<animation effect="slide" time="800" start="0,1200" end="0,0" easing="inout" tween="cubic" condition="System.IdleTime(3)">Conditional</animation>
			<animation effect="slide" time="800" start="0,0" end="0,1200" easing="inout" tween="cubic" condition="!System.IdleTime(3)">Conditional</animation>
			<animation effect="slide" start="0,0" end="0,750" time="700" tween="cubic" easing="out" condition="String.Contains(skin.string(videofurniture),partial) | String.Contains(skin.string(videofurniture),hide)">Conditional</animation>
			<control type="image">
				<!-- Barra de flags -->
				<posx>330</posx>
				<posy>970</posy>
				<height>46</height>
				<width>930</width>
				<colordiffuse>$VAR[value_flagsbar]</colordiffuse>
				<texture>whitebar_h.png</texture>
			</control>
			<control type="grouplist">
				<!-- Etiquetas -->
				<posx>345</posx>
				<posy>956</posy>
				<orientation>horizontal</orientation>
				<itemgap>20</itemgap>
				<control type="image">
					<!-- Flags -->
					<include>FlagImage</include>
					<texture background="true">$VAR[value_mpaa_fs]</texture>
				</control>
				<control type="image">
					<include>FlagImage</include>
					<texture background="true">$VAR[value_videocodec_fs]</texture>
				</control>
				<control type="image">
					<!-- Resolution -->
					<include>FlagImage</include>
					<texture>$INFO[VideoPlayer.VideoResolution,flags/resolution/,.png]</texture>
				</control>
				<control type="image">
					<!-- Aspect -->
					<include>FlagImage</include>
					<texture>$INFO[Videoplayer.VideoAspect,flags/aspectratio/,.png]</texture>
				</control>
				<control type="image">
					<!-- Audio Codec -->
					<include>FlagImage</include>
					<texture>$INFO[VideoPlayer.AudioCodec,flags/audiocodec/,.png]</texture>
				</control>
				<control type="image">
					<!-- Channels -->
					<include>FlagImage</include>
					<texture>$INFO[VideoPlayer.AudioChannels,flags/audiochannels/,ch.png]</texture>
				</control>
			</control>
			<control type="image">
				<!-- Logo e Clearart -->
				<posx>1620</posx>
				<posy>110</posy>
				<width>270</width>
				<height>510</height>
				<aspectratio aligny="bottom">keep</aspectratio>
				<texture background="true">$VAR[value_art]</texture>
			</control>
			<control type="image">
				<!-- Fundo -->
				<posx>0</posx>
				<posy>602</posy>
				<width>1920</width>
				<height>450</height>
				<texture>widget_fullscreen.png</texture>
				<colordiffuse>$VAR[value_texturecolor]</colordiffuse>
				<include>Animation_DefaultGlass</include>
			</control>
			<control type="image">
				<!-- Barra de titulos -->
				<posx>0</posx>
				<posy>621</posy>
				<width>1920</width>
				<height>30</height>
				<texture>darkgrey.png</texture>
				<colordiffuse>$VAR[value_texturecolor]</colordiffuse>
				<include>Animation_DefaultGlass</include>
			</control>
			<control type="group">
				<!-- CDart -->
				<animation effect="slide" time="800" start="0,128" end="0,0" easing="inout" tween="cubic" condition="System.IdleTime(4)">Conditional</animation>
				<animation effect="slide" time="800" start="0,0" end="0,128" easing="inout" tween="cubic" condition="!System.IdleTime(4)">Conditional</animation>
				<visible>!String.IsEmpty(Player.Art(discart))</visible>
				<control type="image">
					<animation effect="rotate" end="-360" center="auto" time="2000" loop="true" reversible="false" condition="String.IsEqual(skin.string(cdart_seconds),2000)">Conditional</animation>
					<animation effect="rotate" end="-360" center="auto" time="4000" loop="true" reversible="false" condition="String.IsEqual(skin.string(cdart_seconds),4000)">Conditional</animation>
					<animation effect="rotate" end="-360" center="auto" time="8000" loop="true" reversible="false" condition="String.IsEqual(skin.string(cdart_seconds),8000)">Conditional</animation>
					<animation effect="rotate" end="-360" center="auto" time="16000" loop="true" reversible="false" condition="String.IsEqual(skin.string(cdart_seconds),16000)">Conditional</animation>
					<animation effect="rotate" end="-360" center="auto" time="20000" loop="true" reversible="false" condition="String.IsEqual(skin.string(cdart_seconds),20000)">Conditional</animation>
					<posx>30</posx>
					<posy>488</posy>
					<width>270</width>
					<height>270</height>
					<texture diffuse="cdart_diffuse.png" background="true">$VAR[value_videodisc]</texture>
					<aspectratio align="center" aligny="center">keep</aspectratio>
					<visible>!String.IsEmpty(Player.Art(discart))</visible>
				</control>
			</control>
			<control type="image">
				<posx>12</posx>
				<posy>624</posy>
				<width>291</width>
				<height>402</height>
				<texture>darkgrey.png</texture>
				<colordiffuse>$VAR[value_texturecolor]</colordiffuse>
			</control>
			<control type="image">
				<!-- Cover -->
				<posx>15</posx>
				<posy>624</posy>
				<width>285</width>
				<height>402</height>
				<texture>$VAR[value_thumbfullscreen]</texture>
				<aspectratio align="right">keep</aspectratio>
				<bordertexture border="-2">darkgrey.png</bordertexture>
			</control>
			<control type="label">
				<!-- Titulo enredo -->
				<posx>330</posx>
				<posy>618</posy>
				<width>450</width>
				<height>38</height>
				<align>left</align>
				<font>Font_17A</font>
				<textcolor>$VAR[value_headercolor]</textcolor>
				<label>31530</label>
			</control>
			<control type="textbox">
				<!-- Plot -->
				<posx>330</posx>
				<posy>668</posy>
				<width>930</width>
				<height>270</height>
				<font>Font_18A</font>
				<label>$INFO[VideoPlayer.Plot]</label>
				<textcolor>FFFFFAF0</textcolor>
				<autoscroll delay="20000" time="4000" repeat="15000">true</autoscroll>
			</control>
			<control type="group">
				<visible>!VideoPlayer.Content(LiveTV)</visible>
				<control type="label">
					<!-- Titulo elenco -->
					<posx>1320</posx>
					<posy>618</posy>
					<width>450</width>
					<height>38</height>
					<align>left</align>
					<font>Font_17A</font>
					<textcolor>$VAR[value_headercolor]</textcolor>
					<label>31703</label>
				</control>
				<control type="textbox">
					<!-- Cast -->
					<posx>1320</posx>
					<posy>668</posy>
					<width>570</width>
					<height>345</height>
					<font>Font_18A</font>
					<label>$INFO[VideoPlayer.CastAndRole]</label>
					<textcolor>FFFFFAF0</textcolor>
					<autoscroll delay="20000" time="4000" repeat="15000">true</autoscroll>
					<visible>Player.Paused</visible>
				</control>
			</control>
		</control>
		<!-- Seek Widget + support for player tempo-->
		<control type="group">
			<control type="group">
				<posx>-750</posx>
				<posy>1040</posy>
				<width>748</width>
				<height>42</height>
				<animation effect="slide" end="300,0" time="200" condition="Player.Forwarding2x">Conditional</animation>
				<animation effect="slide" end="412,0" time="200" condition="Player.Forwarding4x">Conditional</animation>
				<animation effect="slide" end="525,0" time="200" condition="Player.Forwarding8x">Conditional</animation>
				<animation effect="slide" end="638,0" time="200" condition="Player.Forwarding16x">Conditional</animation>
				<animation effect="slide" end="748,0" time="200" condition="Player.Forwarding32x">Conditional</animation>
				<control type="image">
					<posx>0</posx>
					<posy>0</posy>
					<width>748</width>
					<height>42</height>
					<texture flipy="true">osd_button_reverse.png</texture>
				</control>
				<control type="label">
					<include>Objects_OSDSeekForward</include>
					<label>$VAR[value_seekforward]</label>
				</control>
			</control>
			<control type="group">
				<posx>-750</posx>
				<posy>1040</posy>
				<width>748</width>
				<height>42</height>
				<visible>Player.IsTempo</visible>
				<animation type="Conditional" condition="String.IsEqual(Player.Playspeed,0.80)" reversible="false">
					<effect type="slide" end="300,0" time="200" />
					<effect type="fade" start="100" end="0" time="3000" />
				</animation>
				<animation type="Conditional" condition="String.IsEqual(Player.Playspeed,0.90)" reversible="false">
					<effect type="slide" end="300,0" time="200" />
					<effect type="fade" start="100" end="0" time="3000" />
				</animation>
				<animation type="Conditional" condition="String.IsEqual(Player.Playspeed,1.10)" reversible="false">
					<effect type="slide" end="300,0" time="200" />
					<effect type="fade" start="100" end="0" time="3000" />
				</animation>
				<animation type="Conditional" condition="String.IsEqual(Player.Playspeed,1.20)" reversible="false">
					<effect type="slide" end="300,0" time="200" />
					<effect type="fade" start="100" end="0" time="3000" />
				</animation>
				<animation type="Conditional" condition="String.IsEqual(Player.Playspeed,1.30)" reversible="false">
					<effect type="slide" end="300,0" time="200" />
					<effect type="fade" start="100" end="0" time="3000" />
				</animation>
				<animation type="Conditional" condition="String.IsEqual(Player.Playspeed,1.40)" reversible="false">
					<effect type="slide" end="300,0" time="200" />
					<effect type="fade" start="100" end="0" time="3000" />
				</animation>
				<animation type="Conditional" condition="String.IsEqual(Player.Playspeed,1.50)" reversible="false">
					<effect type="slide" end="300,0" time="200" />
					<effect type="fade" start="100" end="0" time="3000" />
				</animation>
				<control type="image">
					<posx>0</posx>
					<posy>0</posy>
					<width>748</width>
					<height>42</height>
					<texture flipy="true">osd_button_reverse.png</texture>
				</control>
				<control type="label">
					<include>Objects_OSDSeekForward</include>
					<label>$VAR[value_seekforward]</label>
				</control>
			</control>
			<control type="group">
				<posx>1920</posx>
				<posy>1040</posy>
				<width>748</width>
				<height>42</height>
				<animation effect="slide" end="-300,0" time="200" condition="Player.Rewinding2x">Conditional</animation>
				<animation effect="slide" end="-412,0" time="200" condition="Player.Rewinding4x">Conditional</animation>
				<animation effect="slide" end="-525,0" time="200" condition="Player.Rewinding8x">Conditional</animation>
				<animation effect="slide" end="-638,0" time="200" condition="Player.Rewinding16x">Conditional</animation>
				<animation effect="slide" end="-748,0" time="200" condition="Player.Rewinding32x">Conditional</animation>
				<control type="image">
					<posx>0</posx>
					<posy>0</posy>
					<width>748</width>
					<height>42</height>
					<texture flipy="true" flipx="true">osd_button_reverse.png</texture>
				</control>
				<control type="label">
					<include>Objects_OSDSeekReverse</include>
					<label>$VAR[value_seekreverse]</label>
				</control>
			</control>
		</control>
		<control type="label">
			<posx>-480</posx>
			<posy>270</posy>
			<width>2880</width>
			<height>158</height>
			<align>center</align>
			<aligny>center</aligny>
			<font>Font_100</font>
			<label>31737</label>
			<textcolor>80FFFAF0</textcolor>
			<visible>Player.Paused + !Skin.HasSetting(nopausedlabel)</visible>
			<animation type="Visible">
				<effect type="slide" start="0,-900" end="0,0" time="600" tween="cubic" easing="out" />
				<effect type="fade" start="0" end="100" time="600" />
			</animation>
			<animation type="WindowOpen">
				<effect type="slide" start="0,-900" end="0,0" time="600" tween="cubic" easing="out" />
				<effect type="fade" start="0" end="100" time="600" />
			</animation>
			<animation type="WindowClose">
				<effect type="slide" start="0,0" end="-900,0" time="600" tween="cubic" easing="out" />
				<effect type="fade" start="100" end="0" time="600" />
			</animation>
			<animation type="Hidden">
				<effect type="slide" start="0,0" end="-900,0" time="600" tween="cubic" easing="out" />
				<effect type="fade" start="100" end="0" time="600" />
			</animation>
		</control>
	</controls>
</window>
