<?xml version="1.0" encoding="UTF-8"?>
<!-- Aeon MQ 5 -->
<!-- Jarvis 8.1.13 -->
<!--  Krypton 9.1.16/9.1.19/9.2.1 window IDs 2006/9.2.3 -->
<!-- Leia 10.2.4/10.2.5/10.2.8/10.3.0/10.4.0/10.5.2/10.6.0 refactor customOSDMusic is now 1106 custom Next Tracks is now 1107/10.6.1/10.6.2 -->
<!-- Matrix 11.0.1 -->
<window>
	<onload condition="System.HasAddon(script.artistslideshow)">RunScript(script.artistslideshow)</onload>
	<onload condition="!Skin.HasSetting(nolyrics_on) + String.Contains(Skin.String(LyricScript_Path),script.cu.lrclyrics) + !String.IsEqual(Window(home).Property(culrc.running),true)">RunScript(script.cu.lrclyrics)</onload>
	<onload condition="Skin.HasSetting(nolyrics_on) + ![String.IsEmpty(MusicPlayer.offset(1).Artist) | Skin.HasSetting(novisfurniture) | Skin.HasSetting(nonexttracks_on)]">ActivateWindowAndFocus(1107,640,0)</onload> <!-- Custom next tracks -->
	<onunload>Dialog.Close(1107)</onunload> <!-- custom Next Tracks -->
	<controls>
		<control type="image">
			<posx>0</posx>
			<posy>0</posy>
			<width>1920</width>
			<height>1080</height>
			<texture>hive_back.png</texture>
		</control>
		<control type="visualisation" id="2">
			<posx>0</posx>
			<posy>0</posy>
			<width>1920</width>
			<height>1080</height>
			<animation effect="fade" start="0" end="100" time="400">Visible</animation>
			<animation effect="fade" start="100" end="0" time="200">Hidden</animation>
			<visible>String.IsEqual(skin.string(vis_bg),fanartmix) | String.IsEqual(skin.string(vis_bg),slideshowmix) | String.IsEqual(skin.string(vis_bg),slideshowmosaicmix) | String.IsEqual(skin.string(vis_bg),vis)</visible>
		</control>
		<control type="image">
			<!-- 1.  Fanart or Fanartmix and no extrafanart in library path or custom artist info path-->
			<!-- 2.  Slideshow or Slideshowmix and no AS art available -->
			<!-- 3.  Slideshowmosaic or Slideshowmosaicmix and not AS art available)-->
			<include>WindowBG</include>
			<texture background="true" fallback="special://skin/backgrounds/music.jpg">$INFO[Player.Art(artist.fanart)]</texture>
			<animation effect="fade" start="100" end="50" time="400" condition="String.IsEqual(skin.string(vis_bg),fanartmix)">Conditional</animation>
			<visible>[String.IsEqual(skin.string(vis_bg),fanart) | String.IsEqual(skin.string(vis_bg),fanartmix)] + !Control.IsVisible(5043) + !Control.IsVisible(5044) | [String.IsEqual(skin.string(vis_bg),slideshow) | String.IsEqual(skin.string(vis_bg),slideshowmix)] + String.IsEmpty(Control.GetLabel(5045)) | [String.IsEqual(skin.string(vis_bg),slideshowmosaic) | String.IsEqual(skin.string(vis_bg),slideshowmosaicmix)] + Control.IsVisible(5046)</visible>
		</control>
		<control type="list" id="7043"> <!-- check if lib path has extrafanart -->
			<posx>-500</posx>
			<posy>-500</posy>
			<height>400</height>
			<width>50</width>
			<visible>Player.HasAudio</visible>
			<itemlayout />
			<focusedlayout />
			<content target="filemanager">$INFO[Player.FolderPath,,../extrafanart/]</content>
		</control>
		<control type="list" id="7044"> <!-- check if artist info has extrafanart note: if artist info entry is normalized it isn't found -->
			<posx>-500</posx>
			<posy>-500</posy>
			<height>400</height>
			<width>50</width>
			<visible>Player.HasAudio</visible>
			<itemlayout />
			<focusedlayout />
			<content target="filemanager">$INFO[Skin.String(CustomMusicLogoPath)]$INFO[MusicPlayer.Artist,,/extrafanart/]</content>
		</control>
		<control type="multiimage" id="5043">
			<!-- Extra Fanart requires setting in music window Song Artist custom artist info path has priority-->
			<include>WindowBG</include>
			<imagepath background="true">$INFO[Player.FolderPath,,../extrafanart/]</imagepath>
			<animation effect="fade" start="100" end="50" time="400" condition="String.IsEqual(skin.string(vis_bg),fanartmix)">Conditional</animation>
			<visible>[String.IsEqual(skin.string(vis_bg),fanart) | String.IsEqual(skin.string(vis_bg),fanartmix)] + String.Contains(skin.string(musicfanart),extra) + Integer.IsGreater(Container(7043).NumItems,0) + !Control.IsVisible(5044)</visible>
		</control>
		<control type="multiimage" id="5044">
			<!-- Extra Fanart requires setting in music window custom Artist info path-->
			<include>WindowBG</include>
			<imagepath background="true">$INFO[Skin.String(CustomMusicLogoPath)]$INFO[MusicPlayer.Artist,,/extrafanart/]</imagepath>
			<animation effect="fade" start="100" end="50" time="400" condition="String.IsEqual(skin.string(vis_bg),fanartmix)">Conditional</animation>
			<visible>[String.IsEqual(skin.string(vis_bg),fanart) | String.IsEqual(skin.string(vis_bg),fanartmix)] + String.Contains(skin.string(musicfanart),extra) + Integer.IsGreater(Container(7044).NumItems,0)</visible>
		</control>
		<control type="multiimage" id="5045">
			<!-- Artist SlideShow arts -->
			<aspectratio>keep</aspectratio>
			<include>WindowBG</include>
			<imagepath background="true">$INFO[Window(Visualisation).Property(ArtistSlideshow)]</imagepath>
			<animation effect="zoom" start="0" end="100" center="auto" easing="out" tween="sine" time="700" delay="1000">WindowOpen</animation>
			<animation effect="zoom" start="0" end="100" center="auto" easing="out" tween="sine" time="700" delay="1000">Visible</animation>
			<animation effect="zoom" start="100" end="0" center="auto" easing="in" tween="sine" time="300">WindowClose</animation>
			<animation effect="zoom" start="100" end="0" center="auto" easing="in" tween="sine" time="300">Hidden</animation>
			<animation effect="fade" start="100" end="50" time="400" condition="String.IsEqual(skin.string(vis_bg),slideshowmix)">Conditional</animation>
			<visible>String.IsEqual(skin.string(vis_bg),slideshow) | String.IsEqual(skin.string(vis_bg),slideshowmix)</visible>
		</control>
		<control type="group" id="5046">
			<!-- AS slideshow mosaic arts -->
			<visible>String.IsEqual(skin.string(vis_bg),slideshowmosaic) | String.IsEqual(skin.string(vis_bg),slideshowmosaicmix)</visible>
			<control type="multiimage">
				<!-- Artist SlideShow Mosaic 1 -->
				<include>MosaicBG</include>
				<posx>0</posx>
				<posy>0</posy>
			</control>
			<control type="multiimage">
				<!-- Artist SlideShow Mosaic 2 -->
				<include>MosaicBG</include>
				<posx>640</posx>
				<posy>0</posy>
			</control>
			<control type="multiimage">
				<!-- Artist SlideShow Mosaic 3 -->
				<include>MosaicBG</include>
				<posx>1280</posx>
				<posy>0</posy>
			</control>
			<control type="multiimage">
				<!-- Artist SlideShow Mosaic 4 -->
				<include>MosaicBG</include>
				<posx>0</posx>
				<posy>540</posy>
			</control>
			<control type="multiimage">
				<!-- Artist SlideShow Mosaic 5 -->
				<include>MosaicBG</include>
				<posx>640</posx>
				<posy>540</posy>
			</control>
			<control type="multiimage">
				<!-- Artist SlideShow Mosaic 6 -->
				<include>MosaicBG</include>
				<posx>1280</posx>
				<posy>540</posy>
			</control>
		</control>
		<control type="multiimage">
			<!-- Custom background image  -->
			<aspectratio>keep</aspectratio>
			<include>WindowBG</include>
			<imagepath fallback="special://skin/backgrounds/music.jpg" background="true">$INFO[skin.string(musicviz.bg)]</imagepath>
			<visible>String.IsEqual(skin.string(vis_bg),custom)</visible>
		</control>
		<control type="group">
			<!-- overlays on art background group furniture -->
			<include>Animation_Fade</include>
			<control type="group">
				<!-- default layout -->
				<posx>0</posx>
				<posy>1160</posy>
				<animation effect="slide" start="0,0" end="-600,0" time="400" tween="cubic" easing="inout" condition="String.IsEmpty(Window(Visualisation).Property(ArtistSlideshow))">Conditional</animation>
				<animation effect="slide" start="0,0" end="0,405" time="400" tween="cubic" easing="inout" condition="Window.IsVisible(musicosd) | Window.IsVisible(1106)">Conditional</animation><!-- 1106 custom osd music -->
				<animation effect="slide" start="0,0" end="0,450" time="700" tween="cubic" easing="out" condition="Skin.HasSetting(novisfurniture)">Conditional</animation>
				<animation effect="slide" start="0,0" end="-1350,0" time="400" tween="cubic" easing="inout" condition="Skin.HasSetting(furniture_cdart)">Conditional</animation>
				<animation effect="slide" start="0,1080" end="0,-450" time="700" tween="cubic" easing="out" delay="400">WindowOpen</animation>
				<animation effect="slide" start="0,-450" end="0,0" time="400" tween="cubic" easing="in" delay="400">WindowClose</animation>
				<visible>String.IsEqual(skin.string(vis_layout),default)</visible>
				<control type="image">
					<posx>0</posx>
					<posy>-78</posy>
					<width>2520</width>
					<height>45</height>
					<texture>shadow_h.png</texture>
					<colordiffuse>C3FFFFFF</colordiffuse>
				</control>
				<control type="image">
					<posx>0</posx>
					<posy>-123</posy>
					<height>555</height>
					<width>2520</width>
					<texture>details_back.png</texture>
					<colordiffuse>$VAR[value_texturecolor]</colordiffuse>
				</control>
				<control type="group">
					<posx>1230</posx>
					<visible>Player.HasAudio</visible>
					<animation effect="slide" start="0,0" end="210,0" time="800" delay="3000" tween="sine" easing="inout" condition="Player.HasAudio">Conditional</animation>
					<animation effect="slide" end="-210,0" time="800" tween="sine" easing="inout" condition="Skin.HasSetting(noviscdart)">Conditional</animation>
					<animation effect="fade" start="100" end="0,0" time="300" delay="500" condition="Skin.HasSetting(noviscdart)">Conditional</animation>
					<control type="image">
						<include>Animation_CDart</include>
						<posx>0</posx>
						<posy>-30</posy>
						<width>525</width>
						<height>396</height>
						<texture diffuse="cdart_diffuse.png" background="true">$VAR[value_audiodisc]</texture>
						<aspectratio align="center" aligny="center">keep</aspectratio>
					</control>
				</control>
				<control type="image">
					<posx>1288</posx>
					<posy>-33</posy>
					<width>45</width>
					<height>405</height>
					<texture flipx="true">shadow.png</texture>
					<colordiffuse>C3FFFFFF</colordiffuse>
				</control>
				<control type="image">
					<posx>1334</posx>
					<posy>-33</posy>
					<width>540</width>
					<height>405</height>
					<texture flipx="true">shadow_mask_v.png</texture>
					<colordiffuse>95000000</colordiffuse>
					<aspectratio align="left">stretch</aspectratio>
				</control>
				<control type="image">
					<posx>1335</posx>
					<posy>-30</posy>
					<width>525</width>
					<height>396</height>
					<fadetime>200</fadetime>
					<texture fallback="DefaultAudio.png" diffuse="thumb_cdcover_mask_cdart.png" background="true">$INFO[Player.Art(album.thumb)]</texture>
					<aspectratio align="left">keep</aspectratio>
					<visible>!String.IsEmpty(Player.Art(album.thumb))</visible>
				</control>
				<control type="image">
					<posx>1335</posx>
					<posy>-30</posy>
					<width>525</width>
					<height>396</height>
					<fadetime>200</fadetime>
					<texture fallback="DefaultAudio.png" diffuse="thumb_cdcover_mask_cdart.png" background="true">$INFO[MusicPlayer.Cover]</texture>
					<aspectratio align="left">keep</aspectratio>
					<visible>String.IsEmpty(Player.Art(album.thumb))</visible>
				</control>
				<control type="image">
					<posx>58</posx>
					<posy>-33</posy>
					<width>540</width>
					<height>405</height>
					<texture>shadow_mask_v.png</texture>
					<colordiffuse>95000000</colordiffuse>
					<aspectratio align="right">stretch</aspectratio>
				</control>
				<control type="image">
					<posx>598</posx>
					<posy>-33</posy>
					<width>45</width>
					<height>405</height>
					<texture>shadow.png</texture>
					<colordiffuse>C3FFFFFF</colordiffuse>
				</control>
				<control type="multiimage">
					<posx>58</posx>
					<posy>-30</posy>
					<width>540</width>
					<height>396</height>
					<timeperimage>5000</timeperimage>
					<randomize>true</randomize>
					<imagepath fallback="DefaultExtraThumbs.png" background="true">$VAR[value_playerthumb]</imagepath> <!-- AS art (transparent if set in AS) or fanart -->
					<fadetime>FanartCrossFadeTime</fadetime>
					<aspectratio align="right">keep</aspectratio>
				</control>
				<control type="image">
					<posx>0</posx>
					<posy>-15</posy>
					<width>300</width>
					<height>90</height>
					<texture fallback="transparent.png" background="true">$INFO[Player.Art(artist.clearlogo)]</texture>
					<fadetime>300</fadetime>
					<aspectratio align="center">keep</aspectratio>
					<animation effect="fade" end="60" condition="true">Conditional</animation>
				</control>
				<control type="label">  <!-- check this location -->
					<posx>50</posx>
					<posy>-105</posy>
					<height>45</height>
					<width>1820</width>
					<align>center</align>
					<font>Font_32A</font>
					<textcolor>FFFFFAF0</textcolor>
					<scroll>true</scroll>
					<visible>Player.ShowInfo</visible>
					<label>$INFO[MusicPlayer.Property(Role.Composer),[UPPERCASE]$LOCALIZE[29903][/UPPERCASE]: , | ]$INFO[MusicPlayer.Property(Role.Orchestra),[UPPERCASE]$LOCALIZE[38034][/UPPERCASE]: , | ]$INFO[MusicPlayer.Property(Role.Conductor),[UPPERCASE]$LOCALIZE[29905][/UPPERCASE]: , | ]$INFO[MusicPlayer.Property(Role.Arranger),[UPPERCASE]$LOCALIZE[38037][/UPPERCASE]: ]</label>
				</control>
				<control type="label">
					<posx>622</posx>
					<posy>-50</posy>
					<width>690</width>
					<height>45</height>
					<align>center</align>
					<font>Font_32</font>
					<textcolor>FFFFFAF0</textcolor>
					<label>$INFO[MusicPlayer.Artist]</label>
					<scroll>true</scroll>
					<visible>!Skin.HasSetting(viz_artist_sortname) | String.IsEmpty(MusicPlayer.Property(Artist_Sortname))</visible>
				</control>
				<control type="fadelabel">
					<posx>622</posx>
					<posy>-50</posy>
					<width>690</width>
					<height>45</height>
					<align>center</align>
					<font>Font_32</font>
					<textcolor>FFFFFAF0</textcolor>
					<label>$INFO[MusicPlayer.Artist]</label>
					<label>($INFO[MusicPlayer.Property(Artist_Sortname)])</label>
					<pauseatend>10000</pauseatend>
					<scroll>true</scroll>
					<scrollout>false</scrollout>
					<scrollspeed>25</scrollspeed>
					<visible>Skin.HasSetting(viz_artist_sortname) + !String.IsEmpty(MusicPlayer.Property(Artist_Sortname))</visible>
				</control>
				<control type="fadelabel">
					<posx>622</posx>
					<posy>10</posy>
					<width>690</width>
					<height>30</height>
					<align>center</align>
					<font>Font_24A</font>
					<textcolor>FFFFFAF0</textcolor>
					<label>$INFO[MusicPlayer.TrackNumber,, : ]$INFO[MusicPlayer.Title]</label>
					<label>$INFO[MusicPlayer.Album]$INFO[MusicPlayer.Year, - ,]</label>
					<pauseatend>10000</pauseatend>
					<scroll>true</scroll>
					<scrollout>false</scrollout>
					<scrollspeed>25</scrollspeed>
				</control>
				<control type="image">
					<posx>622</posx>
					<posy>72</posy>
					<width>690</width>
					<height>3</height>
					<texture>divider.png</texture>
				</control>
				<control type="textbox">
					<posx>622</posx>
					<posy>84</posy>
					<width>690</width>
					<height>198</height>
					<font>Font_18A</font>
					<textcolor>FFFFFAF0</textcolor>
					<label>$VAR[value_playerplot]</label>  <!-- AS ddata fallback artist bio -->
					<autoscroll delay="20000" time="6000" repeat="20000">!Skin.HasSetting(noallowscroll)</autoscroll>
				</control>
				<control type="image">
					<posx>622</posx>
					<posy>288</posy>
					<width>666</width>
					<height>3</height>
					<texture>divider.png</texture>
				</control>
				<control type="image">
					<posx>607</posx>
					<posy>278</posy>
					<width>145</width>
					<height>60</height>
					<aspectratio align="left" aligny="bottom">keep</aspectratio>
					<texture>$INFO[MusicPlayer.Codec,flags/musiccodec/,.png]</texture>
				</control>
				<control type="image">
					<posx>1217</posx>
					<posy>278</posy>
					<width>145</width>
					<height>60</height>
					<aspectratio align="left" aligny="bottom">keep</aspectratio>
					<texture>$INFO[MusicPlayer.Channels,flags/audiochannels/,ch.png]</texture>
				</control>
				<control type="label">
					<posx>758</posx>
					<posy>289</posy>
					<width>554</width>
					<height>36</height>
					<align>center</align>
					<aligny>center</aligny>
					<textcolor>FFFFFAF0</textcolor>
					<font>Font_17A</font>
					<label>$INFO[MusicPlayer.SampleRate,,KHz][COLOR=50FFFAF0] | [/COLOR]$INFO[MusicPlayer.BitRate,,Kbps][COLOR=50FFFAF0] | [/COLOR]$INFO[MusicPlayer.BitsPerSample,,Bits]</label>
					<visible>!String.Contains(Skin.Font,massive)</visible>
				</control>
				<control type="label">
					<posx>690</posx>
					<posy>289</posy>
					<width>554</width>
					<height>36</height>
					<align>center</align>
					<aligny>center</aligny>
					<textcolor>FFFFFAF0</textcolor>
					<font>Font_14A</font>
					<label>$INFO[MusicPlayer.SampleRate,,KHz][COLOR=50FFFAF0] | [/COLOR]$INFO[MusicPlayer.BitRate,,Kbps][COLOR=50FFFAF0] | [/COLOR]$INFO[MusicPlayer.BitsPerSample,,Bits]</label>
					<visible>String.Contains(Skin.Font,massive)</visible>
				</control>
				<control type="progress">
					<posx>690</posx>
					<posy>328</posy>
					<width>554</width>
					<height>34</height>
					<info>Player.Progress</info>
					<animation effect="fade" end="80" condition="true">Conditional</animation>
				</control>
				<control type="label">
					<posx>690</posx>
					<posy>327</posy>
					<width>554</width>
					<height>36</height>
					<align>center</align>
					<aligny>center</aligny>
					<textcolor>FFFFFAF0</textcolor>
					<font>Font_17A</font>
					<label>$INFO[MusicPlayer.Time] / $INFO[MusicPlayer.Duration]</label>
					<shadowcolor>grey</shadowcolor>
				</control>
			</control>
		</control>
		<include>BGBlack</include>
	</controls>
</window>
