<?xml version="1.0" encoding="utf-8"?>
<!-- Aeon MQ 5 -->
<window id="6033" type="dialog">
	<!-- Filme recentes -->
	<defaultcontrol></defaultcontrol>
	<include>SubMenuCommon</include>
	<controls>
		<control type="group">
			<include condition="Window.IsVisible(6000)">MenuCustom</include>
			<control type="group">
				<!-- default group -->
				<include>Animation_SubMenu</include>
				<include condition="Window.IsVisible(6000)">SubmenuGoTo</include>
				<include condition="Window.IsVisible(Home)">SubMenuDefault</include>
				<control type="panel" id="9000">
					<include condition="Window.IsVisible(6000)">SubmenuVList</include>
					<include condition="Window.IsVisible(Home)">SubmenuHList</include>
					<content>
						<item>
							<label fallback="31014">$VAR[value_menu3301.label]</label>
							<property name="condition">$INFO[skin.string(menu3301.visible)]</property>
							<property name="name">menu3301</property>
							<property name="id">$INFO[skin.string(menu3301.master)]</property>
							<onclick condition="Window.IsVisible(6000)">SetFocus(5000)</onclick>
							<onclick condition="Window.IsVisible(Home)">Dialog.Close(6033)</onclick>
							<onclick condition="Window.IsVisible(Home)">Skin.SetString(submenu_action,$VAR[value_menu3301.action])</onclick>
							<visible>![String.IsEmpty(skin.string(menu3301.master)) | String.Contains(skin.string(menu3301.visible),off)] | Window.IsVisible(6000)</visible>
						</item>
						<item>
							<label fallback="31014">$VAR[value_menu3302.label]</label>
							<property name="condition">$INFO[skin.string(menu3302.visible)]</property>
							<property name="name">menu3302</property>
							<property name="id">$INFO[skin.string(menu3302.master)]</property>
							<onclick condition="Window.IsVisible(6000)">SetFocus(5000)</onclick>
							<onclick condition="Window.IsVisible(Home)">Dialog.Close(6033)</onclick>
							<onclick condition="Window.IsVisible(Home)">Skin.SetString(submenu_action,$VAR[value_menu3302.action])</onclick>
							<visible>![String.IsEmpty(skin.string(menu3302.master)) | String.Contains(skin.string(menu3302.visible),off)] | Window.IsVisible(6000)</visible>
						</item>
						<item>
							<label fallback="31014">$VAR[value_menu3303.label]</label>
							<property name="condition">$INFO[skin.string(menu3303.visible)]</property>
							<property name="name">menu3303</property>
							<property name="id">$INFO[skin.string(menu3303.master)]</property>
							<onclick condition="Window.IsVisible(6000)">SetFocus(5000)</onclick>
							<onclick condition="Window.IsVisible(Home)">Dialog.Close(6033)</onclick>
							<onclick condition="Window.IsVisible(Home)">Skin.SetString(submenu_action,$VAR[value_menu3303.action])</onclick>
							<visible>![String.IsEmpty(skin.string(menu3303.master)) | String.Contains(skin.string(menu3303.visible),off)] | Window.IsVisible(6000)</visible>
						</item>
						<item>
							<label fallback="31014">$VAR[value_menu3304.label]</label>
							<property name="condition">$INFO[skin.string(menu3304.visible)]</property>
							<property name="name">menu3304</property>
							<property name="id">$INFO[skin.string(menu3304.master)]</property>
							<onclick condition="Window.IsVisible(6000)">SetFocus(5000)</onclick>
							<onclick condition="Window.IsVisible(Home)">Dialog.Close(6033)</onclick>
							<onclick condition="Window.IsVisible(Home)">Skin.SetString(submenu_action,$VAR[value_menu3304.action])</onclick>
							<visible>![String.IsEmpty(skin.string(menu3304.master)) | String.Contains(skin.string(menu3304.visible),off)] | Window.IsVisible(6000)</visible>
						</item>
						<item>
							<label fallback="31014">$VAR[value_menu3305.label]</label>
							<property name="condition">$INFO[skin.string(menu3305.visible)]</property>
							<property name="name">menu3305</property>
							<property name="id">$INFO[skin.string(menu3305.master)]</property>
							<onclick condition="Window.IsVisible(6000)">SetFocus(5000)</onclick>
							<onclick condition="Window.IsVisible(Home)">Dialog.Close(6033)</onclick>
							<onclick condition="Window.IsVisible(Home)">Skin.SetString(submenu_action,$VAR[value_menu3305.action])</onclick>
							<visible>![String.IsEmpty(skin.string(menu3305.master)) | String.Contains(skin.string(menu3305.visible),off)] | Window.IsVisible(6000)</visible>
						</item>
						<item>
							<label fallback="31014">$VAR[value_menu3306.label]</label>
							<property name="condition">$INFO[skin.string(menu3306.visible)]</property>
							<property name="name">menu3306</property>
							<property name="id">$INFO[skin.string(menu3306.master)]</property>
							<onclick condition="Window.IsVisible(6000)">SetFocus(5000)</onclick>
							<onclick condition="Window.IsVisible(Home)">Dialog.Close(6033)</onclick>
							<onclick condition="Window.IsVisible(Home)">Skin.SetString(submenu_action,$VAR[value_menu3306.action])</onclick>
							<visible>![String.IsEmpty(skin.string(menu3306.master)) | String.Contains(skin.string(menu3306.visible),off)] | Window.IsVisible(6000)</visible>
						</item>
						<item>
							<label fallback="31014">$VAR[value_menu3307.label]</label>
							<property name="condition">$INFO[skin.string(menu3307.visible)]</property>
							<property name="name">menu3307</property>
							<property name="id">$INFO[skin.string(menu3307.master)]</property>
							<onclick condition="Window.IsVisible(6000)">SetFocus(5000)</onclick>
							<onclick condition="Window.IsVisible(Home)">Dialog.Close(6033)</onclick>
							<onclick condition="Window.IsVisible(Home)">Skin.SetString(submenu_action,$VAR[value_menu3307.action])</onclick>
							<visible>![String.IsEmpty(skin.string(menu3307.master)) | String.Contains(skin.string(menu3307.visible),off)] | Window.IsVisible(6000)</visible>
						</item>
						<item>
							<label fallback="31014">$VAR[value_menu3308.label]</label>
							<property name="condition">$INFO[skin.string(menu3308.visible)]</property>
							<property name="name">menu3308</property>
							<property name="id">$INFO[skin.string(menu3308.master)]</property>
							<onclick condition="Window.IsVisible(6000)">SetFocus(5000)</onclick>
							<onclick condition="Window.IsVisible(Home)">Dialog.Close(6033)</onclick>
							<onclick condition="Window.IsVisible(Home)">Skin.SetString(submenu_action,$VAR[value_menu3308.action])</onclick>
							<visible>![String.IsEmpty(skin.string(menu3308.master)) | String.Contains(skin.string(menu3308.visible),off)] | Window.IsVisible(6000)</visible>
						</item>
						<item>
							<label fallback="31014">$VAR[value_menu3309.label]</label>
							<property name="condition">$INFO[skin.string(menu3309.visible)]</property>
							<property name="name">menu3309</property>
							<property name="id">$INFO[skin.string(menu3309.master)]</property>
							<onclick condition="Window.IsVisible(6000)">SetFocus(5000)</onclick>
							<onclick condition="Window.IsVisible(Home)">Dialog.Close(6033)</onclick>
							<onclick condition="Window.IsVisible(Home)">Skin.SetString(submenu_action,$VAR[value_menu3309.action])</onclick>
							<visible>![String.IsEmpty(skin.string(menu3309.master)) | String.Contains(skin.string(menu3309.visible),off)] | Window.IsVisible(6000)</visible>
						</item>
						<item>
							<label fallback="31014">$VAR[value_menu3310.label]</label>
							<property name="condition">$INFO[skin.string(menu3310.visible)]</property>
							<property name="name">menu3310</property>
							<property name="id">$INFO[skin.string(menu3310.master)]</property>
							<onclick condition="Window.IsVisible(6000)">SetFocus(5000)</onclick>
							<onclick condition="Window.IsVisible(Home)">Dialog.Close(6033)</onclick>
							<onclick condition="Window.IsVisible(Home)">Skin.SetString(submenu_action,$VAR[value_menu3310.action])</onclick>
							<visible>![String.IsEmpty(skin.string(menu3310.master)) | String.Contains(skin.string(menu3310.visible),off)] | Window.IsVisible(6000)</visible>
						</item>
					</content>
				</control>
				<include condition="Window.IsVisible(6000)">Glass</include>
			</control>
		</control>
	</controls>
</window>
