<?xml version="1.0" encoding="utf-8"?>
<!-- Aeon MQ 5 -->
<window id="6417" type="dialog">
	<!-- Favorito 17 -->
	<defaultcontrol></defaultcontrol>
	<include>SubMenuCommon</include>
	<controls>
		<control type="group">
			<include condition="Window.IsVisible(6000)">MenuCustom</include>
			<control type="group">
				<!-- default group -->
				<include>Animation_SubMenu</include>
				<include condition="Window.IsVisible(6000)">SubmenuGoTo</include>
				<include condition="Window.IsVisible(Home)">SubMenuDefault</include>
				<control type="panel" id="9000">
					<include condition="Window.IsVisible(6000)">SubmenuVList</include>
					<include condition="Window.IsVisible(Home)">SubmenuHList</include>
					<content>
						<item>
							<label fallback="31014">$VAR[value_menu41701.label]</label>
							<property name="condition">$INFO[skin.string(menu41701.visible)]</property>
							<property name="name">menu41701</property>
							<property name="id">$INFO[skin.string(menu41701.master)]</property>
							<onclick condition="Window.IsVisible(6000)">SetFocus(5000)</onclick>
							<onclick condition="Window.IsVisible(Home)">Dialog.Close(6417)</onclick>
							<onclick condition="Window.IsVisible(Home)">Skin.SetString(submenu_action,$VAR[value_menu41701.action])</onclick>
							<visible>![String.IsEmpty(skin.string(menu41701.master)) | String.Contains(skin.string(menu41701.visible),off)] | Window.IsVisible(6000)</visible>
						</item>
						<item>
							<label fallback="31014">$VAR[value_menu41702.label]</label>
							<property name="condition">$INFO[skin.string(menu41702.visible)]</property>
							<property name="name">menu41702</property>
							<property name="id">$INFO[skin.string(menu41702.master)]</property>
							<onclick condition="Window.IsVisible(6000)">SetFocus(5000)</onclick>
							<onclick condition="Window.IsVisible(Home)">Dialog.Close(6417)</onclick>
							<onclick condition="Window.IsVisible(Home)">Skin.SetString(submenu_action,$VAR[value_menu41702.action])</onclick>
							<visible>![String.IsEmpty(skin.string(menu41702.master)) | String.Contains(skin.string(menu41702.visible),off)] | Window.IsVisible(6000)</visible>
						</item>
						<item>
							<label fallback="31014">$VAR[value_menu41703.label]</label>
							<property name="condition">$INFO[skin.string(menu41703.visible)]</property>
							<property name="name">menu41703</property>
							<property name="id">$INFO[skin.string(menu41703.master)]</property>
							<onclick condition="Window.IsVisible(6000)">SetFocus(5000)</onclick>
							<onclick condition="Window.IsVisible(Home)">Dialog.Close(6417)</onclick>
							<onclick condition="Window.IsVisible(Home)">Skin.SetString(submenu_action,$VAR[value_menu41703.action])</onclick>
							<visible>![String.IsEmpty(skin.string(menu41703.master)) | String.Contains(skin.string(menu41703.visible),off)] | Window.IsVisible(6000)</visible>
						</item>
						<item>
							<label fallback="31014">$VAR[value_menu41704.label]</label>
							<property name="condition">$INFO[skin.string(menu41704.visible)]</property>
							<property name="name">menu41704</property>
							<property name="id">$INFO[skin.string(menu41704.master)]</property>
							<onclick condition="Window.IsVisible(6000)">SetFocus(5000)</onclick>
							<onclick condition="Window.IsVisible(Home)">Dialog.Close(6417)</onclick>
							<onclick condition="Window.IsVisible(Home)">Skin.SetString(submenu_action,$VAR[value_menu41704.action])</onclick>
							<visible>![String.IsEmpty(skin.string(menu41704.master)) | String.Contains(skin.string(menu41704.visible),off)] | Window.IsVisible(6000)</visible>
						</item>
						<item>
							<label fallback="31014">$VAR[value_menu41705.label]</label>
							<property name="condition">$INFO[skin.string(menu41705.visible)]</property>
							<property name="name">menu41705</property>
							<property name="id">$INFO[skin.string(menu41705.master)]</property>
							<onclick condition="Window.IsVisible(6000)">SetFocus(5000)</onclick>
							<onclick condition="Window.IsVisible(Home)">Dialog.Close(6417)</onclick>
							<onclick condition="Window.IsVisible(Home)">Skin.SetString(submenu_action,$VAR[value_menu41705.action])</onclick>
							<visible>![String.IsEmpty(skin.string(menu41705.master)) | String.Contains(skin.string(menu41705.visible),off)] | Window.IsVisible(6000)</visible>
						</item>
						<item>
							<label fallback="31014">$VAR[value_menu41706.label]</label>
							<property name="condition">$INFO[skin.string(menu41706.visible)]</property>
							<property name="name">menu41706</property>
							<property name="id">$INFO[skin.string(menu41706.master)]</property>
							<onclick condition="Window.IsVisible(6000)">SetFocus(5000)</onclick>
							<onclick condition="Window.IsVisible(Home)">Dialog.Close(6417)</onclick>
							<onclick condition="Window.IsVisible(Home)">Skin.SetString(submenu_action,$VAR[value_menu41706.action])</onclick>
							<visible>![String.IsEmpty(skin.string(menu41706.master)) | String.Contains(skin.string(menu41706.visible),off)] | Window.IsVisible(6000)</visible>
						</item>
						<item>
							<label fallback="31014">$VAR[value_menu41707.label]</label>
							<property name="condition">$INFO[skin.string(menu41707.visible)]</property>
							<property name="name">menu41707</property>
							<property name="id">$INFO[skin.string(menu41707.master)]</property>
							<onclick condition="Window.IsVisible(6000)">SetFocus(5000)</onclick>
							<onclick condition="Window.IsVisible(Home)">Dialog.Close(6417)</onclick>
							<onclick condition="Window.IsVisible(Home)">Skin.SetString(submenu_action,$VAR[value_menu41707.action])</onclick>
							<visible>![String.IsEmpty(skin.string(menu41707.master)) | String.Contains(skin.string(menu41707.visible),off)] | Window.IsVisible(6000)</visible>
						</item>
						<item>
							<label fallback="31014">$VAR[value_menu41708.label]</label>
							<property name="condition">$INFO[skin.string(menu41708.visible)]</property>
							<property name="name">menu41708</property>
							<property name="id">$INFO[skin.string(menu41708.master)]</property>
							<onclick condition="Window.IsVisible(6000)">SetFocus(5000)</onclick>
							<onclick condition="Window.IsVisible(Home)">Dialog.Close(6417)</onclick>
							<onclick condition="Window.IsVisible(Home)">Skin.SetString(submenu_action,$VAR[value_menu41708.action])</onclick>
							<visible>![String.IsEmpty(skin.string(menu41708.master)) | String.Contains(skin.string(menu41708.visible),off)] | Window.IsVisible(6000)</visible>
						</item>
						<item>
							<label fallback="31014">$VAR[value_menu41709.label]</label>
							<property name="condition">$INFO[skin.string(menu41709.visible)]</property>
							<property name="name">menu41709</property>
							<property name="id">$INFO[skin.string(menu41709.master)]</property>
							<onclick condition="Window.IsVisible(6000)">SetFocus(5000)</onclick>
							<onclick condition="Window.IsVisible(Home)">Dialog.Close(6417)</onclick>
							<onclick condition="Window.IsVisible(Home)">Skin.SetString(submenu_action,$VAR[value_menu41709.action])</onclick>
							<visible>![String.IsEmpty(skin.string(menu41709.master)) | String.Contains(skin.string(menu41709.visible),off)] | Window.IsVisible(6000)</visible>
						</item>
						<item>
							<label fallback="31014">$VAR[value_menu41710.label]</label>
							<property name="condition">$INFO[skin.string(menu41710.visible)]</property>
							<property name="name">menu41710</property>
							<property name="id">$INFO[skin.string(menu41710.master)]</property>
							<onclick condition="Window.IsVisible(6000)">SetFocus(5000)</onclick>
							<onclick condition="Window.IsVisible(Home)">Dialog.Close(6417)</onclick>
							<onclick condition="Window.IsVisible(Home)">Skin.SetString(submenu_action,$VAR[value_menu41710.action])</onclick>
							<visible>![String.IsEmpty(skin.string(menu41710.master)) | String.Contains(skin.string(menu41710.visible),off)] | Window.IsVisible(6000)</visible>
						</item>
						<item>
							<label fallback="31014">$VAR[value_menu41711.label]</label>
							<property name="condition">$INFO[skin.string(menu41711.visible)]</property>
							<property name="name">menu41711</property>
							<property name="id">$INFO[skin.string(menu41711.master)]</property>
							<onclick condition="Window.IsVisible(6000)">SetFocus(5000)</onclick>
							<onclick condition="Window.IsVisible(Home)">Dialog.Close(6417)</onclick>
							<onclick condition="Window.IsVisible(Home)">Skin.SetString(submenu_action,$VAR[value_menu41711.action])</onclick>
							<visible>![String.IsEmpty(skin.string(menu41711.master)) | String.Contains(skin.string(menu41711.visible),off)] | Window.IsVisible(6000)</visible>
						</item>
						<item>
							<label fallback="31014">$VAR[value_menu41712.label]</label>
							<property name="condition">$INFO[skin.string(menu41712.visible)]</property>
							<property name="name">menu41712</property>
							<property name="id">$INFO[skin.string(menu41712.master)]</property>
							<onclick condition="Window.IsVisible(6000)">SetFocus(5000)</onclick>
							<onclick condition="Window.IsVisible(Home)">Dialog.Close(6417)</onclick>
							<onclick condition="Window.IsVisible(Home)">Skin.SetString(submenu_action,$VAR[value_menu41712.action])</onclick>
							<visible>![String.IsEmpty(skin.string(menu41712.master)) | String.Contains(skin.string(menu41712.visible),off)] | Window.IsVisible(6000)</visible>
						</item>
						<item>
							<label fallback="31014">$VAR[value_menu41713.label]</label>
							<property name="condition">$INFO[skin.string(menu41713.visible)]</property>
							<property name="name">menu41713</property>
							<property name="id">$INFO[skin.string(menu41713.master)]</property>
							<onclick condition="Window.IsVisible(6000)">SetFocus(5000)</onclick>
							<onclick condition="Window.IsVisible(Home)">Dialog.Close(6417)</onclick>
							<onclick condition="Window.IsVisible(Home)">Skin.SetString(submenu_action,$VAR[value_menu41713.action])</onclick>
							<visible>![String.IsEmpty(skin.string(menu41713.master)) | String.Contains(skin.string(menu41713.visible),off)] | Window.IsVisible(6000)</visible>
						</item>
						<item>
							<label fallback="31014">$VAR[value_menu41714.label]</label>
							<property name="condition">$INFO[skin.string(menu41714.visible)]</property>
							<property name="name">menu41714</property>
							<property name="id">$INFO[skin.string(menu41714.master)]</property>
							<onclick condition="Window.IsVisible(6000)">SetFocus(5000)</onclick>
							<onclick condition="Window.IsVisible(Home)">Dialog.Close(6417)</onclick>
							<onclick condition="Window.IsVisible(Home)">Skin.SetString(submenu_action,$VAR[value_menu41714.action])</onclick>
							<visible>![String.IsEmpty(skin.string(menu41714.master)) | String.Contains(skin.string(menu41714.visible),off)] | Window.IsVisible(6000)</visible>
						</item>
						<item>
							<label fallback="31014">$VAR[value_menu41715.label]</label>
							<property name="condition">$INFO[skin.string(menu41715.visible)]</property>
							<property name="name">menu41715</property>
							<property name="id">$INFO[skin.string(menu41715.master)]</property>
							<onclick condition="Window.IsVisible(6000)">SetFocus(5000)</onclick>
							<onclick condition="Window.IsVisible(Home)">Dialog.Close(6417)</onclick>
							<onclick condition="Window.IsVisible(Home)">Skin.SetString(submenu_action,$VAR[value_menu41715.action])</onclick>
							<visible>![String.IsEmpty(skin.string(menu41715.master)) | String.Contains(skin.string(menu41715.visible),off)] | Window.IsVisible(6000)</visible>
						</item>
					</content>
				</control>
				<include condition="Window.IsVisible(6000)">Glass</include>
			</control>
		</control>
	</controls>
</window>
