<?xml version="1.0" encoding="utf-8"?>
<!-- Aeon MQ 5 -->
<window id="6209" type="dialog">
	<!-- A-Playlist 9 -->
	<defaultcontrol></defaultcontrol>
	<include>SubMenuCommon</include>
	<controls>
		<control type="group">
			<include condition="Window.IsVisible(6000)">MenuCustom</include>
			<control type="group">
				<!-- default group -->
				<include>Animation_SubMenu</include>
				<include condition="Window.IsVisible(6000)">SubmenuGoTo</include>
				<include condition="Window.IsVisible(Home)">SubMenuDefault</include>
				<control type="panel" id="9000">
					<include condition="Window.IsVisible(6000)">SubmenuVList</include>
					<include condition="Window.IsVisible(Home)">SubmenuHList</include>
					<content>
						<item>
							<label fallback="31014">$VAR[value_menu20901.label]</label>
							<property name="condition">$INFO[skin.string(menu20901.visible)]</property>
							<property name="name">menu20901</property>
							<property name="id">$INFO[skin.string(menu20901.master)]</property>
							<onclick condition="Window.IsVisible(6000)">SetFocus(5000)</onclick>
							<onclick condition="Window.IsVisible(Home)">Dialog.Close(6209)</onclick>
							<onclick condition="Window.IsVisible(Home)">Skin.SetString(submenu_action,$VAR[value_menu20901.action])</onclick>
							<visible>![String.IsEmpty(skin.string(menu20901.master)) | String.Contains(skin.string(menu20901.visible),off)] | Window.IsVisible(6000)</visible>
						</item>
						<item>
							<label fallback="31014">$VAR[value_menu20902.label]</label>
							<property name="condition">$INFO[skin.string(menu20902.visible)]</property>
							<property name="name">menu20902</property>
							<property name="id">$INFO[skin.string(menu20902.master)]</property>
							<onclick condition="Window.IsVisible(6000)">SetFocus(5000)</onclick>
							<onclick condition="Window.IsVisible(Home)">Dialog.Close(6209)</onclick>
							<onclick condition="Window.IsVisible(Home)">Skin.SetString(submenu_action,$VAR[value_menu20902.action])</onclick>
							<visible>![String.IsEmpty(skin.string(menu20902.master)) | String.Contains(skin.string(menu20902.visible),off)] | Window.IsVisible(6000)</visible>
						</item>
						<item>
							<label fallback="31014">$VAR[value_menu20903.label]</label>
							<property name="condition">$INFO[skin.string(menu20903.visible)]</property>
							<property name="name">menu20903</property>
							<property name="id">$INFO[skin.string(menu20903.master)]</property>
							<onclick condition="Window.IsVisible(6000)">SetFocus(5000)</onclick>
							<onclick condition="Window.IsVisible(Home)">Dialog.Close(6209)</onclick>
							<onclick condition="Window.IsVisible(Home)">Skin.SetString(submenu_action,$VAR[value_menu20903.action])</onclick>
							<visible>![String.IsEmpty(skin.string(menu20903.master)) | String.Contains(skin.string(menu20903.visible),off)] | Window.IsVisible(6000)</visible>
						</item>
						<item>
							<label fallback="31014">$VAR[value_menu20904.label]</label>
							<property name="condition">$INFO[skin.string(menu20904.visible)]</property>
							<property name="name">menu20904</property>
							<property name="id">$INFO[skin.string(menu20904.master)]</property>
							<onclick condition="Window.IsVisible(6000)">SetFocus(5000)</onclick>
							<onclick condition="Window.IsVisible(Home)">Dialog.Close(6209)</onclick>
							<onclick condition="Window.IsVisible(Home)">Skin.SetString(submenu_action,$VAR[value_menu20904.action])</onclick>
							<visible>![String.IsEmpty(skin.string(menu20904.master)) | String.Contains(skin.string(menu20904.visible),off)] | Window.IsVisible(6000)</visible>
						</item>
						<item>
							<label fallback="31014">$VAR[value_menu20905.label]</label>
							<property name="condition">$INFO[skin.string(menu20905.visible)]</property>
							<property name="name">menu20905</property>
							<property name="id">$INFO[skin.string(menu20905.master)]</property>
							<onclick condition="Window.IsVisible(6000)">SetFocus(5000)</onclick>
							<onclick condition="Window.IsVisible(Home)">Dialog.Close(6209)</onclick>
							<onclick condition="Window.IsVisible(Home)">Skin.SetString(submenu_action,$VAR[value_menu20905.action])</onclick>
							<visible>![String.IsEmpty(skin.string(menu20905.master)) | String.Contains(skin.string(menu20905.visible),off)] | Window.IsVisible(6000)</visible>
						</item>
						<item>
							<label fallback="31014">$VAR[value_menu20906.label]</label>
							<property name="condition">$INFO[skin.string(menu20906.visible)]</property>
							<property name="name">menu20906</property>
							<property name="id">$INFO[skin.string(menu20906.master)]</property>
							<onclick condition="Window.IsVisible(6000)">SetFocus(5000)</onclick>
							<onclick condition="Window.IsVisible(Home)">Dialog.Close(6209)</onclick>
							<onclick condition="Window.IsVisible(Home)">Skin.SetString(submenu_action,$VAR[value_menu20906.action])</onclick>
							<visible>![String.IsEmpty(skin.string(menu20906.master)) | String.Contains(skin.string(menu20906.visible),off)] | Window.IsVisible(6000)</visible>
						</item>
						<item>
							<label fallback="31014">$VAR[value_menu20907.label]</label>
							<property name="condition">$INFO[skin.string(menu20907.visible)]</property>
							<property name="name">menu20907</property>
							<property name="id">$INFO[skin.string(menu20907.master)]</property>
							<onclick condition="Window.IsVisible(6000)">SetFocus(5000)</onclick>
							<onclick condition="Window.IsVisible(Home)">Dialog.Close(6209)</onclick>
							<onclick condition="Window.IsVisible(Home)">Skin.SetString(submenu_action,$VAR[value_menu20907.action])</onclick>
							<visible>![String.IsEmpty(skin.string(menu20907.master)) | String.Contains(skin.string(menu20907.visible),off)] | Window.IsVisible(6000)</visible>
						</item>
						<item>
							<label fallback="31014">$VAR[value_menu20908.label]</label>
							<property name="condition">$INFO[skin.string(menu20908.visible)]</property>
							<property name="name">menu20908</property>
							<property name="id">$INFO[skin.string(menu20908.master)]</property>
							<onclick condition="Window.IsVisible(6000)">SetFocus(5000)</onclick>
							<onclick condition="Window.IsVisible(Home)">Dialog.Close(6209)</onclick>
							<onclick condition="Window.IsVisible(Home)">Skin.SetString(submenu_action,$VAR[value_menu20908.action])</onclick>
							<visible>![String.IsEmpty(skin.string(menu20908.master)) | String.Contains(skin.string(menu20908.visible),off)] | Window.IsVisible(6000)</visible>
						</item>
						<item>
							<label fallback="31014">$VAR[value_menu20909.label]</label>
							<property name="condition">$INFO[skin.string(menu20909.visible)]</property>
							<property name="name">menu20909</property>
							<property name="id">$INFO[skin.string(menu20909.master)]</property>
							<onclick condition="Window.IsVisible(6000)">SetFocus(5000)</onclick>
							<onclick condition="Window.IsVisible(Home)">Dialog.Close(6209)</onclick>
							<onclick condition="Window.IsVisible(Home)">Skin.SetString(submenu_action,$VAR[value_menu20909.action])</onclick>
							<visible>![String.IsEmpty(skin.string(menu20909.master)) | String.Contains(skin.string(menu20909.visible),off)] | Window.IsVisible(6000)</visible>
						</item>
						<item>
							<label fallback="31014">$VAR[value_menu20910.label]</label>
							<property name="condition">$INFO[skin.string(menu20910.visible)]</property>
							<property name="name">menu20910</property>
							<property name="id">$INFO[skin.string(menu20910.master)]</property>
							<onclick condition="Window.IsVisible(6000)">SetFocus(5000)</onclick>
							<onclick condition="Window.IsVisible(Home)">Dialog.Close(6209)</onclick>
							<onclick condition="Window.IsVisible(Home)">Skin.SetString(submenu_action,$VAR[value_menu20910.action])</onclick>
							<visible>![String.IsEmpty(skin.string(menu20910.master)) | String.Contains(skin.string(menu20910.visible),off)] | Window.IsVisible(6000)</visible>
						</item>
						<item>
							<label fallback="31014">$VAR[value_menu20911.label]</label>
							<property name="condition">$INFO[skin.string(menu20911.visible)]</property>
							<property name="name">menu20911</property>
							<property name="id">$INFO[skin.string(menu20911.master)]</property>
							<onclick condition="Window.IsVisible(6000)">SetFocus(5000)</onclick>
							<onclick condition="Window.IsVisible(Home)">Dialog.Close(6209)</onclick>
							<onclick condition="Window.IsVisible(Home)">Skin.SetString(submenu_action,$VAR[value_menu20911.action])</onclick>
							<visible>![String.IsEmpty(skin.string(menu20911.master)) | String.Contains(skin.string(menu20911.visible),off)] | Window.IsVisible(6000)</visible>
						</item>
						<item>
							<label fallback="31014">$VAR[value_menu20912.label]</label>
							<property name="condition">$INFO[skin.string(menu20912.visible)]</property>
							<property name="name">menu20912</property>
							<property name="id">$INFO[skin.string(menu20912.master)]</property>
							<onclick condition="Window.IsVisible(6000)">SetFocus(5000)</onclick>
							<onclick condition="Window.IsVisible(Home)">Dialog.Close(6209)</onclick>
							<onclick condition="Window.IsVisible(Home)">Skin.SetString(submenu_action,$VAR[value_menu20912.action])</onclick>
							<visible>![String.IsEmpty(skin.string(menu20912.master)) | String.Contains(skin.string(menu20912.visible),off)] | Window.IsVisible(6000)</visible>
						</item>
						<item>
							<label fallback="31014">$VAR[value_menu20913.label]</label>
							<property name="condition">$INFO[skin.string(menu20913.visible)]</property>
							<property name="name">menu20913</property>
							<property name="id">$INFO[skin.string(menu20913.master)]</property>
							<onclick condition="Window.IsVisible(6000)">SetFocus(5000)</onclick>
							<onclick condition="Window.IsVisible(Home)">Dialog.Close(6209)</onclick>
							<onclick condition="Window.IsVisible(Home)">Skin.SetString(submenu_action,$VAR[value_menu20913.action])</onclick>
							<visible>![String.IsEmpty(skin.string(menu20913.master)) | String.Contains(skin.string(menu20913.visible),off)] | Window.IsVisible(6000)</visible>
						</item>
						<item>
							<label fallback="31014">$VAR[value_menu20914.label]</label>
							<property name="condition">$INFO[skin.string(menu20914.visible)]</property>
							<property name="name">menu20914</property>
							<property name="id">$INFO[skin.string(menu20914.master)]</property>
							<onclick condition="Window.IsVisible(6000)">SetFocus(5000)</onclick>
							<onclick condition="Window.IsVisible(Home)">Dialog.Close(6209)</onclick>
							<onclick condition="Window.IsVisible(Home)">Skin.SetString(submenu_action,$VAR[value_menu20914.action])</onclick>
							<visible>![String.IsEmpty(skin.string(menu20914.master)) | String.Contains(skin.string(menu20914.visible),off)] | Window.IsVisible(6000)</visible>
						</item>
						<item>
							<label fallback="31014">$VAR[value_menu20915.label]</label>
							<property name="condition">$INFO[skin.string(menu20915.visible)]</property>
							<property name="name">menu20915</property>
							<property name="id">$INFO[skin.string(menu20915.master)]</property>
							<onclick condition="Window.IsVisible(6000)">SetFocus(5000)</onclick>
							<onclick condition="Window.IsVisible(Home)">Dialog.Close(6209)</onclick>
							<onclick condition="Window.IsVisible(Home)">Skin.SetString(submenu_action,$VAR[value_menu20915.action])</onclick>
							<visible>![String.IsEmpty(skin.string(menu20915.master)) | String.Contains(skin.string(menu20915.visible),off)] | Window.IsVisible(6000)</visible>
						</item>
					</content>
				</control>
				<include condition="Window.IsVisible(6000)">Glass</include>
			</control>
		</control>
	</controls>
</window>
