<?xml version="1.0" encoding="utf-8"?>
<!-- Aeon MQ 5 -->
<window id="6215" type="dialog">
	<!-- A-Playlist 15 -->
	<defaultcontrol></defaultcontrol>
	<include>SubMenuCommon</include>
	<controls>
		<control type="group">
			<include condition="Window.IsVisible(6000)">MenuCustom</include>
			<control type="group">
				<!-- default group -->
				<include>Animation_SubMenu</include>
				<include condition="Window.IsVisible(6000)">SubmenuGoTo</include>
				<include condition="Window.IsVisible(Home)">SubMenuDefault</include>
				<control type="panel" id="9000">
					<include condition="Window.IsVisible(6000)">SubmenuVList</include>
					<include condition="Window.IsVisible(Home)">SubmenuHList</include>
					<content>
						<item>
							<label fallback="31014">$VAR[value_menu21501.label]</label>
							<property name="condition">$INFO[skin.string(menu21501.visible)]</property>
							<property name="name">menu21501</property>
							<property name="id">$INFO[skin.string(menu21501.master)]</property>
							<onclick condition="Window.IsVisible(6000)">SetFocus(5000)</onclick>
							<onclick condition="Window.IsVisible(Home)">Dialog.Close(6215)</onclick>
							<onclick condition="Window.IsVisible(Home)">Skin.SetString(submenu_action,$VAR[value_menu21501.action])</onclick>
							<visible>![String.IsEmpty(skin.string(menu21501.master)) | String.Contains(skin.string(menu21501.visible),off)] | Window.IsVisible(6000)</visible>
						</item>
						<item>
							<label fallback="31014">$VAR[value_menu21502.label]</label>
							<property name="condition">$INFO[skin.string(menu21502.visible)]</property>
							<property name="name">menu21502</property>
							<property name="id">$INFO[skin.string(menu21502.master)]</property>
							<onclick condition="Window.IsVisible(6000)">SetFocus(5000)</onclick>
							<onclick condition="Window.IsVisible(Home)">Dialog.Close(6215)</onclick>
							<onclick condition="Window.IsVisible(Home)">Skin.SetString(submenu_action,$VAR[value_menu21502.action])</onclick>
							<visible>![String.IsEmpty(skin.string(menu21502.master)) | String.Contains(skin.string(menu21502.visible),off)] | Window.IsVisible(6000)</visible>
						</item>
						<item>
							<label fallback="31014">$VAR[value_menu21503.label]</label>
							<property name="condition">$INFO[skin.string(menu21503.visible)]</property>
							<property name="name">menu21503</property>
							<property name="id">$INFO[skin.string(menu21503.master)]</property>
							<onclick condition="Window.IsVisible(6000)">SetFocus(5000)</onclick>
							<onclick condition="Window.IsVisible(Home)">Dialog.Close(6215)</onclick>
							<onclick condition="Window.IsVisible(Home)">Skin.SetString(submenu_action,$VAR[value_menu21503.action])</onclick>
							<visible>![String.IsEmpty(skin.string(menu21503.master)) | String.Contains(skin.string(menu21503.visible),off)] | Window.IsVisible(6000)</visible>
						</item>
						<item>
							<label fallback="31014">$VAR[value_menu21504.label]</label>
							<property name="condition">$INFO[skin.string(menu21504.visible)]</property>
							<property name="name">menu21504</property>
							<property name="id">$INFO[skin.string(menu21504.master)]</property>
							<onclick condition="Window.IsVisible(6000)">SetFocus(5000)</onclick>
							<onclick condition="Window.IsVisible(Home)">Dialog.Close(6215)</onclick>
							<onclick condition="Window.IsVisible(Home)">Skin.SetString(submenu_action,$VAR[value_menu21504.action])</onclick>
							<visible>![String.IsEmpty(skin.string(menu21504.master)) | String.Contains(skin.string(menu21504.visible),off)] | Window.IsVisible(6000)</visible>
						</item>
						<item>
							<label fallback="31014">$VAR[value_menu21505.label]</label>
							<property name="condition">$INFO[skin.string(menu21505.visible)]</property>
							<property name="name">menu21505</property>
							<property name="id">$INFO[skin.string(menu21505.master)]</property>
							<onclick condition="Window.IsVisible(6000)">SetFocus(5000)</onclick>
							<onclick condition="Window.IsVisible(Home)">Dialog.Close(6215)</onclick>
							<onclick condition="Window.IsVisible(Home)">Skin.SetString(submenu_action,$VAR[value_menu21505.action])</onclick>
							<visible>![String.IsEmpty(skin.string(menu21505.master)) | String.Contains(skin.string(menu21505.visible),off)] | Window.IsVisible(6000)</visible>
						</item>
						<item>
							<label fallback="31014">$VAR[value_menu21506.label]</label>
							<property name="condition">$INFO[skin.string(menu21506.visible)]</property>
							<property name="name">menu21506</property>
							<property name="id">$INFO[skin.string(menu21506.master)]</property>
							<onclick condition="Window.IsVisible(6000)">SetFocus(5000)</onclick>
							<onclick condition="Window.IsVisible(Home)">Dialog.Close(6215)</onclick>
							<onclick condition="Window.IsVisible(Home)">Skin.SetString(submenu_action,$VAR[value_menu21506.action])</onclick>
							<visible>![String.IsEmpty(skin.string(menu21506.master)) | String.Contains(skin.string(menu21506.visible),off)] | Window.IsVisible(6000)</visible>
						</item>
						<item>
							<label fallback="31014">$VAR[value_menu21507.label]</label>
							<property name="condition">$INFO[skin.string(menu21507.visible)]</property>
							<property name="name">menu21507</property>
							<property name="id">$INFO[skin.string(menu21507.master)]</property>
							<onclick condition="Window.IsVisible(6000)">SetFocus(5000)</onclick>
							<onclick condition="Window.IsVisible(Home)">Dialog.Close(6215)</onclick>
							<onclick condition="Window.IsVisible(Home)">Skin.SetString(submenu_action,$VAR[value_menu21507.action])</onclick>
							<visible>![String.IsEmpty(skin.string(menu21507.master)) | String.Contains(skin.string(menu21507.visible),off)] | Window.IsVisible(6000)</visible>
						</item>
						<item>
							<label fallback="31014">$VAR[value_menu21508.label]</label>
							<property name="condition">$INFO[skin.string(menu21508.visible)]</property>
							<property name="name">menu21508</property>
							<property name="id">$INFO[skin.string(menu21508.master)]</property>
							<onclick condition="Window.IsVisible(6000)">SetFocus(5000)</onclick>
							<onclick condition="Window.IsVisible(Home)">Dialog.Close(6215)</onclick>
							<onclick condition="Window.IsVisible(Home)">Skin.SetString(submenu_action,$VAR[value_menu21508.action])</onclick>
							<visible>![String.IsEmpty(skin.string(menu21508.master)) | String.Contains(skin.string(menu21508.visible),off)] | Window.IsVisible(6000)</visible>
						</item>
						<item>
							<label fallback="31014">$VAR[value_menu21509.label]</label>
							<property name="condition">$INFO[skin.string(menu21509.visible)]</property>
							<property name="name">menu21509</property>
							<property name="id">$INFO[skin.string(menu21509.master)]</property>
							<onclick condition="Window.IsVisible(6000)">SetFocus(5000)</onclick>
							<onclick condition="Window.IsVisible(Home)">Dialog.Close(6215)</onclick>
							<onclick condition="Window.IsVisible(Home)">Skin.SetString(submenu_action,$VAR[value_menu21509.action])</onclick>
							<visible>![String.IsEmpty(skin.string(menu21509.master)) | String.Contains(skin.string(menu21509.visible),off)] | Window.IsVisible(6000)</visible>
						</item>
						<item>
							<label fallback="31014">$VAR[value_menu21510.label]</label>
							<property name="condition">$INFO[skin.string(menu21510.visible)]</property>
							<property name="name">menu21510</property>
							<property name="id">$INFO[skin.string(menu21510.master)]</property>
							<onclick condition="Window.IsVisible(6000)">SetFocus(5000)</onclick>
							<onclick condition="Window.IsVisible(Home)">Dialog.Close(6215)</onclick>
							<onclick condition="Window.IsVisible(Home)">Skin.SetString(submenu_action,$VAR[value_menu21510.action])</onclick>
							<visible>![String.IsEmpty(skin.string(menu21510.master)) | String.Contains(skin.string(menu21510.visible),off)] | Window.IsVisible(6000)</visible>
						</item>
						<item>
							<label fallback="31014">$VAR[value_menu21511.label]</label>
							<property name="condition">$INFO[skin.string(menu21511.visible)]</property>
							<property name="name">menu21511</property>
							<property name="id">$INFO[skin.string(menu21511.master)]</property>
							<onclick condition="Window.IsVisible(6000)">SetFocus(5000)</onclick>
							<onclick condition="Window.IsVisible(Home)">Dialog.Close(6215)</onclick>
							<onclick condition="Window.IsVisible(Home)">Skin.SetString(submenu_action,$VAR[value_menu21511.action])</onclick>
							<visible>![String.IsEmpty(skin.string(menu21511.master)) | String.Contains(skin.string(menu21511.visible),off)] | Window.IsVisible(6000)</visible>
						</item>
						<item>
							<label fallback="31014">$VAR[value_menu21512.label]</label>
							<property name="condition">$INFO[skin.string(menu21512.visible)]</property>
							<property name="name">menu21512</property>
							<property name="id">$INFO[skin.string(menu21512.master)]</property>
							<onclick condition="Window.IsVisible(6000)">SetFocus(5000)</onclick>
							<onclick condition="Window.IsVisible(Home)">Dialog.Close(6215)</onclick>
							<onclick condition="Window.IsVisible(Home)">Skin.SetString(submenu_action,$VAR[value_menu21512.action])</onclick>
							<visible>![String.IsEmpty(skin.string(menu21512.master)) | String.Contains(skin.string(menu21512.visible),off)] | Window.IsVisible(6000)</visible>
						</item>
						<item>
							<label fallback="31014">$VAR[value_menu21513.label]</label>
							<property name="condition">$INFO[skin.string(menu21513.visible)]</property>
							<property name="name">menu21513</property>
							<property name="id">$INFO[skin.string(menu21513.master)]</property>
							<onclick condition="Window.IsVisible(6000)">SetFocus(5000)</onclick>
							<onclick condition="Window.IsVisible(Home)">Dialog.Close(6215)</onclick>
							<onclick condition="Window.IsVisible(Home)">Skin.SetString(submenu_action,$VAR[value_menu21513.action])</onclick>
							<visible>![String.IsEmpty(skin.string(menu21513.master)) | String.Contains(skin.string(menu21513.visible),off)] | Window.IsVisible(6000)</visible>
						</item>
						<item>
							<label fallback="31014">$VAR[value_menu21514.label]</label>
							<property name="condition">$INFO[skin.string(menu21514.visible)]</property>
							<property name="name">menu21514</property>
							<property name="id">$INFO[skin.string(menu21514.master)]</property>
							<onclick condition="Window.IsVisible(6000)">SetFocus(5000)</onclick>
							<onclick condition="Window.IsVisible(Home)">Dialog.Close(6215)</onclick>
							<onclick condition="Window.IsVisible(Home)">Skin.SetString(submenu_action,$VAR[value_menu21514.action])</onclick>
							<visible>![String.IsEmpty(skin.string(menu21514.master)) | String.Contains(skin.string(menu21514.visible),off)] | Window.IsVisible(6000)</visible>
						</item>
						<item>
							<label fallback="31014">$VAR[value_menu21515.label]</label>
							<property name="condition">$INFO[skin.string(menu21515.visible)]</property>
							<property name="name">menu21515</property>
							<property name="id">$INFO[skin.string(menu21515.master)]</property>
							<onclick condition="Window.IsVisible(6000)">SetFocus(5000)</onclick>
							<onclick condition="Window.IsVisible(Home)">Dialog.Close(6215)</onclick>
							<onclick condition="Window.IsVisible(Home)">Skin.SetString(submenu_action,$VAR[value_menu21515.action])</onclick>
							<visible>![String.IsEmpty(skin.string(menu21515.master)) | String.Contains(skin.string(menu21515.visible),off)] | Window.IsVisible(6000)</visible>
						</item>
					</content>
				</control>
				<include condition="Window.IsVisible(6000)">Glass</include>
			</control>
		</control>
	</controls>
</window>
