<?xml version="1.0" encoding="utf-8"?>
<!-- Aeon MQ 5 -->
<window id="6214" type="dialog">
	<!-- A-Playlist 14 -->
	<defaultcontrol></defaultcontrol>
	<include>SubMenuCommon</include>
	<controls>
		<control type="group">
			<include condition="Window.IsVisible(6000)">MenuCustom</include>
			<control type="group">
				<!-- default group -->
				<include>Animation_SubMenu</include>
				<include condition="Window.IsVisible(6000)">SubmenuGoTo</include>
				<include condition="Window.IsVisible(Home)">SubMenuDefault</include>
				<control type="panel" id="9000">
					<include condition="Window.IsVisible(6000)">SubmenuVList</include>
					<include condition="Window.IsVisible(Home)">SubmenuHList</include>
					<content>
						<item>
							<label fallback="31014">$VAR[value_menu21401.label]</label>
							<property name="condition">$INFO[skin.string(menu21401.visible)]</property>
							<property name="name">menu21401</property>
							<property name="id">$INFO[skin.string(menu21401.master)]</property>
							<onclick condition="Window.IsVisible(6000)">SetFocus(5000)</onclick>
							<onclick condition="Window.IsVisible(Home)">Dialog.Close(6214)</onclick>
							<onclick condition="Window.IsVisible(Home)">Skin.SetString(submenu_action,$VAR[value_menu21401.action])</onclick>
							<visible>![String.IsEmpty(skin.string(menu21401.master)) | String.Contains(skin.string(menu21401.visible),off)] | Window.IsVisible(6000)</visible>
						</item>
						<item>
							<label fallback="31014">$VAR[value_menu21402.label]</label>
							<property name="condition">$INFO[skin.string(menu21402.visible)]</property>
							<property name="name">menu21402</property>
							<property name="id">$INFO[skin.string(menu21402.master)]</property>
							<onclick condition="Window.IsVisible(6000)">SetFocus(5000)</onclick>
							<onclick condition="Window.IsVisible(Home)">Dialog.Close(6214)</onclick>
							<onclick condition="Window.IsVisible(Home)">Skin.SetString(submenu_action,$VAR[value_menu21402.action])</onclick>
							<visible>![String.IsEmpty(skin.string(menu21402.master)) | String.Contains(skin.string(menu21402.visible),off)] | Window.IsVisible(6000)</visible>
						</item>
						<item>
							<label fallback="31014">$VAR[value_menu21403.label]</label>
							<property name="condition">$INFO[skin.string(menu21403.visible)]</property>
							<property name="name">menu21403</property>
							<property name="id">$INFO[skin.string(menu21403.master)]</property>
							<onclick condition="Window.IsVisible(6000)">SetFocus(5000)</onclick>
							<onclick condition="Window.IsVisible(Home)">Dialog.Close(6214)</onclick>
							<onclick condition="Window.IsVisible(Home)">Skin.SetString(submenu_action,$VAR[value_menu21403.action])</onclick>
							<visible>![String.IsEmpty(skin.string(menu21403.master)) | String.Contains(skin.string(menu21403.visible),off)] | Window.IsVisible(6000)</visible>
						</item>
						<item>
							<label fallback="31014">$VAR[value_menu21404.label]</label>
							<property name="condition">$INFO[skin.string(menu21404.visible)]</property>
							<property name="name">menu21404</property>
							<property name="id">$INFO[skin.string(menu21404.master)]</property>
							<onclick condition="Window.IsVisible(6000)">SetFocus(5000)</onclick>
							<onclick condition="Window.IsVisible(Home)">Dialog.Close(6214)</onclick>
							<onclick condition="Window.IsVisible(Home)">Skin.SetString(submenu_action,$VAR[value_menu21404.action])</onclick>
							<visible>![String.IsEmpty(skin.string(menu21404.master)) | String.Contains(skin.string(menu21404.visible),off)] | Window.IsVisible(6000)</visible>
						</item>
						<item>
							<label fallback="31014">$VAR[value_menu21405.label]</label>
							<property name="condition">$INFO[skin.string(menu21405.visible)]</property>
							<property name="name">menu21405</property>
							<property name="id">$INFO[skin.string(menu21405.master)]</property>
							<onclick condition="Window.IsVisible(6000)">SetFocus(5000)</onclick>
							<onclick condition="Window.IsVisible(Home)">Dialog.Close(6214)</onclick>
							<onclick condition="Window.IsVisible(Home)">Skin.SetString(submenu_action,$VAR[value_menu21405.action])</onclick>
							<visible>![String.IsEmpty(skin.string(menu21405.master)) | String.Contains(skin.string(menu21405.visible),off)] | Window.IsVisible(6000)</visible>
						</item>
						<item>
							<label fallback="31014">$VAR[value_menu21406.label]</label>
							<property name="condition">$INFO[skin.string(menu21406.visible)]</property>
							<property name="name">menu21406</property>
							<property name="id">$INFO[skin.string(menu21406.master)]</property>
							<onclick condition="Window.IsVisible(6000)">SetFocus(5000)</onclick>
							<onclick condition="Window.IsVisible(Home)">Dialog.Close(6214)</onclick>
							<onclick condition="Window.IsVisible(Home)">Skin.SetString(submenu_action,$VAR[value_menu21406.action])</onclick>
							<visible>![String.IsEmpty(skin.string(menu21406.master)) | String.Contains(skin.string(menu21406.visible),off)] | Window.IsVisible(6000)</visible>
						</item>
						<item>
							<label fallback="31014">$VAR[value_menu21407.label]</label>
							<property name="condition">$INFO[skin.string(menu21407.visible)]</property>
							<property name="name">menu21407</property>
							<property name="id">$INFO[skin.string(menu21407.master)]</property>
							<onclick condition="Window.IsVisible(6000)">SetFocus(5000)</onclick>
							<onclick condition="Window.IsVisible(Home)">Dialog.Close(6214)</onclick>
							<onclick condition="Window.IsVisible(Home)">Skin.SetString(submenu_action,$VAR[value_menu21407.action])</onclick>
							<visible>![String.IsEmpty(skin.string(menu21407.master)) | String.Contains(skin.string(menu21407.visible),off)] | Window.IsVisible(6000)</visible>
						</item>
						<item>
							<label fallback="31014">$VAR[value_menu21408.label]</label>
							<property name="condition">$INFO[skin.string(menu21408.visible)]</property>
							<property name="name">menu21408</property>
							<property name="id">$INFO[skin.string(menu21408.master)]</property>
							<onclick condition="Window.IsVisible(6000)">SetFocus(5000)</onclick>
							<onclick condition="Window.IsVisible(Home)">Dialog.Close(6214)</onclick>
							<onclick condition="Window.IsVisible(Home)">Skin.SetString(submenu_action,$VAR[value_menu21408.action])</onclick>
							<visible>![String.IsEmpty(skin.string(menu21408.master)) | String.Contains(skin.string(menu21408.visible),off)] | Window.IsVisible(6000)</visible>
						</item>
						<item>
							<label fallback="31014">$VAR[value_menu21409.label]</label>
							<property name="condition">$INFO[skin.string(menu21409.visible)]</property>
							<property name="name">menu21409</property>
							<property name="id">$INFO[skin.string(menu21409.master)]</property>
							<onclick condition="Window.IsVisible(6000)">SetFocus(5000)</onclick>
							<onclick condition="Window.IsVisible(Home)">Dialog.Close(6214)</onclick>
							<onclick condition="Window.IsVisible(Home)">Skin.SetString(submenu_action,$VAR[value_menu21409.action])</onclick>
							<visible>![String.IsEmpty(skin.string(menu21409.master)) | String.Contains(skin.string(menu21409.visible),off)] | Window.IsVisible(6000)</visible>
						</item>
						<item>
							<label fallback="31014">$VAR[value_menu21410.label]</label>
							<property name="condition">$INFO[skin.string(menu21410.visible)]</property>
							<property name="name">menu21410</property>
							<property name="id">$INFO[skin.string(menu21410.master)]</property>
							<onclick condition="Window.IsVisible(6000)">SetFocus(5000)</onclick>
							<onclick condition="Window.IsVisible(Home)">Dialog.Close(6214)</onclick>
							<onclick condition="Window.IsVisible(Home)">Skin.SetString(submenu_action,$VAR[value_menu21410.action])</onclick>
							<visible>![String.IsEmpty(skin.string(menu21410.master)) | String.Contains(skin.string(menu21410.visible),off)] | Window.IsVisible(6000)</visible>
						</item>
						<item>
							<label fallback="31014">$VAR[value_menu21411.label]</label>
							<property name="condition">$INFO[skin.string(menu21411.visible)]</property>
							<property name="name">menu21411</property>
							<property name="id">$INFO[skin.string(menu21411.master)]</property>
							<onclick condition="Window.IsVisible(6000)">SetFocus(5000)</onclick>
							<onclick condition="Window.IsVisible(Home)">Dialog.Close(6214)</onclick>
							<onclick condition="Window.IsVisible(Home)">Skin.SetString(submenu_action,$VAR[value_menu21411.action])</onclick>
							<visible>![String.IsEmpty(skin.string(menu21411.master)) | String.Contains(skin.string(menu21411.visible),off)] | Window.IsVisible(6000)</visible>
						</item>
						<item>
							<label fallback="31014">$VAR[value_menu21412.label]</label>
							<property name="condition">$INFO[skin.string(menu21412.visible)]</property>
							<property name="name">menu21412</property>
							<property name="id">$INFO[skin.string(menu21412.master)]</property>
							<onclick condition="Window.IsVisible(6000)">SetFocus(5000)</onclick>
							<onclick condition="Window.IsVisible(Home)">Dialog.Close(6214)</onclick>
							<onclick condition="Window.IsVisible(Home)">Skin.SetString(submenu_action,$VAR[value_menu21412.action])</onclick>
							<visible>![String.IsEmpty(skin.string(menu21412.master)) | String.Contains(skin.string(menu21412.visible),off)] | Window.IsVisible(6000)</visible>
						</item>
						<item>
							<label fallback="31014">$VAR[value_menu21413.label]</label>
							<property name="condition">$INFO[skin.string(menu21413.visible)]</property>
							<property name="name">menu21413</property>
							<property name="id">$INFO[skin.string(menu21413.master)]</property>
							<onclick condition="Window.IsVisible(6000)">SetFocus(5000)</onclick>
							<onclick condition="Window.IsVisible(Home)">Dialog.Close(6214)</onclick>
							<onclick condition="Window.IsVisible(Home)">Skin.SetString(submenu_action,$VAR[value_menu21413.action])</onclick>
							<visible>![String.IsEmpty(skin.string(menu21413.master)) | String.Contains(skin.string(menu21413.visible),off)] | Window.IsVisible(6000)</visible>
						</item>
						<item>
							<label fallback="31014">$VAR[value_menu21414.label]</label>
							<property name="condition">$INFO[skin.string(menu21414.visible)]</property>
							<property name="name">menu21414</property>
							<property name="id">$INFO[skin.string(menu21414.master)]</property>
							<onclick condition="Window.IsVisible(6000)">SetFocus(5000)</onclick>
							<onclick condition="Window.IsVisible(Home)">Dialog.Close(6214)</onclick>
							<onclick condition="Window.IsVisible(Home)">Skin.SetString(submenu_action,$VAR[value_menu21414.action])</onclick>
							<visible>![String.IsEmpty(skin.string(menu21414.master)) | String.Contains(skin.string(menu21414.visible),off)] | Window.IsVisible(6000)</visible>
						</item>
						<item>
							<label fallback="31014">$VAR[value_menu21415.label]</label>
							<property name="condition">$INFO[skin.string(menu21415.visible)]</property>
							<property name="name">menu21415</property>
							<property name="id">$INFO[skin.string(menu21415.master)]</property>
							<onclick condition="Window.IsVisible(6000)">SetFocus(5000)</onclick>
							<onclick condition="Window.IsVisible(Home)">Dialog.Close(6214)</onclick>
							<onclick condition="Window.IsVisible(Home)">Skin.SetString(submenu_action,$VAR[value_menu21415.action])</onclick>
							<visible>![String.IsEmpty(skin.string(menu21415.master)) | String.Contains(skin.string(menu21415.visible),off)] | Window.IsVisible(6000)</visible>
						</item>
					</content>
				</control>
				<include condition="Window.IsVisible(6000)">Glass</include>
			</control>
		</control>
	</controls>
</window>
