<?xml version="1.0" encoding="utf-8"?>
<!-- Aeon MQ 5 -->
<window id="6406" type="dialog">
	<!-- Favorito 6 -->
	<defaultcontrol></defaultcontrol>
	<include>SubMenuCommon</include>
	<controls>
		<control type="group">
			<include condition="Window.IsVisible(6000)">MenuCustom</include>
			<control type="group">
				<!-- default group -->
				<include>Animation_SubMenu</include>
				<include condition="Window.IsVisible(6000)">SubmenuGoTo</include>
				<include condition="Window.IsVisible(Home)">SubMenuDefault</include>
				<control type="panel" id="9000">
					<include condition="Window.IsVisible(6000)">SubmenuVList</include>
					<include condition="Window.IsVisible(Home)">SubmenuHList</include>
					<content>
						<item>
							<label fallback="31014">$VAR[value_menu40601.label]</label>
							<property name="condition">$INFO[skin.string(menu40601.visible)]</property>
							<property name="name">menu40601</property>
							<property name="id">$INFO[skin.string(menu40601.master)]</property>
							<onclick condition="Window.IsVisible(6000)">SetFocus(5000)</onclick>
							<onclick condition="Window.IsVisible(Home)">Dialog.Close(6406)</onclick>
							<onclick condition="Window.IsVisible(Home)">Skin.SetString(submenu_action,$VAR[value_menu40601.action])</onclick>
							<visible>![String.IsEmpty(skin.string(menu40601.master)) | String.Contains(skin.string(menu40601.visible),off)] | Window.IsVisible(6000)</visible>
						</item>
						<item>
							<label fallback="31014">$VAR[value_menu40602.label]</label>
							<property name="condition">$INFO[skin.string(menu40602.visible)]</property>
							<property name="name">menu40602</property>
							<property name="id">$INFO[skin.string(menu40602.master)]</property>
							<onclick condition="Window.IsVisible(6000)">SetFocus(5000)</onclick>
							<onclick condition="Window.IsVisible(Home)">Dialog.Close(6406)</onclick>
							<onclick condition="Window.IsVisible(Home)">Skin.SetString(submenu_action,$VAR[value_menu40602.action])</onclick>
							<visible>![String.IsEmpty(skin.string(menu40602.master)) | String.Contains(skin.string(menu40602.visible),off)] | Window.IsVisible(6000)</visible>
						</item>
						<item>
							<label fallback="31014">$VAR[value_menu40603.label]</label>
							<property name="condition">$INFO[skin.string(menu40603.visible)]</property>
							<property name="name">menu40603</property>
							<property name="id">$INFO[skin.string(menu40603.master)]</property>
							<onclick condition="Window.IsVisible(6000)">SetFocus(5000)</onclick>
							<onclick condition="Window.IsVisible(Home)">Dialog.Close(6406)</onclick>
							<onclick condition="Window.IsVisible(Home)">Skin.SetString(submenu_action,$VAR[value_menu40603.action])</onclick>
							<visible>![String.IsEmpty(skin.string(menu40603.master)) | String.Contains(skin.string(menu40603.visible),off)] | Window.IsVisible(6000)</visible>
						</item>
						<item>
							<label fallback="31014">$VAR[value_menu40604.label]</label>
							<property name="condition">$INFO[skin.string(menu40604.visible)]</property>
							<property name="name">menu40604</property>
							<property name="id">$INFO[skin.string(menu40604.master)]</property>
							<onclick condition="Window.IsVisible(6000)">SetFocus(5000)</onclick>
							<onclick condition="Window.IsVisible(Home)">Dialog.Close(6406)</onclick>
							<onclick condition="Window.IsVisible(Home)">Skin.SetString(submenu_action,$VAR[value_menu40604.action])</onclick>
							<visible>![String.IsEmpty(skin.string(menu40604.master)) | String.Contains(skin.string(menu40604.visible),off)] | Window.IsVisible(6000)</visible>
						</item>
						<item>
							<label fallback="31014">$VAR[value_menu40605.label]</label>
							<property name="condition">$INFO[skin.string(menu40605.visible)]</property>
							<property name="name">menu40605</property>
							<property name="id">$INFO[skin.string(menu40605.master)]</property>
							<onclick condition="Window.IsVisible(6000)">SetFocus(5000)</onclick>
							<onclick condition="Window.IsVisible(Home)">Dialog.Close(6406)</onclick>
							<onclick condition="Window.IsVisible(Home)">Skin.SetString(submenu_action,$VAR[value_menu40605.action])</onclick>
							<visible>![String.IsEmpty(skin.string(menu40605.master)) | String.Contains(skin.string(menu40605.visible),off)] | Window.IsVisible(6000)</visible>
						</item>
						<item>
							<label fallback="31014">$VAR[value_menu40606.label]</label>
							<property name="condition">$INFO[skin.string(menu40606.visible)]</property>
							<property name="name">menu40606</property>
							<property name="id">$INFO[skin.string(menu40606.master)]</property>
							<onclick condition="Window.IsVisible(6000)">SetFocus(5000)</onclick>
							<onclick condition="Window.IsVisible(Home)">Dialog.Close(6406)</onclick>
							<onclick condition="Window.IsVisible(Home)">Skin.SetString(submenu_action,$VAR[value_menu40606.action])</onclick>
							<visible>![String.IsEmpty(skin.string(menu40606.master)) | String.Contains(skin.string(menu40606.visible),off)] | Window.IsVisible(6000)</visible>
						</item>
						<item>
							<label fallback="31014">$VAR[value_menu40607.label]</label>
							<property name="condition">$INFO[skin.string(menu40607.visible)]</property>
							<property name="name">menu40607</property>
							<property name="id">$INFO[skin.string(menu40607.master)]</property>
							<onclick condition="Window.IsVisible(6000)">SetFocus(5000)</onclick>
							<onclick condition="Window.IsVisible(Home)">Dialog.Close(6406)</onclick>
							<onclick condition="Window.IsVisible(Home)">Skin.SetString(submenu_action,$VAR[value_menu40607.action])</onclick>
							<visible>![String.IsEmpty(skin.string(menu40607.master)) | String.Contains(skin.string(menu40607.visible),off)] | Window.IsVisible(6000)</visible>
						</item>
						<item>
							<label fallback="31014">$VAR[value_menu40608.label]</label>
							<property name="condition">$INFO[skin.string(menu40608.visible)]</property>
							<property name="name">menu40608</property>
							<property name="id">$INFO[skin.string(menu40608.master)]</property>
							<onclick condition="Window.IsVisible(6000)">SetFocus(5000)</onclick>
							<onclick condition="Window.IsVisible(Home)">Dialog.Close(6406)</onclick>
							<onclick condition="Window.IsVisible(Home)">Skin.SetString(submenu_action,$VAR[value_menu40608.action])</onclick>
							<visible>![String.IsEmpty(skin.string(menu40608.master)) | String.Contains(skin.string(menu40608.visible),off)] | Window.IsVisible(6000)</visible>
						</item>
						<item>
							<label fallback="31014">$VAR[value_menu40609.label]</label>
							<property name="condition">$INFO[skin.string(menu40609.visible)]</property>
							<property name="name">menu40609</property>
							<property name="id">$INFO[skin.string(menu40609.master)]</property>
							<onclick condition="Window.IsVisible(6000)">SetFocus(5000)</onclick>
							<onclick condition="Window.IsVisible(Home)">Dialog.Close(6406)</onclick>
							<onclick condition="Window.IsVisible(Home)">Skin.SetString(submenu_action,$VAR[value_menu40609.action])</onclick>
							<visible>![String.IsEmpty(skin.string(menu40609.master)) | String.Contains(skin.string(menu40609.visible),off)] | Window.IsVisible(6000)</visible>
						</item>
						<item>
							<label fallback="31014">$VAR[value_menu40610.label]</label>
							<property name="condition">$INFO[skin.string(menu40610.visible)]</property>
							<property name="name">menu40610</property>
							<property name="id">$INFO[skin.string(menu40610.master)]</property>
							<onclick condition="Window.IsVisible(6000)">SetFocus(5000)</onclick>
							<onclick condition="Window.IsVisible(Home)">Dialog.Close(6406)</onclick>
							<onclick condition="Window.IsVisible(Home)">Skin.SetString(submenu_action,$VAR[value_menu40610.action])</onclick>
							<visible>![String.IsEmpty(skin.string(menu40610.master)) | String.Contains(skin.string(menu40610.visible),off)] | Window.IsVisible(6000)</visible>
						</item>
						<item>
							<label fallback="31014">$VAR[value_menu40611.label]</label>
							<property name="condition">$INFO[skin.string(menu40611.visible)]</property>
							<property name="name">menu40611</property>
							<property name="id">$INFO[skin.string(menu40611.master)]</property>
							<onclick condition="Window.IsVisible(6000)">SetFocus(5000)</onclick>
							<onclick condition="Window.IsVisible(Home)">Dialog.Close(6406)</onclick>
							<onclick condition="Window.IsVisible(Home)">Skin.SetString(submenu_action,$VAR[value_menu40611.action])</onclick>
							<visible>![String.IsEmpty(skin.string(menu40611.master)) | String.Contains(skin.string(menu40611.visible),off)] | Window.IsVisible(6000)</visible>
						</item>
						<item>
							<label fallback="31014">$VAR[value_menu40612.label]</label>
							<property name="condition">$INFO[skin.string(menu40612.visible)]</property>
							<property name="name">menu40612</property>
							<property name="id">$INFO[skin.string(menu40612.master)]</property>
							<onclick condition="Window.IsVisible(6000)">SetFocus(5000)</onclick>
							<onclick condition="Window.IsVisible(Home)">Dialog.Close(6406)</onclick>
							<onclick condition="Window.IsVisible(Home)">Skin.SetString(submenu_action,$VAR[value_menu40612.action])</onclick>
							<visible>![String.IsEmpty(skin.string(menu40612.master)) | String.Contains(skin.string(menu40612.visible),off)] | Window.IsVisible(6000)</visible>
						</item>
						<item>
							<label fallback="31014">$VAR[value_menu40613.label]</label>
							<property name="condition">$INFO[skin.string(menu40613.visible)]</property>
							<property name="name">menu40613</property>
							<property name="id">$INFO[skin.string(menu40613.master)]</property>
							<onclick condition="Window.IsVisible(6000)">SetFocus(5000)</onclick>
							<onclick condition="Window.IsVisible(Home)">Dialog.Close(6406)</onclick>
							<onclick condition="Window.IsVisible(Home)">Skin.SetString(submenu_action,$VAR[value_menu40613.action])</onclick>
							<visible>![String.IsEmpty(skin.string(menu40613.master)) | String.Contains(skin.string(menu40613.visible),off)] | Window.IsVisible(6000)</visible>
						</item>
						<item>
							<label fallback="31014">$VAR[value_menu40614.label]</label>
							<property name="condition">$INFO[skin.string(menu40614.visible)]</property>
							<property name="name">menu40614</property>
							<property name="id">$INFO[skin.string(menu40614.master)]</property>
							<onclick condition="Window.IsVisible(6000)">SetFocus(5000)</onclick>
							<onclick condition="Window.IsVisible(Home)">Dialog.Close(6406)</onclick>
							<onclick condition="Window.IsVisible(Home)">Skin.SetString(submenu_action,$VAR[value_menu40614.action])</onclick>
							<visible>![String.IsEmpty(skin.string(menu40614.master)) | String.Contains(skin.string(menu40614.visible),off)] | Window.IsVisible(6000)</visible>
						</item>
						<item>
							<label fallback="31014">$VAR[value_menu40615.label]</label>
							<property name="condition">$INFO[skin.string(menu40615.visible)]</property>
							<property name="name">menu40615</property>
							<property name="id">$INFO[skin.string(menu40615.master)]</property>
							<onclick condition="Window.IsVisible(6000)">SetFocus(5000)</onclick>
							<onclick condition="Window.IsVisible(Home)">Dialog.Close(6406)</onclick>
							<onclick condition="Window.IsVisible(Home)">Skin.SetString(submenu_action,$VAR[value_menu40615.action])</onclick>
							<visible>![String.IsEmpty(skin.string(menu40615.master)) | String.Contains(skin.string(menu40615.visible),off)] | Window.IsVisible(6000)</visible>
						</item>
					</content>
				</control>
				<include condition="Window.IsVisible(6000)">Glass</include>
			</control>
		</control>
	</controls>
</window>
