<?xml version="1.0" encoding="utf-8"?>
<!-- Aeon MQ 5 -->
<window id="6307" type="dialog">
	<!-- Vnode 7 -->
	<defaultcontrol></defaultcontrol>
	<include>SubMenuCommon</include>
	<controls>
		<control type="group">
			<include condition="Window.IsVisible(6000)">MenuCustom</include>
			<control type="group">
				<!-- default group -->
				<include>Animation_SubMenu</include>
				<include condition="Window.IsVisible(6000)">SubmenuGoTo</include>
				<include condition="Window.IsVisible(Home)">SubMenuDefault</include>
				<control type="panel" id="9000">
					<include condition="Window.IsVisible(6000)">SubmenuVList</include>
					<include condition="Window.IsVisible(Home)">SubmenuHList</include>
					<content>
						<item>
							<label fallback="31014">$VAR[value_menu30701.label]</label>
							<property name="condition">$INFO[skin.string(menu30701.visible)]</property>
							<property name="name">menu30701</property>
							<property name="id">$INFO[skin.string(menu30701.master)]</property>
							<onclick condition="Window.IsVisible(6000)">SetFocus(5000)</onclick>
							<onclick condition="Window.IsVisible(Home)">Dialog.Close(6307)</onclick>
							<onclick condition="Window.IsVisible(Home)">Skin.SetString(submenu_action,$VAR[value_menu30701.action])</onclick>
							<visible>![String.IsEmpty(skin.string(menu30701.master)) | String.Contains(skin.string(menu30701.visible),off)] | Window.IsVisible(6000)</visible>
						</item>
						<item>
							<label fallback="31014">$VAR[value_menu30702.label]</label>
							<property name="condition">$INFO[skin.string(menu30702.visible)]</property>
							<property name="name">menu30702</property>
							<property name="id">$INFO[skin.string(menu30702.master)]</property>
							<onclick condition="Window.IsVisible(6000)">SetFocus(5000)</onclick>
							<onclick condition="Window.IsVisible(Home)">Dialog.Close(6307)</onclick>
							<onclick condition="Window.IsVisible(Home)">Skin.SetString(submenu_action,$VAR[value_menu30702.action])</onclick>
							<visible>![String.IsEmpty(skin.string(menu30702.master)) | String.Contains(skin.string(menu30702.visible),off)] | Window.IsVisible(6000)</visible>
						</item>
						<item>
							<label fallback="31014">$VAR[value_menu30703.label]</label>
							<property name="condition">$INFO[skin.string(menu30703.visible)]</property>
							<property name="name">menu30703</property>
							<property name="id">$INFO[skin.string(menu30703.master)]</property>
							<onclick condition="Window.IsVisible(6000)">SetFocus(5000)</onclick>
							<onclick condition="Window.IsVisible(Home)">Dialog.Close(6307)</onclick>
							<onclick condition="Window.IsVisible(Home)">Skin.SetString(submenu_action,$VAR[value_menu30703.action])</onclick>
							<visible>![String.IsEmpty(skin.string(menu30703.master)) | String.Contains(skin.string(menu30703.visible),off)] | Window.IsVisible(6000)</visible>
						</item>
						<item>
							<label fallback="31014">$VAR[value_menu30704.label]</label>
							<property name="condition">$INFO[skin.string(menu30704.visible)]</property>
							<property name="name">menu30704</property>
							<property name="id">$INFO[skin.string(menu30704.master)]</property>
							<onclick condition="Window.IsVisible(6000)">SetFocus(5000)</onclick>
							<onclick condition="Window.IsVisible(Home)">Dialog.Close(6307)</onclick>
							<onclick condition="Window.IsVisible(Home)">Skin.SetString(submenu_action,$VAR[value_menu30704.action])</onclick>
							<visible>![String.IsEmpty(skin.string(menu30704.master)) | String.Contains(skin.string(menu30704.visible),off)] | Window.IsVisible(6000)</visible>
						</item>
						<item>
							<label fallback="31014">$VAR[value_menu30705.label]</label>
							<property name="condition">$INFO[skin.string(menu30705.visible)]</property>
							<property name="name">menu30705</property>
							<property name="id">$INFO[skin.string(menu30705.master)]</property>
							<onclick condition="Window.IsVisible(6000)">SetFocus(5000)</onclick>
							<onclick condition="Window.IsVisible(Home)">Dialog.Close(6307)</onclick>
							<onclick condition="Window.IsVisible(Home)">Skin.SetString(submenu_action,$VAR[value_menu30705.action])</onclick>
							<visible>![String.IsEmpty(skin.string(menu30705.master)) | String.Contains(skin.string(menu30705.visible),off)] | Window.IsVisible(6000)</visible>
						</item>
						<item>
							<label fallback="31014">$VAR[value_menu30706.label]</label>
							<property name="condition">$INFO[skin.string(menu30706.visible)]</property>
							<property name="name">menu30706</property>
							<property name="id">$INFO[skin.string(menu30706.master)]</property>
							<onclick condition="Window.IsVisible(6000)">SetFocus(5000)</onclick>
							<onclick condition="Window.IsVisible(Home)">Dialog.Close(6307)</onclick>
							<onclick condition="Window.IsVisible(Home)">Skin.SetString(submenu_action,$VAR[value_menu30706.action])</onclick>
							<visible>![String.IsEmpty(skin.string(menu30706.master)) | String.Contains(skin.string(menu30706.visible),off)] | Window.IsVisible(6000)</visible>
						</item>
						<item>
							<label fallback="31014">$VAR[value_menu30707.label]</label>
							<property name="condition">$INFO[skin.string(menu30707.visible)]</property>
							<property name="name">menu30707</property>
							<property name="id">$INFO[skin.string(menu30707.master)]</property>
							<onclick condition="Window.IsVisible(6000)">SetFocus(5000)</onclick>
							<onclick condition="Window.IsVisible(Home)">Dialog.Close(6307)</onclick>
							<onclick condition="Window.IsVisible(Home)">Skin.SetString(submenu_action,$VAR[value_menu30707.action])</onclick>
							<visible>![String.IsEmpty(skin.string(menu30707.master)) | String.Contains(skin.string(menu30707.visible),off)] | Window.IsVisible(6000)</visible>
						</item>
						<item>
							<label fallback="31014">$VAR[value_menu30708.label]</label>
							<property name="condition">$INFO[skin.string(menu30708.visible)]</property>
							<property name="name">menu30708</property>
							<property name="id">$INFO[skin.string(menu30708.master)]</property>
							<onclick condition="Window.IsVisible(6000)">SetFocus(5000)</onclick>
							<onclick condition="Window.IsVisible(Home)">Dialog.Close(6307)</onclick>
							<onclick condition="Window.IsVisible(Home)">Skin.SetString(submenu_action,$VAR[value_menu30708.action])</onclick>
							<visible>![String.IsEmpty(skin.string(menu30708.master)) | String.Contains(skin.string(menu30708.visible),off)] | Window.IsVisible(6000)</visible>
						</item>
						<item>
							<label fallback="31014">$VAR[value_menu30709.label]</label>
							<property name="condition">$INFO[skin.string(menu30709.visible)]</property>
							<property name="name">menu30709</property>
							<property name="id">$INFO[skin.string(menu30709.master)]</property>
							<onclick condition="Window.IsVisible(6000)">SetFocus(5000)</onclick>
							<onclick condition="Window.IsVisible(Home)">Dialog.Close(6307)</onclick>
							<onclick condition="Window.IsVisible(Home)">Skin.SetString(submenu_action,$VAR[value_menu30709.action])</onclick>
							<visible>![String.IsEmpty(skin.string(menu30709.master)) | String.Contains(skin.string(menu30709.visible),off)] | Window.IsVisible(6000)</visible>
						</item>
						<item>
							<label fallback="31014">$VAR[value_menu30710.label]</label>
							<property name="condition">$INFO[skin.string(menu30710.visible)]</property>
							<property name="name">menu30710</property>
							<property name="id">$INFO[skin.string(menu30710.master)]</property>
							<onclick condition="Window.IsVisible(6000)">SetFocus(5000)</onclick>
							<onclick condition="Window.IsVisible(Home)">Dialog.Close(6307)</onclick>
							<onclick condition="Window.IsVisible(Home)">Skin.SetString(submenu_action,$VAR[value_menu30710.action])</onclick>
							<visible>![String.IsEmpty(skin.string(menu30710.master)) | String.Contains(skin.string(menu30710.visible),off)] | Window.IsVisible(6000)</visible>
						</item>
						<item>
							<label fallback="31014">$VAR[value_menu30711.label]</label>
							<property name="condition">$INFO[skin.string(menu30711.visible)]</property>
							<property name="name">menu30711</property>
							<property name="id">$INFO[skin.string(menu30711.master)]</property>
							<onclick condition="Window.IsVisible(6000)">SetFocus(5000)</onclick>
							<onclick condition="Window.IsVisible(Home)">Dialog.Close(6307)</onclick>
							<onclick condition="Window.IsVisible(Home)">Skin.SetString(submenu_action,$VAR[value_menu30711.action])</onclick>
							<visible>![String.IsEmpty(skin.string(menu30711.master)) | String.Contains(skin.string(menu30711.visible),off)] | Window.IsVisible(6000)</visible>
						</item>
						<item>
							<label fallback="31014">$VAR[value_menu30712.label]</label>
							<property name="condition">$INFO[skin.string(menu30712.visible)]</property>
							<property name="name">menu30712</property>
							<property name="id">$INFO[skin.string(menu30712.master)]</property>
							<onclick condition="Window.IsVisible(6000)">SetFocus(5000)</onclick>
							<onclick condition="Window.IsVisible(Home)">Dialog.Close(6307)</onclick>
							<onclick condition="Window.IsVisible(Home)">Skin.SetString(submenu_action,$VAR[value_menu30712.action])</onclick>
							<visible>![String.IsEmpty(skin.string(menu30712.master)) | String.Contains(skin.string(menu30712.visible),off)] | Window.IsVisible(6000)</visible>
						</item>
						<item>
							<label fallback="31014">$VAR[value_menu30713.label]</label>
							<property name="condition">$INFO[skin.string(menu30713.visible)]</property>
							<property name="name">menu30713</property>
							<property name="id">$INFO[skin.string(menu30713.master)]</property>
							<onclick condition="Window.IsVisible(6000)">SetFocus(5000)</onclick>
							<onclick condition="Window.IsVisible(Home)">Dialog.Close(6307)</onclick>
							<onclick condition="Window.IsVisible(Home)">Skin.SetString(submenu_action,$VAR[value_menu30713.action])</onclick>
							<visible>![String.IsEmpty(skin.string(menu30713.master)) | String.Contains(skin.string(menu30713.visible),off)] | Window.IsVisible(6000)</visible>
						</item>
						<item>
							<label fallback="31014">$VAR[value_menu30714.label]</label>
							<property name="condition">$INFO[skin.string(menu30714.visible)]</property>
							<property name="name">menu30714</property>
							<property name="id">$INFO[skin.string(menu30714.master)]</property>
							<onclick condition="Window.IsVisible(6000)">SetFocus(5000)</onclick>
							<onclick condition="Window.IsVisible(Home)">Dialog.Close(6307)</onclick>
							<onclick condition="Window.IsVisible(Home)">Skin.SetString(submenu_action,$VAR[value_menu30714.action])</onclick>
							<visible>![String.IsEmpty(skin.string(menu30714.master)) | String.Contains(skin.string(menu30714.visible),off)] | Window.IsVisible(6000)</visible>
						</item>
						<item>
							<label fallback="31014">$VAR[value_menu30715.label]</label>
							<property name="condition">$INFO[skin.string(menu30715.visible)]</property>
							<property name="name">menu30715</property>
							<property name="id">$INFO[skin.string(menu30715.master)]</property>
							<onclick condition="Window.IsVisible(6000)">SetFocus(5000)</onclick>
							<onclick condition="Window.IsVisible(Home)">Dialog.Close(6307)</onclick>
							<onclick condition="Window.IsVisible(Home)">Skin.SetString(submenu_action,$VAR[value_menu30715.action])</onclick>
							<visible>![String.IsEmpty(skin.string(menu30715.master)) | String.Contains(skin.string(menu30715.visible),off)] | Window.IsVisible(6000)</visible>
						</item>
					</content>
				</control>
				<include condition="Window.IsVisible(6000)">Glass</include>
			</control>
		</control>
	</controls>
</window>
