<?xml version="1.0" encoding="UTF-8"?>
<!-- Aeon MQ 5 -->
<!-- Jarvis 8.1.13 -->
<!-- Krypton 9.1.19 -->
<includes>
	<!--##################################################################################   VISTA 3DWALL - ID 67  ##################################################################################-->
	<include name="View3DWall">
		<control type="group">
			<animation effect="fade" time="400">VisibleChange</animation>
			<include>View3DWallMovies</include>
			<include>View3DWallEpisodes</include>
			<include>Animation_Fade</include>
		</control>
	</include>
	<include name="View3DWallMovies">
		<control type="group">
			<posx>195</posx>
			<posy>-2</posy>
			<visible>Control.IsVisible(67)</visible>
			<control type="group" id="7013">
				<animation effect="rotatey" center="1920" start="-15" end="-15" time="0" condition="true">Conditional</animation>
				<animation reversible="false" effect="slide" start="0,0" end="-246,0" time="400" tween="quadratic" easing="out">Hidden</animation>
				<visible>Container.OnNext</visible>
				<control type="image">
					<posx>0</posx>
					<posy>0</posy>
					<width>246</width>
					<height>363</height>
					<aspectratio scalediffuse="false">stretch</aspectratio>
					<texture diffuse="thumb_3dwall_mask.png" background="true">$VAR[value_poster-10]</texture>
				</control>
				<control type="image">
					<posx>246</posx>
					<posy>0</posy>
					<width>246</width>
					<height>363</height>
					<aspectratio scalediffuse="false">stretch</aspectratio>
					<texture diffuse="thumb_3dwall_mask.png" background="true">$VAR[value_poster-9]</texture>
				</control>
				<control type="image">
					<posx>492</posx>
					<posy>0</posy>
					<width>246</width>
					<height>363</height>
					<aspectratio scalediffuse="false">stretch</aspectratio>
					<texture diffuse="thumb_3dwall_mask.png" background="true">$VAR[value_poster-8]</texture>
				</control>
				<control type="image">
					<posx>738</posx>
					<posy>0</posy>
					<width>246</width>
					<height>363</height>
					<aspectratio scalediffuse="false">stretch</aspectratio>
					<texture diffuse="thumb_3dwall_mask.png" background="true">$VAR[value_poster-7]</texture>
				</control>
				<control type="image">
					<posx>984</posx>
					<posy>0</posy>
					<width>246</width>
					<height>363</height>
					<aspectratio scalediffuse="false">stretch</aspectratio>
					<texture diffuse="thumb_3dwall_mask.png" background="true">$VAR[value_poster-6]</texture>
				</control>
				<control type="image">
					<posx>1230</posx>
					<posy>0</posy>
					<width>246</width>
					<height>363</height>
					<aspectratio scalediffuse="false">stretch</aspectratio>
					<texture diffuse="thumb_3dwall_mask.png" background="true">$VAR[value_poster-5]</texture>
				</control>
				<control type="image">
					<posx>1476</posx>
					<posy>0</posy>
					<width>246</width>
					<height>363</height>
					<aspectratio scalediffuse="false">stretch</aspectratio>
					<texture diffuse="thumb_3dwall_mask.png" background="true">$VAR[value_poster-4]</texture>
				</control>
				<control type="image">
					<posx>1722</posx>
					<posy>0</posy>
					<width>246</width>
					<height>363</height>
					<aspectratio scalediffuse="false">stretch</aspectratio>
					<texture diffuse="thumb_3dwall_mask.png" background="true">$VAR[value_poster-3]</texture>
				</control>
				<control type="image">
					<posx>0</posx>
					<posy>360</posy>
					<width>246</width>
					<height>363</height>
					<aspectratio scalediffuse="false">stretch</aspectratio>
					<texture diffuse="thumb_3dwall_mask.png" background="true">$VAR[value_poster-3]</texture>
				</control>
				<control type="image">
					<posx>246</posx>
					<posy>360</posy>
					<width>246</width>
					<height>363</height>
					<aspectratio scalediffuse="false">stretch</aspectratio>
					<texture diffuse="thumb_3dwall_mask.png" background="true">$VAR[value_poster-2]</texture>
				</control>
				<control type="image">
					<posx>492</posx>
					<posy>360</posy>
					<width>246</width>
					<height>363</height>
					<aspectratio scalediffuse="false">stretch</aspectratio>
					<texture diffuse="thumb_3dwall_mask.png" background="true">$VAR[value_poster-1]</texture>
				</control>
				<control type="image">
					<posx>738</posx>
					<posy>360</posy>
					<width>246</width>
					<height>363</height>
					<aspectratio scalediffuse="false">stretch</aspectratio>
					<texture diffuse="thumb_3dwall_mask.png" background="true">$VAR[value_poster0]</texture>
				</control>
				<control type="image">
					<posx>984</posx>
					<posy>360</posy>
					<width>246</width>
					<height>363</height>
					<aspectratio scalediffuse="false">stretch</aspectratio>
					<texture diffuse="thumb_3dwall_mask.png" background="true">$VAR[value_poster1]</texture>
				</control>
				<control type="image">
					<posx>1230</posx>
					<posy>360</posy>
					<width>246</width>
					<height>363</height>
					<aspectratio scalediffuse="false">stretch</aspectratio>
					<texture diffuse="thumb_3dwall_mask.png" background="true">$VAR[value_poster2]</texture>
				</control>
				<control type="image">
					<posx>1476</posx>
					<posy>360</posy>
					<width>246</width>
					<height>363</height>
					<aspectratio scalediffuse="false">stretch</aspectratio>
					<texture diffuse="thumb_3dwall_mask.png" background="true">$VAR[value_poster3]</texture>
				</control>
				<control type="image">
					<posx>1722</posx>
					<posy>360</posy>
					<width>246</width>
					<height>363</height>
					<aspectratio scalediffuse="false">stretch</aspectratio>
					<texture diffuse="thumb_3dwall_mask.png" background="true">$VAR[value_poster4]</texture>
				</control>
				<control type="image">
					<posx>0</posx>
					<posy>720</posy>
					<width>246</width>
					<height>363</height>
					<aspectratio scalediffuse="false">stretch</aspectratio>
					<texture diffuse="thumb_3dwall_mask.png" background="true">$VAR[value_poster4]</texture>
				</control>
				<control type="image">
					<posx>246</posx>
					<posy>720</posy>
					<width>246</width>
					<height>363</height>
					<aspectratio scalediffuse="false">stretch</aspectratio>
					<texture diffuse="thumb_3dwall_mask.png" background="true">$VAR[value_poster5]</texture>
				</control>
				<control type="image">
					<posx>492</posx>
					<posy>720</posy>
					<width>246</width>
					<height>363</height>
					<aspectratio scalediffuse="false">stretch</aspectratio>
					<texture diffuse="thumb_3dwall_mask.png" background="true">$VAR[value_poster6]</texture>
				</control>
				<control type="image">
					<posx>738</posx>
					<posy>720</posy>
					<width>246</width>
					<height>363</height>
					<aspectratio scalediffuse="false">stretch</aspectratio>
					<texture diffuse="thumb_3dwall_mask.png" background="true">$VAR[value_poster7]</texture>
				</control>
				<control type="image">
					<posx>984</posx>
					<posy>720</posy>
					<width>246</width>
					<height>363</height>
					<aspectratio scalediffuse="false">stretch</aspectratio>
					<texture diffuse="thumb_3dwall_mask.png" background="true">$VAR[value_poster8]</texture>
				</control>
				<control type="image">
					<posx>1230</posx>
					<posy>720</posy>
					<width>246</width>
					<height>363</height>
					<aspectratio scalediffuse="false">stretch</aspectratio>
					<texture diffuse="thumb_3dwall_mask.png" background="true">$VAR[value_poster9]</texture>
				</control>
				<control type="image">
					<posx>1476</posx>
					<posy>720</posy>
					<width>246</width>
					<height>363</height>
					<aspectratio scalediffuse="false">stretch</aspectratio>
					<texture diffuse="thumb_3dwall_mask.png" background="true">$VAR[value_poster10]</texture>
				</control>
				<control type="image">
					<posx>1722</posx>
					<posy>720</posy>
					<width>246</width>
					<height>363</height>
					<aspectratio scalediffuse="false">stretch</aspectratio>
					<texture diffuse="thumb_3dwall_mask.png" background="true">$VAR[value_poster11]</texture>
				</control>
			</control>
			<control type="group" id="7014">
				<animation effect="rotatey" center="1920" start="-15" end="-15" time="0" condition="true">Conditional</animation>
				<animation reversible="false" effect="slide" start="0,0" end="246,0" time="400" tween="quadratic" easing="out">Hidden</animation>
				<visible>Container.OnPrevious</visible>
				<control type="image">
					<posx>-246</posx>
					<posy>0</posy>
					<width>246</width>
					<height>363</height>
					<aspectratio scalediffuse="false">stretch</aspectratio>
					<texture diffuse="thumb_3dwall_mask.png" background="true">$VAR[value_poster-9]</texture>
				</control>
				<control type="image">
					<posx>0</posx>
					<posy>0</posy>
					<width>246</width>
					<height>363</height>
					<aspectratio scalediffuse="false">stretch</aspectratio>
					<texture diffuse="thumb_3dwall_mask.png" background="true">$VAR[value_poster-8]</texture>
				</control>
				<control type="image">
					<posx>246</posx>
					<posy>0</posy>
					<width>246</width>
					<height>363</height>
					<aspectratio scalediffuse="false">stretch</aspectratio>
					<texture diffuse="thumb_3dwall_mask.png" background="true">$VAR[value_poster-7]</texture>
				</control>
				<control type="image">
					<posx>492</posx>
					<posy>0</posy>
					<width>246</width>
					<height>363</height>
					<aspectratio scalediffuse="false">stretch</aspectratio>
					<texture diffuse="thumb_3dwall_mask.png" background="true">$VAR[value_poster-6]</texture>
				</control>
				<control type="image">
					<posx>738</posx>
					<posy>0</posy>
					<width>246</width>
					<height>363</height>
					<aspectratio scalediffuse="false">stretch</aspectratio>
					<texture diffuse="thumb_3dwall_mask.png" background="true">$VAR[value_poster-5]</texture>
				</control>
				<control type="image">
					<posx>984</posx>
					<posy>0</posy>
					<width>246</width>
					<height>363</height>
					<aspectratio scalediffuse="false">stretch</aspectratio>
					<texture diffuse="thumb_3dwall_mask.png" background="true">$VAR[value_poster-4]</texture>
				</control>
				<control type="image">
					<posx>1230</posx>
					<posy>0</posy>
					<width>246</width>
					<height>363</height>
					<aspectratio scalediffuse="false">stretch</aspectratio>
					<texture diffuse="thumb_3dwall_mask.png" background="true">$VAR[value_poster-3]</texture>
				</control>
				<control type="image">
					<posx>1476</posx>
					<posy>0</posy>
					<width>246</width>
					<height>363</height>
					<aspectratio scalediffuse="false">stretch</aspectratio>
					<texture diffuse="thumb_3dwall_mask.png" background="true">$VAR[value_poster-2]</texture>
				</control>
				<control type="image">
					<posx>-246</posx>
					<posy>360</posy>
					<width>246</width>
					<height>363</height>
					<aspectratio scalediffuse="false">stretch</aspectratio>
					<texture diffuse="thumb_3dwall_mask.png" background="true">$VAR[value_poster-2]</texture>
				</control>
				<control type="image">
					<posx>0</posx>
					<posy>360</posy>
					<width>246</width>
					<height>363</height>
					<aspectratio scalediffuse="false">stretch</aspectratio>
					<texture diffuse="thumb_3dwall_mask.png" background="true">$VAR[value_poster-1]</texture>
				</control>
				<control type="image">
					<posx>246</posx>
					<posy>360</posy>
					<width>246</width>
					<height>363</height>
					<aspectratio scalediffuse="false">stretch</aspectratio>
					<texture diffuse="thumb_3dwall_mask.png" background="true">$VAR[value_poster0]</texture>
				</control>
				<control type="image">
					<posx>492</posx>
					<posy>360</posy>
					<width>246</width>
					<height>363</height>
					<aspectratio scalediffuse="false">stretch</aspectratio>
					<texture diffuse="thumb_3dwall_mask.png" background="true">$VAR[value_poster1]</texture>
				</control>
				<control type="image">
					<posx>738</posx>
					<posy>360</posy>
					<width>246</width>
					<height>363</height>
					<aspectratio scalediffuse="false">stretch</aspectratio>
					<texture diffuse="thumb_3dwall_mask.png" background="true">$VAR[value_poster2]</texture>
				</control>
				<control type="image">
					<posx>984</posx>
					<posy>360</posy>
					<width>246</width>
					<height>363</height>
					<aspectratio scalediffuse="false">stretch</aspectratio>
					<texture diffuse="thumb_3dwall_mask.png" background="true">$VAR[value_poster3]</texture>
				</control>
				<control type="image">
					<posx>1230</posx>
					<posy>360</posy>
					<width>246</width>
					<height>363</height>
					<aspectratio scalediffuse="false">stretch</aspectratio>
					<texture diffuse="thumb_3dwall_mask.png" background="true">$VAR[value_poster4]</texture>
				</control>
				<control type="image">
					<posx>1476</posx>
					<posy>360</posy>
					<width>246</width>
					<height>363</height>
					<aspectratio scalediffuse="false">stretch</aspectratio>
					<texture diffuse="thumb_3dwall_mask.png" background="true">$VAR[value_poster5]</texture>
				</control>
				<control type="image">
					<posx>-246</posx>
					<posy>720</posy>
					<width>246</width>
					<height>363</height>
					<aspectratio scalediffuse="false">stretch</aspectratio>
					<texture diffuse="thumb_3dwall_mask.png" background="true">$VAR[value_poster5]</texture>
				</control>
				<control type="image">
					<posx>0</posx>
					<posy>720</posy>
					<width>246</width>
					<height>363</height>
					<aspectratio scalediffuse="false">stretch</aspectratio>
					<texture diffuse="thumb_3dwall_mask.png" background="true">$VAR[value_poster6]</texture>
				</control>
				<control type="image">
					<posx>246</posx>
					<posy>720</posy>
					<width>246</width>
					<height>363</height>
					<aspectratio scalediffuse="false">stretch</aspectratio>
					<texture diffuse="thumb_3dwall_mask.png" background="true">$VAR[value_poster7]</texture>
				</control>
				<control type="image">
					<posx>492</posx>
					<posy>720</posy>
					<width>246</width>
					<height>363</height>
					<aspectratio scalediffuse="false">stretch</aspectratio>
					<texture diffuse="thumb_3dwall_mask.png" background="true">$VAR[value_poster8]</texture>
				</control>
				<control type="image">
					<posx>738</posx>
					<posy>720</posy>
					<width>246</width>
					<height>363</height>
					<aspectratio scalediffuse="false">stretch</aspectratio>
					<texture diffuse="thumb_3dwall_mask.png" background="true">$VAR[value_poster9]</texture>
				</control>
				<control type="image">
					<posx>984</posx>
					<posy>720</posy>
					<width>246</width>
					<height>363</height>
					<aspectratio scalediffuse="false">stretch</aspectratio>
					<texture diffuse="thumb_3dwall_mask.png" background="true">$VAR[value_poster10]</texture>
				</control>
				<control type="image">
					<posx>1230</posx>
					<posy>720</posy>
					<width>246</width>
					<height>363</height>
					<aspectratio scalediffuse="false">stretch</aspectratio>
					<texture diffuse="thumb_3dwall_mask.png" background="true">$VAR[value_poster11]</texture>
				</control>
				<control type="image">
					<posx>1476</posx>
					<posy>720</posy>
					<width>246</width>
					<height>363</height>
					<aspectratio scalediffuse="false">stretch</aspectratio>
					<texture diffuse="thumb_3dwall_mask.png" background="true">$INFO[ListItem(12).Icon]</texture>
				</control>
			</control>
			<control type="group">
				<animation type="WindowOpen">
					<effect type="fade" start="0" end="100" time="1000" />
					<effect type="rotatey" center="1920" start="0" end="-15" time="1000" delay="2250" />
				</animation>
				<visible>!Control.IsVisible(7013) + !Control.IsVisible(7014)</visible>
				<control type="image">
					<posx>0</posx>
					<posy>0</posy>
					<width>246</width>
					<height>363</height>
					<aspectratio scalediffuse="false">stretch</aspectratio>
					<texture diffuse="thumb_3dwall_mask.png" background="true">$VAR[value_poster-9]</texture>
				</control>
				<control type="image">
					<posx>246</posx>
					<posy>0</posy>
					<width>246</width>
					<height>363</height>
					<aspectratio scalediffuse="false">stretch</aspectratio>
					<texture diffuse="thumb_3dwall_mask.png" background="true">$VAR[value_poster-8]</texture>
				</control>
				<control type="image">
					<posx>492</posx>
					<posy>0</posy>
					<width>246</width>
					<height>363</height>
					<aspectratio scalediffuse="false">stretch</aspectratio>
					<texture diffuse="thumb_3dwall_mask.png" background="true">$VAR[value_poster-7]</texture>
				</control>
				<control type="image">
					<posx>738</posx>
					<posy>0</posy>
					<width>246</width>
					<height>363</height>
					<aspectratio scalediffuse="false">stretch</aspectratio>
					<texture diffuse="thumb_3dwall_mask.png" background="true">$VAR[value_poster-6]</texture>
				</control>
				<control type="image">
					<posx>984</posx>
					<posy>0</posy>
					<width>246</width>
					<height>363</height>
					<aspectratio scalediffuse="false">stretch</aspectratio>
					<texture diffuse="thumb_3dwall_mask.png" background="true">$VAR[value_poster-5]</texture>
				</control>
				<control type="image">
					<posx>1230</posx>
					<posy>0</posy>
					<width>246</width>
					<height>363</height>
					<aspectratio scalediffuse="false">stretch</aspectratio>
					<texture diffuse="thumb_3dwall_mask.png" background="true">$VAR[value_poster-4]</texture>
				</control>
				<control type="image">
					<posx>1476</posx>
					<posy>0</posy>
					<width>246</width>
					<height>363</height>
					<aspectratio scalediffuse="false">stretch</aspectratio>
					<texture diffuse="thumb_3dwall_mask.png" background="true">$VAR[value_poster-3]</texture>
				</control>
				<control type="image">
					<posx>0</posx>
					<posy>360</posy>
					<width>246</width>
					<height>363</height>
					<aspectratio scalediffuse="false">stretch</aspectratio>
					<texture diffuse="thumb_3dwall_mask.png" background="true">$VAR[value_poster-2]</texture>
				</control>
				<control type="image">
					<posx>246</posx>
					<posy>360</posy>
					<width>246</width>
					<height>363</height>
					<aspectratio scalediffuse="false">stretch</aspectratio>
					<texture diffuse="thumb_3dwall_mask.png" background="true">$VAR[value_poster-1]</texture>
				</control>
				<control type="image">
					<posx>492</posx>
					<posy>360</posy>
					<width>246</width>
					<height>363</height>
					<aspectratio scalediffuse="false">stretch</aspectratio>
					<texture diffuse="thumb_3dwall_mask.png" background="true">$VAR[value_poster0]</texture>
				</control>
				<control type="image">
					<posx>738</posx>
					<posy>360</posy>
					<width>246</width>
					<height>363</height>
					<aspectratio scalediffuse="false">stretch</aspectratio>
					<texture diffuse="thumb_3dwall_mask.png" background="true">$VAR[value_poster1]</texture>
				</control>
				<control type="image">
					<posx>984</posx>
					<posy>360</posy>
					<width>246</width>
					<height>363</height>
					<aspectratio scalediffuse="false">stretch</aspectratio>
					<texture diffuse="thumb_3dwall_mask.png" background="true">$VAR[value_poster2]</texture>
				</control>
				<control type="image">
					<posx>1230</posx>
					<posy>360</posy>
					<width>246</width>
					<height>363</height>
					<aspectratio scalediffuse="false">stretch</aspectratio>
					<texture diffuse="thumb_3dwall_mask.png" background="true">$VAR[value_poster3]</texture>
				</control>
				<control type="image">
					<posx>1476</posx>
					<posy>360</posy>
					<width>246</width>
					<height>363</height>
					<aspectratio scalediffuse="false">stretch</aspectratio>
					<texture diffuse="thumb_3dwall_mask.png" background="true">$VAR[value_poster4]</texture>
				</control>
				<control type="image">
					<posx>0</posx>
					<posy>720</posy>
					<width>246</width>
					<height>363</height>
					<aspectratio scalediffuse="false">stretch</aspectratio>
					<texture diffuse="thumb_3dwall_mask.png" background="true">$VAR[value_poster5]</texture>
				</control>
				<control type="image">
					<posx>246</posx>
					<posy>720</posy>
					<width>246</width>
					<height>363</height>
					<aspectratio scalediffuse="false">stretch</aspectratio>
					<texture diffuse="thumb_3dwall_mask.png" background="true">$VAR[value_poster6]</texture>
				</control>
				<control type="image">
					<posx>492</posx>
					<posy>720</posy>
					<width>246</width>
					<height>363</height>
					<aspectratio scalediffuse="false">stretch</aspectratio>
					<texture diffuse="thumb_3dwall_mask.png" background="true">$VAR[value_poster7]</texture>
				</control>
				<control type="image">
					<posx>738</posx>
					<posy>720</posy>
					<width>246</width>
					<height>363</height>
					<aspectratio scalediffuse="false">stretch</aspectratio>
					<texture diffuse="thumb_3dwall_mask.png" background="true">$VAR[value_poster8]</texture>
				</control>
				<control type="image">
					<posx>984</posx>
					<posy>720</posy>
					<width>246</width>
					<height>363</height>
					<aspectratio scalediffuse="false">stretch</aspectratio>
					<texture diffuse="thumb_3dwall_mask.png" background="true">$VAR[value_poster9]</texture>
				</control>
				<control type="image">
					<posx>1230</posx>
					<posy>720</posy>
					<width>246</width>
					<height>363</height>
					<aspectratio scalediffuse="false">stretch</aspectratio>
					<texture diffuse="thumb_3dwall_mask.png" background="true">$VAR[value_poster10]</texture>
				</control>
				<control type="image">
					<posx>1476</posx>
					<posy>720</posy>
					<width>246</width>
					<height>363</height>
					<aspectratio scalediffuse="false">stretch</aspectratio>
					<texture diffuse="thumb_3dwall_mask.png" background="true">$VAR[value_poster11]</texture>
				</control>
			</control>
		</control>
		<control type="wraplist" id="67">
			<visible>![Container.Content(episodes) | Container.Content(sets) | Container.Content(years)]</visible>
			<posx>-502</posx>
			<posy>292</posy>
			<width>2604</width>
			<height>543</height>
			<onleft>67</onleft>
			<onright>67</onright>
			<onup>9900</onup>
			<ondown>80</ondown>
			<viewtype label="31806">icon</viewtype>
			<pagecontrol>80</pagecontrol>
			<itemgap>0</itemgap>
			<orientation>horizontal</orientation>
			<scrolltime>250</scrolltime>
			<preloaditems>2</preloaditems>
			<focusposition>3</focusposition>
			<hitrect x="615" y="264" w="372" h="543" />
			<itemlayout width="372" height="543" />
			<focusedlayout width="372" height="543">
				<control type="image">
					<posx>0</posx>
					<posy>0</posy>
					<width>372</width>
					<height>543</height>
					<texture></texture>
				</control>
			</focusedlayout>
		</control>
		<control type="group">
			<visible>Control.IsVisible(67)</visible>
			<control type="image">
				<posx>0</posx>
				<posy>-150</posy>
				<width>1920</width>
				<height>1230</height>
				<texture>3dwall_vignette.png</texture>
			</control>
			<control type="group">
				<animation reversible="true" effect="zoom" start="100" end="95" center="auto" time="300" tween="quadratic" easing="in" condition="Control.IsVisible(7013) | Control.IsVisible(7014)">Conditional</animation>
				<control type="image">
					<posx>555</posx>
					<posy>204</posy>
					<width>492</width>
					<height>669</height>
					<texture border="-15" diffuse="thumb_3dwall_mask2.png">thumb_frame.png</texture>
					<colordiffuse>$VAR[value_headercolor]</colordiffuse>
					<animation type="WindowOpen">
						<effect type="fade" start="0" end="100" time="1000" delay="2000" />
					</animation>
				</control>
				<control type="image">
					<posx>615</posx>
					<posy>264</posy>
					<width>372</width>
					<height>549</height>
					<aspectratio scalediffuse="false">stretch</aspectratio>
					<texture diffuse="thumb_3dwall_mask2.png" background="true">$INFO[ListItem.Icon]</texture>
					<animation type="WindowOpen">
						<effect type="fade" start="0" end="100" time="500" delay="500" />
						<effect type="zoom" center="auto" start="80" end="100" time="500" delay="1000" />
					</animation>
				</control>
				<control type="image">
					<posx>916</posx>
					<posy>261</posy>
					<width>75</width>
					<height>75</height>
					<texture>$VAR[value_watchedstyle]</texture>
					<colordiffuse>$VAR[value_watchedcolor]</colordiffuse>
					<animation type="WindowOpen">
						<effect type="fade" start="0" end="100" time="500" delay="2000" />
					</animation>
					<animation type="Visible">
						<effect type="fade" start="0" end="100" time="500" delay="100" />
					</animation>
					<visible>!Skin.HasSetting(nooverlays) + String.IsEqual(ListItem.Overlay,OverlayWatched.png)</visible>
				</control>
				<control type="image">
					<posx>615</posx>
					<posy>264</posy>
					<width>372</width>
					<height>549</height>
					<aspectratio scalediffuse="false">stretch</aspectratio>
					<texture diffuse="thumb_3dwall_mask2.png" background="true">$VAR[value_poster-1]</texture>
					<animation effect="fade" start="100" end="0" time="200" delay="200" condition="Control.IsVisible(7013)">Conditional</animation>
					<visible>Control.IsVisible(7013) + !String.IsEqual(ListItem(-1).Label,..)</visible>
				</control>
				<control type="image">
					<posx>615</posx>
					<posy>264</posy>
					<width>372</width>
					<height>549</height>
					<aspectratio scalediffuse="false">stretch</aspectratio>
					<texture diffuse="thumb_3dwall_mask2.png" background="true">$VAR[value_poster1]</texture>
					<animation effect="fade" start="100" end="0" time="200" delay="200" condition="Control.IsVisible(7014)">Conditional</animation>
					<visible>Control.IsVisible(7014) + !String.IsEqual(ListItem(1).Label,..)</visible>
				</control>
				<control type="scrollbar" id="80">
					<include>ScrollBar_Horizontal</include>
					<posx>458</posx>
					<posy>994</posy>
					<width>1005</width>
					<onup>67</onup>
					<ondown>9920</ondown>
					<onleft>80</onleft>
					<onright>80</onright>
					<include>Animation_Fade</include>
					<visible allowhiddenfocus="true">Control.IsVisible(67) + Control.HasFocus(80)</visible>
				</control>
			</control>
			<control type="group">
				<animation type="WindowOpen">
					<effect type="fade" start="0" end="100" time="2000" delay="1000" />
				</animation>
				<control type="label">
					<posx>45</posx>
					<posy>270</posy>
					<width>525</width>
					<height>22</height>
					<textcolor>FFFFFAF0</textcolor>
					<label>$VAR[value_glasslistinfofocus]</label>
					<font>Font_18A</font>
					<scroll>true</scroll>
					<visible>!String.IsEqual(ListItem.Label,..)</visible>
				</control>
				<control type="image">
					<posx>0</posx>
					<posy>310</posy>
					<width>525</width>
					<height>3</height>
					<align>left</align>
					<texture flipx="true">divider.png</texture>
				</control>
				<control type="textbox">
					<posx>45</posx>
					<posy>322</posy>
					<width>525</width>
					<height>489</height>
					<label>$VAR[value_plot]</label>
					<font>Font_18A</font>
					<autoscroll delay="8000" time="2000" repeat="8000">!Skin.HasSetting(noallowscroll)</autoscroll>
				</control>
			</control>
		</control>
	</include>
	<!-- Episodes -->
	<include name="View3DWallEpisodes">
		<control type="group">
			<posx>195</posx>
			<posy>0</posy>
			<visible>Control.IsVisible(68)</visible>
			<control type="group" id="7027">
				<animation effect="rotatey" center="1920" start="-15" end="-15" time="0" condition="true">Conditional</animation>
				<animation reversible="false" effect="slide" start="0,0" end="-480,0" time="400" tween="quadratic" easing="out">Hidden</animation>
				<visible>Container.OnNext</visible>
				<control type="image">
					<posx>0</posx>
					<posy>10</posy>
					<width>480</width>
					<height>267</height>
					<aspectratio scalediffuse="false">stretch</aspectratio>
					<texture diffuse="thumb_3dwall_mask.png" background="true">$VAR[value_poster-6]</texture>
				</control>
				<control type="image">
					<posx>480</posx>
					<posy>10</posy>
					<width>480</width>
					<height>267</height>
					<aspectratio scalediffuse="false">stretch</aspectratio>
					<texture diffuse="thumb_3dwall_mask.png" background="true">$VAR[value_poster-5]</texture>
				</control>
				<control type="image">
					<posx>960</posx>
					<posy>10</posy>
					<width>480</width>
					<height>267</height>
					<aspectratio scalediffuse="false">stretch</aspectratio>
					<texture diffuse="thumb_3dwall_mask.png" background="true">$VAR[value_poster-4]</texture>
				</control>
				<control type="image">
					<posx>1440</posx>
					<posy>10</posy>
					<width>480</width>
					<height>267</height>
					<aspectratio scalediffuse="false">stretch</aspectratio>
					<texture diffuse="thumb_3dwall_mask.png" background="true">$VAR[value_poster-3]</texture>
				</control>
				<control type="image">
					<posx>1920</posx>
					<posy>10</posy>
					<width>480</width>
					<height>267</height>
					<aspectratio scalediffuse="false">stretch</aspectratio>
					<texture diffuse="thumb_3dwall_mask.png" background="true">$VAR[value_poster-2]</texture>
				</control>
				<control type="image">
					<posx>0</posx>
					<posy>274</posy>
					<width>480</width>
					<height>267</height>
					<aspectratio scalediffuse="false">stretch</aspectratio>
					<texture diffuse="thumb_3dwall_mask.png" background="true">$VAR[value_poster-2]</texture>
				</control>
				<control type="image">
					<posx>480</posx>
					<posy>274</posy>
					<width>480</width>
					<height>267</height>
					<aspectratio scalediffuse="false">stretch</aspectratio>
					<texture diffuse="thumb_3dwall_mask.png" background="true">$VAR[value_poster-1]</texture>
				</control>
				<control type="image">
					<posx>960</posx>
					<posy>274</posy>
					<width>480</width>
					<height>267</height>
					<aspectratio scalediffuse="false">stretch</aspectratio>
					<texture diffuse="thumb_3dwall_mask.png" background="true">$VAR[value_poster0]</texture>
				</control>
				<control type="image">
					<posx>1440</posx>
					<posy>274</posy>
					<width>480</width>
					<height>267</height>
					<aspectratio scalediffuse="false">stretch</aspectratio>
					<texture diffuse="thumb_3dwall_mask.png" background="true">$VAR[value_poster1]</texture>
				</control>
				<control type="image">
					<posx>1920</posx>
					<posy>274</posy>
					<width>480</width>
					<height>267</height>
					<aspectratio scalediffuse="false">stretch</aspectratio>
					<texture diffuse="thumb_3dwall_mask.png" background="true">$VAR[value_poster2]</texture>
				</control>
				<control type="image">
					<posx>0</posx>
					<posy>538</posy>
					<width>480</width>
					<height>267</height>
					<aspectratio scalediffuse="false">stretch</aspectratio>
					<texture diffuse="thumb_3dwall_mask.png" background="true">$VAR[value_poster2]</texture>
				</control>
				<control type="image">
					<posx>480</posx>
					<posy>538</posy>
					<width>480</width>
					<height>267</height>
					<aspectratio scalediffuse="false">stretch</aspectratio>
					<texture diffuse="thumb_3dwall_mask.png" background="true">$VAR[value_poster3]</texture>
				</control>
				<control type="image">
					<posx>960</posx>
					<posy>538</posy>
					<width>480</width>
					<height>267</height>
					<aspectratio scalediffuse="false">stretch</aspectratio>
					<texture diffuse="thumb_3dwall_mask.png" background="true">$VAR[value_poster4]</texture>
				</control>
				<control type="image">
					<posx>1440</posx>
					<posy>538</posy>
					<width>480</width>
					<height>267</height>
					<aspectratio scalediffuse="false">stretch</aspectratio>
					<texture diffuse="thumb_3dwall_mask.png" background="true">$VAR[value_poster5]</texture>
				</control>
				<control type="image">
					<posx>1920</posx>
					<posy>538</posy>
					<width>480</width>
					<height>267</height>
					<aspectratio scalediffuse="false">stretch</aspectratio>
					<texture diffuse="thumb_3dwall_mask.png" background="true">$VAR[value_poster6]</texture>
				</control>
				<control type="image">
					<posx>0</posx>
					<posy>802</posy>
					<width>480</width>
					<height>267</height>
					<aspectratio scalediffuse="false">stretch</aspectratio>
					<texture diffuse="thumb_3dwall_mask.png" background="true">$VAR[value_poster7]</texture>
				</control>
				<control type="image">
					<posx>480</posx>
					<posy>802</posy>
					<width>480</width>
					<height>267</height>
					<aspectratio scalediffuse="false">stretch</aspectratio>
					<texture diffuse="thumb_3dwall_mask.png" background="true">$VAR[value_poster7]</texture>
				</control>
				<control type="image">
					<posx>960</posx>
					<posy>802</posy>
					<width>480</width>
					<height>267</height>
					<aspectratio scalediffuse="false">stretch</aspectratio>
					<texture diffuse="thumb_3dwall_mask.png" background="true">$VAR[value_poster8]</texture>
				</control>
				<control type="image">
					<posx>1440</posx>
					<posy>802</posy>
					<width>480</width>
					<height>267</height>
					<aspectratio scalediffuse="false">stretch</aspectratio>
					<texture diffuse="thumb_3dwall_mask.png" background="true">$VAR[value_poster9]</texture>
				</control>
				<control type="image">
					<posx>1920</posx>
					<posy>802</posy>
					<width>480</width>
					<height>267</height>
					<aspectratio scalediffuse="false">stretch</aspectratio>
					<texture diffuse="thumb_3dwall_mask.png" background="true">$VAR[value_poster10]</texture>
				</control>
			</control>
			<control type="group" id="7028">
				<animation effect="rotatey" center="1920" start="-15" end="-15" time="0" condition="true">Conditional</animation>
				<animation reversible="false" effect="slide" start="0,0" end="480,0" time="400" tween="quadratic" easing="out">Hidden</animation>
				<visible>Container.OnPrevious</visible>
				<control type="image">
					<posx>-480</posx>
					<posy>10</posy>
					<width>480</width>
					<height>267</height>
					<aspectratio scalediffuse="false">stretch</aspectratio>
					<texture diffuse="thumb_3dwall_mask.png" background="true">$VAR[value_poster-5]</texture>
				</control>
				<control type="image">
					<posx>0</posx>
					<posy>10</posy>
					<width>480</width>
					<height>267</height>
					<aspectratio scalediffuse="false">stretch</aspectratio>
					<texture diffuse="thumb_3dwall_mask.png" background="true">$VAR[value_poster-4]</texture>
				</control>
				<control type="image">
					<posx>480</posx>
					<posy>10</posy>
					<width>480</width>
					<height>267</height>
					<aspectratio scalediffuse="false">stretch</aspectratio>
					<texture diffuse="thumb_3dwall_mask.png" background="true">$VAR[value_poster-3]</texture>
				</control>
				<control type="image">
					<posx>960</posx>
					<posy>10</posy>
					<width>480</width>
					<height>267</height>
					<aspectratio scalediffuse="false">stretch</aspectratio>
					<texture diffuse="thumb_3dwall_mask.png" background="true">$VAR[value_poster-2]</texture>
				</control>
				<control type="image">
					<posx>1440</posx>
					<posy>10</posy>
					<width>480</width>
					<height>267</height>
					<aspectratio scalediffuse="false">stretch</aspectratio>
					<texture diffuse="thumb_3dwall_mask.png" background="true">$VAR[value_poster-1]</texture>
				</control>
				<control type="image">
					<posx>-480</posx>
					<posy>274</posy>
					<width>480</width>
					<height>267</height>
					<aspectratio scalediffuse="false">stretch</aspectratio>
					<texture diffuse="thumb_3dwall_mask.png" background="true">$VAR[value_poster-1]</texture>
				</control>
				<control type="image">
					<posx>0</posx>
					<posy>274</posy>
					<width>480</width>
					<height>267</height>
					<aspectratio scalediffuse="false">stretch</aspectratio>
					<texture diffuse="thumb_3dwall_mask.png" background="true">$VAR[value_poster0]</texture>
				</control>
				<control type="image">
					<posx>480</posx>
					<posy>274</posy>
					<width>480</width>
					<height>267</height>
					<aspectratio scalediffuse="false">stretch</aspectratio>
					<texture diffuse="thumb_3dwall_mask.png" background="true">$VAR[value_poster1]</texture>
				</control>
				<control type="image">
					<posx>960</posx>
					<posy>274</posy>
					<width>480</width>
					<height>267</height>
					<aspectratio scalediffuse="false">stretch</aspectratio>
					<texture diffuse="thumb_3dwall_mask.png" background="true">$VAR[value_poster2]</texture>
				</control>
				<control type="image">
					<posx>1440</posx>
					<posy>274</posy>
					<width>480</width>
					<height>267</height>
					<aspectratio scalediffuse="false">stretch</aspectratio>
					<texture diffuse="thumb_3dwall_mask.png" background="true">$VAR[value_poster3]</texture>
				</control>
				<control type="image">
					<posx>-480</posx>
					<posy>538</posy>
					<width>480</width>
					<height>267</height>
					<aspectratio scalediffuse="false">stretch</aspectratio>
					<texture diffuse="thumb_3dwall_mask.png" background="true">$VAR[value_poster3]</texture>
				</control>
				<control type="image">
					<posx>0</posx>
					<posy>538</posy>
					<width>480</width>
					<height>267</height>
					<aspectratio scalediffuse="false">stretch</aspectratio>
					<texture diffuse="thumb_3dwall_mask.png" background="true">$VAR[value_poster4]</texture>
				</control>
				<control type="image">
					<posx>480</posx>
					<posy>538</posy>
					<width>480</width>
					<height>267</height>
					<aspectratio scalediffuse="false">stretch</aspectratio>
					<texture diffuse="thumb_3dwall_mask.png" background="true">$VAR[value_poster5]</texture>
				</control>
				<control type="image">
					<posx>960</posx>
					<posy>538</posy>
					<width>480</width>
					<height>267</height>
					<aspectratio scalediffuse="false">stretch</aspectratio>
					<texture diffuse="thumb_3dwall_mask.png" background="true">$VAR[value_poster6]</texture>
				</control>
				<control type="image">
					<posx>1440</posx>
					<posy>538</posy>
					<width>480</width>
					<height>267</height>
					<aspectratio scalediffuse="false">stretch</aspectratio>
					<texture diffuse="thumb_3dwall_mask.png" background="true">$VAR[value_poster7]</texture>
				</control>
				<control type="image">
					<posx>-480</posx>
					<posy>802</posy>
					<width>480</width>
					<height>267</height>
					<aspectratio scalediffuse="false">stretch</aspectratio>
					<texture diffuse="thumb_3dwall_mask.png" background="true">$VAR[value_poster7]</texture>
				</control>
				<control type="image">
					<posx>0</posx>
					<posy>802</posy>
					<width>480</width>
					<height>267</height>
					<aspectratio scalediffuse="false">stretch</aspectratio>
					<texture diffuse="thumb_3dwall_mask.png" background="true">$VAR[value_poster8]</texture>
				</control>
				<control type="image">
					<posx>480</posx>
					<posy>802</posy>
					<width>480</width>
					<height>267</height>
					<aspectratio scalediffuse="false">stretch</aspectratio>
					<texture diffuse="thumb_3dwall_mask.png" background="true">$VAR[value_poster9]</texture>
				</control>
				<control type="image">
					<posx>960</posx>
					<posy>802</posy>
					<width>480</width>
					<height>267</height>
					<aspectratio scalediffuse="false">stretch</aspectratio>
					<texture diffuse="thumb_3dwall_mask.png" background="true">$VAR[value_poster10]</texture>
				</control>
				<control type="image">
					<posx>1440</posx>
					<posy>802</posy>
					<width>480</width>
					<height>267</height>
					<aspectratio scalediffuse="false">stretch</aspectratio>
					<texture diffuse="thumb_3dwall_mask.png" background="true">$VAR[value_poster11]</texture>
				</control>
			</control>
			<control type="group">
				<animation type="WindowOpen">
					<effect type="fade" start="0" end="100" time="1000" />
					<effect type="rotatey" center="1920" start="0" end="-15" time="1000" delay="2250" />
				</animation>
				<visible>!Control.IsVisible(7027) + !Control.IsVisible(7028)</visible>
				<control type="image">
					<posx>0</posx>
					<posy>10</posy>
					<width>480</width>
					<height>267</height>
					<aspectratio scalediffuse="false">stretch</aspectratio>
					<texture diffuse="thumb_3dwall_mask.png" background="true">$VAR[value_poster-5]</texture>
				</control>
				<control type="image">
					<posx>480</posx>
					<posy>10</posy>
					<width>480</width>
					<height>267</height>
					<aspectratio scalediffuse="false">stretch</aspectratio>
					<texture diffuse="thumb_3dwall_mask.png" background="true">$VAR[value_poster-4]</texture>
				</control>
				<control type="image">
					<posx>960</posx>
					<posy>10</posy>
					<width>480</width>
					<height>267</height>
					<aspectratio scalediffuse="false">stretch</aspectratio>
					<texture diffuse="thumb_3dwall_mask.png" background="true">$VAR[value_poster-3]</texture>
				</control>
				<control type="image">
					<posx>1440</posx>
					<posy>10</posy>
					<width>480</width>
					<height>267</height>
					<aspectratio scalediffuse="false">stretch</aspectratio>
					<texture diffuse="thumb_3dwall_mask.png" background="true">$VAR[value_poster-2]</texture>
				</control>
				<control type="image">
					<posx>0</posx>
					<posy>274</posy>
					<width>480</width>
					<height>267</height>
					<aspectratio scalediffuse="false">stretch</aspectratio>
					<texture diffuse="thumb_3dwall_mask.png" background="true">$VAR[value_poster-1]</texture>
				</control>
				<control type="image">
					<posx>480</posx>
					<posy>274</posy>
					<width>480</width>
					<height>267</height>
					<aspectratio scalediffuse="false">stretch</aspectratio>
					<texture diffuse="thumb_3dwall_mask.png" background="true">$VAR[value_poster0]</texture>
				</control>
				<control type="image">
					<posx>960</posx>
					<posy>274</posy>
					<width>480</width>
					<height>267</height>
					<aspectratio scalediffuse="false">stretch</aspectratio>
					<texture diffuse="thumb_3dwall_mask.png" background="true">$VAR[value_poster1]</texture>
				</control>
				<control type="image">
					<posx>1440</posx>
					<posy>274</posy>
					<width>480</width>
					<height>267</height>
					<aspectratio scalediffuse="false">stretch</aspectratio>
					<texture diffuse="thumb_3dwall_mask.png" background="true">$VAR[value_poster2]</texture>
				</control>
				<control type="image">
					<posx>0</posx>
					<posy>538</posy>
					<width>480</width>
					<height>267</height>
					<aspectratio scalediffuse="false">stretch</aspectratio>
					<texture diffuse="thumb_3dwall_mask.png" background="true">$VAR[value_poster3]</texture>
				</control>
				<control type="image">
					<posx>480</posx>
					<posy>538</posy>
					<width>480</width>
					<height>267</height>
					<aspectratio scalediffuse="false">stretch</aspectratio>
					<texture diffuse="thumb_3dwall_mask.png" background="true">$VAR[value_poster4]</texture>
				</control>
				<control type="image">
					<posx>960</posx>
					<posy>538</posy>
					<width>480</width>
					<height>267</height>
					<aspectratio scalediffuse="false">stretch</aspectratio>
					<texture diffuse="thumb_3dwall_mask.png" background="true">$VAR[value_poster5]</texture>
				</control>
				<control type="image">
					<posx>1440</posx>
					<posy>538</posy>
					<width>480</width>
					<height>267</height>
					<aspectratio scalediffuse="false">stretch</aspectratio>
					<texture diffuse="thumb_3dwall_mask.png" background="true">$VAR[value_poster6]</texture>
				</control>
				<control type="image">
					<posx>0</posx>
					<posy>802</posy>
					<width>480</width>
					<height>267</height>
					<aspectratio scalediffuse="false">stretch</aspectratio>
					<texture diffuse="thumb_3dwall_mask.png" background="true">$VAR[value_poster7]</texture>
				</control>
				<control type="image">
					<posx>480</posx>
					<posy>802</posy>
					<width>480</width>
					<height>267</height>
					<aspectratio scalediffuse="false">stretch</aspectratio>
					<texture diffuse="thumb_3dwall_mask.png" background="true">$VAR[value_poster8]</texture>
				</control>
				<control type="image">
					<posx>960</posx>
					<posy>802</posy>
					<width>480</width>
					<height>267</height>
					<aspectratio scalediffuse="false">stretch</aspectratio>
					<texture diffuse="thumb_3dwall_mask.png" background="true">$VAR[value_poster9]</texture>
				</control>
				<control type="image">
					<posx>1440</posx>
					<posy>802</posy>
					<width>480</width>
					<height>267</height>
					<aspectratio scalediffuse="false">stretch</aspectratio>
					<texture diffuse="thumb_3dwall_mask.png" background="true">$VAR[value_poster10]</texture>
				</control>
			</control>
		</control>
		<control type="wraplist" id="68">
			<visible>Container.Content(episodes)</visible>
			<posx>-840</posx>
			<posy>267</posy>
			<width>1920</width>
			<height>267</height>
			<onleft>68</onleft>
			<onright>68</onright>
			<onup>9900</onup>
			<ondown>60</ondown>
			<viewtype label="31806">icon</viewtype>
			<pagecontrol>60</pagecontrol>
			<itemgap>0</itemgap>
			<orientation>horizontal</orientation>
			<scrolltime>250</scrolltime>
			<preloaditems>2</preloaditems>
			<focusposition>3</focusposition>
			<hitrect x="570" y="150" w="675" h="375" />
			<itemlayout width="480" height="267" />
			<focusedlayout width="480" height="267">
				<control type="image">
					<posx>0</posx>
					<posy>0</posy>
					<width>480</width>
					<height>267</height>
					<texture></texture>
				</control>
			</focusedlayout>
		</control>
		<control type="group">
			<visible>Control.IsVisible(68)</visible>
			<control type="image">
				<posx>0</posx>
				<posy>-150</posy>
				<width>1920</width>
				<height>1230</height>
				<texture>3dwall_vignette.png</texture>
			</control>
			<control type="group">
				<animation reversible="true" effect="zoom" start="100" end="95" center="auto" time="300" tween="quadratic" easing="in" condition="Control.IsVisible(7027) | Control.IsVisible(7028)">Conditional</animation>
				<control type="image">
					<posx>548</posx>
					<posy>105</posy>
					<width>810</width>
					<height>495</height>
					<texture border="-60" diffuse="thumb_episode_mask.png">thumb_episode_frame.png</texture>
					<colordiffuse>$VAR[value_headercolor]</colordiffuse>
					<animation type="WindowOpen">
						<effect type="fade" start="0" end="100" time="1000" delay="2000" />
					</animation>
				</control>
				<control type="image">
					<posx>592</posx>
					<posy>150</posy>
					<width>720</width>
					<height>405</height>
					<aspectratio scalediffuse="false">stretch</aspectratio>
					<texture background="true" diffuse="thumb_episode_mask.png">$INFO[ListItem.Icon]</texture>
					<animation type="WindowOpen">
						<effect type="fade" start="0" end="100" time="500" delay="500" />
						<effect type="zoom" start="675,274,320,180" end="600,135,480,270" time="1000" delay="1000" />
					</animation>
				</control>
				<control type="image">
					<posx>592</posx>
					<posy>150</posy>
					<width>720</width>
					<height>405</height>
					<aspectratio scalediffuse="false">stretch</aspectratio>
					<texture background="true" diffuse="thumb_3dwall_mask2.png">$VAR[value_poster-1]</texture>
					<animation effect="fade" start="100" end="0" time="200" delay="200" condition="Control.IsVisible(7027)">Conditional</animation>
					<visible>Control.IsVisible(7027) + !String.IsEqual(ListItem(-1).Label,..)</visible>
				</control>
				<control type="image">
					<posx>592</posx>
					<posy>150</posy>
					<width>720</width>
					<height>405</height>
					<aspectratio scalediffuse="false">stretch</aspectratio>
					<texture background="true" diffuse="thumb_3dwall_mask2.png">$VAR[value_poster1]</texture>
					<animation effect="fade" start="100" end="0" time="200" delay="200" condition="Control.IsVisible(7028)">Conditional</animation>
					<visible>Control.IsVisible(7028) + !String.IsEqual(ListItem(1).Label,..)</visible>
				</control>
			</control>
			<control type="group">
				<animation type="WindowOpen">
					<effect type="fade" start="0" end="100" time="2000" delay="1000" />
				</animation>
				<control type="scrollbar" id="81">
					<include>ScrollBar_Horizontal</include>
					<posx>458</posx>
					<posy>994</posy>
					<width>1005</width>
					<onup>68</onup>
					<ondown>68</ondown>
					<onleft>81</onleft>
					<onright>81</onright>
					<include>Animation_Fade</include>
					<visible allowhiddenfocus="true">Control.IsVisible(68) + Control.HasFocus(60)</visible>
				</control>
				<control type="label">
					<posx>45</posx>
					<posy>150</posy>
					<width>525</width>
					<height>22</height>
					<textcolor>FFFFFAF0</textcolor>
					<label>$VAR[value_glasslistinfofocus]</label>
					<font>Font_18A</font>
					<scroll>true</scroll>
					<visible>!String.IsEqual(ListItem.Label,..)</visible>
				</control>
				<control type="image">
					<posx>0</posx>
					<posy>188</posy>
					<width>525</width>
					<height>3</height>
					<align>left</align>
					<texture flipx="true">divider.png</texture>
				</control>
				<control type="textbox">
					<posx>45</posx>
					<posy>195</posy>
					<width>525</width>
					<height>480</height>
					<label>$VAR[value_plot]</label>
					<font>Font_18A</font>
					<autoscroll delay="8000" time="2000" repeat="8000">!Skin.HasSetting(noallowscroll)</autoscroll>
				</control>
			</control>
		</control>
	</include>
</includes>
