<?xml version="1.0" encoding="UTF-8"?>
<!-- Aeon MQ 5 -->
<!-- Jarvis 8.1.15 -->
<!-- Krypton 9.1.16 9.2.1 window IDs 140 -->
<!-- Leia 10.2.5 addon settings changes #12125/10.6.2 -->
<!-- Matrix 11.3.0 -->
<window>
	<defaultcontrol always="true">5</defaultcontrol>
	<controls>
		<control type="image">
			<include>HomeBG</include>
			<texture fallback="special://skin/backgrounds/settings.jpg" background="true">$INFO[skin.string(settings.bg)]</texture>
		</control>
		<control type="image">
			<include>HomeBG</include>
			<texture background="true">$INFO[ListItem.Property(Fanart_Image)]</texture>
			<include>Animation_Fade</include>
			<visible>!Skin.HasSetting(noAddonfanart)</visible>
		</control>
		<control type="group">
			<!-- default group -->
			<include>Animation_Window</include>
			<include>SettingsBack</include>
			<control type="label" id="2">
				<include>SettingsContentTitle</include>
				<label></label>
			</control>
			<control type="grouplist" id="5">
				<!-- Menu da direita -->
				<posx>360</posx>
				<posy>180</posy>
				<width>1560</width>
				<height>606</height>
				<itemgap>0</itemgap>
				<pagecontrol>40</pagecontrol>
				<onup>5</onup>
				<ondown>9001</ondown>
				<onleft>3</onleft>
				<onright>40</onright>
			</control>
			<control type="scrollbar" id="40">
				<posx>1785</posx>
				<posy>180</posy>
				<height>606</height>
				<onleft>5</onleft>
				<onright>9001</onright>
			</control>
			<control type="button" id="10">
				<posx>0</posx>
				<posy>0</posy>
				<width>358</width>
				<height>60</height>
				<textoffsety>0</textoffsety>
				<textoffsetx>30</textoffsetx>
				<align>left</align>
				<aligny>center</aligny>
				<font>Font_20</font>
				<texturefocus>settings_button.png</texturefocus>
				<texturenofocus></texturenofocus>
				<textcolor>FF101010</textcolor>
				<focusedcolor>FFFFFAF0</focusedcolor>
				<selectedcolor>FFFFFFFF</selectedcolor>
				<colordiffuse>$VAR[value_texturecolor]</colordiffuse>
				<animation effect="fade" end="85" condition="true">Conditional</animation>
				<pulseonselect>no</pulseonselect>
			</control>
			<control type="button" id="7"></control>
			<control type="radiobutton" id="8"></control>
			<control type="spincontrolex" id="9">
				<subtype>text</subtype>
			</control>
			<control type="edit" id="12">
				<font>Font_20A</font>
				<texturefocus>settings_button_focus.png</texturefocus>
			</control>
			<control type="image" id="11">
				<height>3</height>
				<texture></texture>
			</control>
			<control type="label" id="14">
				<textoffsetx>75</textoffsetx>
				<height>60</height>
				<font>Font_20</font>
				<label></label>
				<textcolor>$VAR[value_headercolor]</textcolor>
				<align>left</align>
				<aligny>center</aligny>
			</control>
			<control type="sliderex" id="13">
				<textoffsetx>75</textoffsetx>
			</control>
			<control type="textbox" id="6">
			<!-- window template for settings description -->
				<posx>360</posx>
				<posy>786</posy>
				<width>1560</width>
				<height>135</height>
				<font>Font_18A</font>
				<align>justify</align>
				<aligny>top</aligny>
				<textcolor>FFFFFAF0</textcolor>
				<autoscroll time="3000" delay="4000" repeat="5000">true</autoscroll>
			</control>
			<control type="image">
				<posx>360</posx>
				<posy>933</posy>
				<width>1560</width>
				<height>60</height>
				<texture>darkgrey.png</texture>
				<colordiffuse>$VAR[value_texturecolor]</colordiffuse>
				<animation effect="fade" end="85" condition="true">Conditional</animation>
			</control>
			<control type="grouplist" id="9001">
				<posx>360</posx>
				<posy>933</posy>
				<itemgap>0</itemgap>
				<onup>5</onup>
				<ondown>5</ondown>
				<onleft>3</onleft>
				<onright>3</onright>
				<orientation>horizontal</orientation>
				<control type="button" id="28">
					<!-- OK -->
					<include>SettingsBottomButton</include>
					<label>186</label>
				</control>
				<control type="button" id="29">
					<!-- Cancel -->
					<include>SettingsBottomButton</include>
					<label>222</label>
				</control>
				<control type="button" id="30">
					<!-- Defaults -->
					<include>SettingsBottomButton</include>
					<label>409</label>
				</control>
			</control>
			<include>RSS</include>
			<include>SettingsMenu</include>
			<!-- Menu da esquerda -->
			<include>Date</include>
			<control type="label">
				<include>SettingsSectionTitle</include>
				<label>31202</label>
			</control>
			<control type="grouplist" id="3">
				<!-- Button Section -->
				<posx>0</posx>
				<posy>180</posy>
				<width>360</width>
				<height>990</height>
				<orientation>vertical</orientation>
				<itemgap>0</itemgap>
				<onup>3</onup>
				<ondown>3</ondown>
				<onleft>9001</onleft>
				<onright>5</onright>
			</control>
		</control>
		<control type="image">
			<posx>0</posx>
			<posy>0</posy>
			<width>375</width>
			<height>1080</height>
			<texture background="true">menu_glass.png</texture>
			<colordiffuse>70FFFAF0</colordiffuse>
		</control>
	</controls>
</window>
