<?xml version="1.0" encoding="utf-8"?>
<!-- Aeon MQ 5 Helix 6.1.1/6.1.3/6.1.5 -->
<!-- Matrix 11.1.1/11.3.0 -->
<window>
	<defaultcontrol always="true">20</defaultcontrol>
	<coordinates>
		<system>1</system>
	</coordinates>
	<controls>
		<control type="group">
			<visible>!Window.IsVisible(pvrgroupmanager)</visible>
			<include>Animation_DialogPopup</include>
			<control type="image">
				<posx>165</posx>
				<posy>0</posy>
				<width>45</width>
				<height>1080</height>
				<texture flipx="true">shadow.png</texture>
				<colordiffuse>C3FFFFFF</colordiffuse>
			</control>
			<control type="image">
				<posx>1710</posx>
				<posy>0</posy>
				<width>45</width>
				<height>1080</height>
				<texture>shadow.png</texture>
				<colordiffuse>C3FFFFFF</colordiffuse>
			</control>
			<control type="image">
				<posx>210</posx>
				<posy>0</posy>
				<width>1500</width>
				<height>1080</height>
				<texture>darkgrey.png</texture>
				<colordiffuse>$VAR[value_texturecolor]</colordiffuse>
				<animation effect="fade" end="85" condition="true">Conditional</animation>
			</control>
			<control type="image">
				<posx>210</posx>
				<posy>0</posy>
				<width>1500</width>
				<height>120</height>
				<texture>black.png</texture>
				<colordiffuse>90FFFFFF</colordiffuse>
			</control>
			<control type="label">
				<posx>322</posx>
				<posy>34</posy>
				<width>1278</width>
				<height>45</height>
				<label>$LOCALIZE[19199] - $LOCALIZE[19023]</label>
				<font>Font_32</font>
				<textcolor>FFFFFAF0</textcolor>
				<align>center</align>
				<aligny>center</aligny>
				<include>Animation_Fade</include>
				<visible>String.IsEmpty(Window.Property(IsRadio))</visible>
			</control>
			<control type="label">
				<posx>322</posx>
				<posy>34</posy>
				<width>1278</width>
				<height>45</height>
				<label>$LOCALIZE[19199] - $LOCALIZE[19024]</label>
				<font>Font_32</font>
				<textcolor>FFFFFAF0</textcolor>
				<align>center</align>
				<aligny>center</aligny>
				<include>Animation_Fade</include>
				<visible>!String.IsEmpty(Window.Property(IsRadio))</visible>
			</control>
			<control type="image">
				<posx>900</posx>
				<posy>150</posy>
				<width>52</width>
				<height>660</height>
				<texture>grey.png</texture>
				<colordiffuse>20FFFFFF</colordiffuse>
			</control>
			<control type="list" id="20">  <!-- channel list -->
				<posx>210</posx>
				<posy>150</posy>
				<width>750</width>
				<height>660</height>
				<onup>20</onup>
				<ondown>20</ondown>
				<onleft>60</onleft>
				<onright>9002</onright>
				<pagecontrol>60</pagecontrol>
				<scrolltime>200</scrolltime>
				<itemgap>0</itemgap>
				<itemlayout condition="String.IsEmpty(Window.Property(IsRadio))"  height="45" width="750">
					<control type="image">  <!-- station logo -->
						<posx>45</posx>
						<posy>3</posy>
						<width>78</width>
						<height>39</height>
						<aspectratio>keep</aspectratio>
						<texture fallback="DefaultVideoCover.png" background="true">$INFO[ListItem.Property(Icon)]</texture>
						<visible>ListItem.Property(ActiveChannel)</visible>
					</control>
					<control type="image">
						<posx>45</posx>
						<posy>3</posy>
						<width>78</width>
						<height>39</height>
						<colordiffuse>50FFFAF0</colordiffuse>
						<aspectratio>keep</aspectratio>
						<texture fallback="DefaultVideoCover.png" background="true">$INFO[ListItem.Property(Icon)]</texture>
						<visible>!ListItem.Property(ActiveChannel)</visible>
					</control>
					<control type="label">
						<posx>180</posx>  <!-- 98 -->
						<posy>0</posy>
						<width>500</width>
						<height>45</height>
						<font>Font_18</font>
						<align>left</align>
						<aligny>center</aligny>
						<textcolor>FFFFFAF0</textcolor>
						<selectedcolor>$VAR[value_headercolor]</selectedcolor>
						<label>$INFO[ListItem.Property(Number),, - ]$INFO[ListItem.Property(Name)]</label>
						<!-- <label>$INFO[ListItem.Property(Name)]</label> -->
						<visible>ListItem.Property(ActiveChannel)</visible>
					</control>
					<control type="label">
						<posx>180</posx>
						<posy>0</posy>
						<width>500</width>
						<height>45</height>
						<font>Font_18</font>
						<align>left</align>
						<aligny>center</aligny>
						<textcolor>50FFFAF0</textcolor>
						<selectedcolor>$VAR[value_headercolor]</selectedcolor>
						<label>$INFO[ListItem.Property(Number),, - ]$INFO[ListItem.Property(Name)]</label>
						<!-- <label>$INFO[ListItem.Property(Name)]</label> -->
						<visible>!ListItem.Property(ActiveChannel)</visible>
					</control>
					<control type="image">
						<posx>702</posx>
						<posy>8</posy>
						<width>33</width>
						<height>33</height>
						<texture>OverlayWatched.png</texture>
						<colordiffuse>$VAR[value_headercolor]</colordiffuse>
						<visible>ListItem.Property(Changed)</visible>
					</control>
				</itemlayout>
				<itemlayout condition="!String.IsEmpty(Window.Property(IsRadio))"  height="45" width="750">	<!-- radio channels -->
					<control type="image">  <!-- station logo -->
						<posx>45</posx>
						<posy>3</posy>
						<width>78</width>
						<height>39</height>
						<aspectratio>keep</aspectratio>
						<texture fallback="DefaultRadio.png" background="true">$INFO[ListItem.Property(Icon)]</texture>
						<visible>ListItem.Property(ActiveChannel)</visible>
					</control>
					<control type="image">
						<posx>45</posx>
						<posy>3</posy>
						<width>78</width>
						<height>39</height>
						<colordiffuse>50FFFAF0</colordiffuse>
						<aspectratio>keep</aspectratio>
						<texture fallback="DefaultRadio.png" background="true">$INFO[ListItem.Property(Icon)]</texture>
						<visible>!ListItem.Property(ActiveChannel)</visible>
					</control>
					<control type="label">
						<posx>180</posx>  <!-- 98 -->
						<posy>0</posy>
						<width>500</width>
						<height>45</height>
						<font>Font_18</font>
						<align>left</align>
						<aligny>center</aligny>
						<textcolor>FFFFFAF0</textcolor>
						<selectedcolor>$VAR[value_headercolor]</selectedcolor>
						<label>$INFO[ListItem.Property(Number),, - ]$INFO[ListItem.Property(Name)]</label>
						<!-- <label>$INFO[ListItem.Property(Name)]</label> -->
						<visible>ListItem.Property(ActiveChannel)</visible>
					</control>
					<control type="label">
						<posx>180</posx>
						<posy>0</posy>
						<width>500</width>
						<height>45</height>
						<font>Font_18</font>
						<align>left</align>
						<aligny>center</aligny>
						<textcolor>50FFFAF0</textcolor>
						<selectedcolor>$VAR[value_headercolor]</selectedcolor>
						<label>$INFO[ListItem.Property(Number),, - ]$INFO[ListItem.Property(Name)]</label>
						<!-- <label>$INFO[ListItem.Property(Name)]</label> -->
						<visible>!ListItem.Property(ActiveChannel)</visible>
					</control>
					<control type="image">
						<posx>702</posx>
						<posy>8</posy>
						<width>33</width>
						<height>33</height>
						<texture>OverlayWatched.png</texture>
						<colordiffuse>$VAR[value_headercolor]</colordiffuse>
						<visible>ListItem.Property(Changed)</visible>
					</control>
				</itemlayout>
				<focusedlayout condition="String.IsEmpty(Window.Property(IsRadio))" height="75" width="750">
					<control type="image">
						<posx>0</posx>
						<posy>0</posy>
						<width>750</width>
						<height>75</height>
						<texture>settings_button_focus.png</texture>
						<animation effect="fade" start="100" end="50" time="50" condition="!Control.Hasfocus(20)">conditional</animation>
					</control>
					<!-- <control type="image">
						<posx>45</posx>
						<posy>0</posy>
						<width>75</width>
						<height>75</height>
						<texture>black.png</texture>
						<animation effect="fade" end="70" condition="true">Conditional</animation>
					</control> -->
					<control type="image">
						<posx>42</posx>  <!-- 52 -->
						<posy>8</posy>
						<width>120</width>
						<height>60</height>
						<aspectratio>keep</aspectratio>
						<texture fallback="DefaultVideoCover.png" background="true">$INFO[ListItem.Property(Icon)]</texture>
						<visible>ListItem.Property(ActiveChannel)</visible>
					</control>
					<control type="image">
						<posx>42</posx>
						<posy>8</posy>
						<width>120</width>
						<height>60</height>
						<colordiffuse>50FFFAF0</colordiffuse>
						<aspectratio>keep</aspectratio>
						<texture fallback="DefaultVideoCover.png" background="true">$INFO[ListItem.Property(Icon)]</texture>
						<visible>!ListItem.Property(ActiveChannel)</visible>
					</control>
					<control type="label">
						<posx>180</posx>  <!-- 135 -->
						<posy>1</posy>
						<width>548</width>
						<height>45</height>
						<font>Font_22</font>
						<align>left</align>
						<aligny>center</aligny>
						<textcolor>FF101010</textcolor>
						<selectedcolor>$VAR[value_headercolor]</selectedcolor>
						<label>$INFO[ListItem.Property(Number),, - ]$INFO[ListItem.Property(Name)]</label>
						<!-- <label>$INFO[ListItem.Property(Name)]</label> -->
						<visible>ListItem.Property(ActiveChannel)</visible>
					</control>
					<control type="label">
						<posx>180</posx>
						<posy>1</posy>
						<width>548</width>
						<height>45</height>
						<font>Font_22</font>
						<align>left</align>
						<aligny>center</aligny>
						<textcolor>50101010</textcolor>
						<selectedcolor>$VAR[value_headercolor]</selectedcolor>
						<label>$INFO[ListItem.Property(Number),, - ]$INFO[ListItem.Property(Name)]</label>
						<!-- <label>$INFO[ListItem.Property(Name)]</label> -->
						<visible>!ListItem.Property(ActiveChannel)</visible>
					</control>
					<control type="label">
						<posx>180</posx>
						<posy>33</posy>
						<width>548</width>
						<height>45</height>
						<font>Font_18A</font>
						<align>left</align>
						<aligny>center</aligny>
						<textcolor>FF101010</textcolor>
						<selectedcolor>$VAR[value_headercolor]</selectedcolor>
						<label>$LOCALIZE[19210]: $INFO[ListItem.Property(ClientName)]</label>
						<visible>ListItem.Property(ActiveChannel)</visible>
					</control>
					<control type="label">
						<posx>180</posx>
						<posy>33</posy>
						<width>548</width>
						<height>45</height>
						<font>Font_18A</font>
						<align>left</align>
						<aligny>center</aligny>
						<textcolor>50101010</textcolor>
						<selectedcolor>$VAR[value_headercolor]</selectedcolor>
						<label>$LOCALIZE[19210]: $INFO[ListItem.Property(ClientName)]</label>
						<visible>!ListItem.Property(ActiveChannel)</visible>
					</control>
					<control type="image">
						<posx>702</posx>
						<posy>8</posy>
						<width>33</width>
						<height>33</height>
						<texture>OverlayWatched.png</texture>
						<colordiffuse>$VAR[value_headercolor]</colordiffuse>
						<visible>ListItem.Property(Changed)</visible>
					</control>
				</focusedlayout>
				<focusedlayout condition="!String.IsEmpty(Window.Property(IsRadio))" height="75" width="750">	<!-- radio channels -->
					<control type="image">
						<posx>0</posx>
						<posy>0</posy>
						<width>750</width>
						<height>75</height>
						<texture>settings_button_focus.png</texture>
						<animation effect="fade" start="100" end="50" time="50" condition="!Control.Hasfocus(20)">conditional</animation>
					</control>
					<!-- <control type="image">
						<posx>45</posx>
						<posy>0</posy>
						<width>75</width>
						<height>75</height>
						<texture>black.png</texture>
						<animation effect="fade" end="70" condition="true">Conditional</animation>
					</control> -->
					<control type="image">
						<posx>42</posx>  <!-- 52 -->
						<posy>8</posy>
						<width>120</width>
						<height>60</height>
						<aspectratio>keep</aspectratio>
						<texture fallback="DefaultRadio.png" background="true">$INFO[ListItem.Property(Icon)]</texture>
						<visible>ListItem.Property(ActiveChannel)</visible>
					</control>
					<control type="image">
						<posx>42</posx>
						<posy>8</posy>
						<width>120</width>
						<height>60</height>
						<colordiffuse>50FFFAF0</colordiffuse>
						<aspectratio>keep</aspectratio>
						<texture fallback="DefaultRadio.png" background="true">$INFO[ListItem.Property(Icon)]</texture>
						<visible>!ListItem.Property(ActiveChannel)</visible>
					</control>
					<control type="label">
						<posx>180</posx>  <!-- 135 -->
						<posy>1</posy>
						<width>548</width>
						<height>45</height>
						<font>Font_22</font>
						<align>left</align>
						<aligny>center</aligny>
						<textcolor>FF101010</textcolor>
						<selectedcolor>$VAR[value_headercolor]</selectedcolor>
						<label>$INFO[ListItem.Property(Number),, - ]$INFO[ListItem.Property(Name)]</label>
						<!-- <label>$INFO[ListItem.Property(Name)]</label> -->
						<visible>ListItem.Property(ActiveChannel)</visible>
					</control>
					<control type="label">
						<posx>180</posx>
						<posy>1</posy>
						<width>548</width>
						<height>45</height>
						<font>Font_22</font>
						<align>left</align>
						<aligny>center</aligny>
						<textcolor>50101010</textcolor>
						<selectedcolor>$VAR[value_headercolor]</selectedcolor>
						<label>$INFO[ListItem.Property(Number),, - ]$INFO[ListItem.Property(Name)]</label>
						<!-- <label>$INFO[ListItem.Property(Name)]</label> -->
						<visible>!ListItem.Property(ActiveChannel)</visible>
					</control>
					<control type="label">
						<posx>180</posx>
						<posy>33</posy>
						<width>548</width>
						<height>45</height>
						<font>Font_18A</font>
						<align>left</align>
						<aligny>center</aligny>
						<textcolor>FF101010</textcolor>
						<selectedcolor>$VAR[value_headercolor]</selectedcolor>
						<label>$LOCALIZE[19210]: $INFO[ListItem.Property(ClientName)]</label>
						<visible>ListItem.Property(ActiveChannel)</visible>
					</control>
					<control type="label">
						<posx>180</posx>
						<posy>33</posy>
						<width>548</width>
						<height>45</height>
						<font>Font_18A</font>
						<align>left</align>
						<aligny>center</aligny>
						<textcolor>50101010</textcolor>
						<selectedcolor>$VAR[value_headercolor]</selectedcolor>
						<label>$LOCALIZE[19210]: $INFO[ListItem.Property(ClientName)]</label>
						<visible>!ListItem.Property(ActiveChannel)</visible>
					</control>
					<control type="image">
						<posx>702</posx>
						<posy>8</posy>
						<width>33</width>
						<height>33</height>
						<texture>OverlayWatched.png</texture>
						<colordiffuse>$VAR[value_headercolor]</colordiffuse>
						<visible>ListItem.Property(Changed)</visible>
					</control>
				</focusedlayout>
			</control>
			<control type="scrollbar" id="60">
				<include>ScrollBar_Vertical</include>
				<posx>210</posx>
				<posy>150</posy>
				<height>663</height>
				<onleft>4</onleft>
				<onright>20</onright>
				<ondown>60</ondown>
				<onup>60</onup>
			</control>
			<control type="label">
				<posx>225</posx>
				<posy>832</posy>
				<width>600</width>
				<height>30</height>
				<font>Font_18</font>
				<align>left</align>
				<aligny>center</aligny>
				<scroll>true</scroll>
				<textcolor>$VAR[value_headercolor]</textcolor>
				<label>$INFO[Container(20).NumItems] $LOCALIZE[19019] - $LOCALIZE[31757] $INFO[Container(20).CurrentPage]/$INFO[Container(20).NumPages]</label>
			</control>
			<control type="group" id="9002">
				<control type="group">
					<posx>960</posx>
					<posy>150</posy>
					<control type="label">
						<posx>45</posx>
						<posy>15</posy>
						<aligny>center</aligny>
						<width>750</width>
						<height>30</height>
						<font>Font_18</font>
						<textcolor>$VAR[value_headercolor]</textcolor>
						<label>$LOCALIZE[31763] - $LOCALIZE[31011]</label>
					</control>
					<control type="radiobutton" id="7">
						<!-- Channel activated -->
						<textoffsetx>60</textoffsetx>
						<include>PVRSearchButton</include>
						<posx>0</posx>
						<posy>52</posy>
						<aligny>center</aligny>
						<label>$LOCALIZE[19074]</label>
						<onleft>20</onleft>
						<onright>4</onright>
						<onup>9000</onup>
						<ondown>8</ondown>
					</control>
					<control type="edit" id="8">
						<!-- Channel name -->
						<textoffsetx>60</textoffsetx>
						<include>PVRSearchButton</include>
						<posx>0</posx>
						<posy>98</posy>
						<aligny>center</aligny>
						<label>$LOCALIZE[19201]</label>
						<onright>4</onright>
						<onleft>20</onleft>
						<onup>7</onup>
						<ondown>9</ondown>
					</control>
					<control type="button" id="9">
						<!-- Channel logo -->
						<textoffsetx>60</textoffsetx>
						<include>PVRSearchButton</include>
						<posx>0</posx>
						<posy>142</posy>
						<label>$LOCALIZE[19202]</label>
						<onleft>20</onleft>
						<onright>4</onright>
						<onup>8</onup>
						<ondown>12</ondown>
					</control>
					<control type="image"> <!-- list 20 channel icon bg -->
						<posx>628</posx>
						<posy>142</posy>
						<width>86</width>
						<height>45</height>
						<texture>black.png</texture>
						<animation effect="fade" end="70" condition="true">Conditional</animation>
						<visible>Control.HasFocus(9)</visible>
					</control>
					<control type="image" id="10">  <!-- list 20 channel icon tv -->
						<posx>635</posx>
						<posy>146</posy>
						<width>78</width>
						<height>39</height>
						<aspectratio>keep</aspectratio>
						<texture fallback="DefaultVideoCover.png" background="true">$INFO[ListItem.Property(Icon)]</texture>
						<visible>String.IsEmpty(Window.Property(IsRadio))</visible>
					</control>
					<control type="image" id="10">  <!-- list 20 channel icon radio -->
						<posx>635</posx>
						<posy>146</posy>
						<width>78</width>
						<height>39</height>
						<aspectratio>keep</aspectratio>
						<texture fallback="DefaultRadio.png" background="true">$INFO[ListItem.Property(Icon)]</texture>
						<visible>!String.IsEmpty(Window.Property(IsRadio))</visible>
					</control>
					<control type="radiobutton" id="12">
						<!-- EPG activated -->
						<textoffsetx>60</textoffsetx>
						<include>PVRSearchButton</include>
						<posx>0</posx>
						<posy>188</posy>
						<label>$LOCALIZE[19206]</label>
						<onleft>20</onleft>
						<onright>4</onright>
						<onup>9</onup>
						<ondown>13</ondown>
					</control>
					<control type="spincontrolex" id="13">
						<!-- EPG source -->
						<textoffsetx>60</textoffsetx>
						<include>PVRSearchButton</include>
						<posx>0</posx>
						<posy>232</posy>
						<label>$LOCALIZE[19200]</label>
						<onright>4</onright>
						<onleft>20</onleft>
						<onup>12</onup>
						<ondown>14</ondown>
					</control>
					<control type="radiobutton" id="14">
						<!-- Parental Control -->
						<textoffsetx>60</textoffsetx>
						<include>PVRSearchButton</include>
						<posx>0</posx>
						<posy>276</posy>
						<label>$LOCALIZE[19267]</label>
						<onleft>20</onleft>
						<onright>4</onright>
						<onup>13</onup>
						<ondown>30</ondown>
					</control>
				</control>
				<control type="group">
					<posx>960</posx>
					<posy>480</posy>
					<control type="label">
						<posx>45</posx>
						<posy>8</posy>
						<width>570</width>
						<height>30</height>
						<font>Font_18</font>
						<aligny>center</aligny>
						<textcolor>$VAR[value_headercolor]</textcolor>
						<label>$LOCALIZE[31375]</label>
					</control>
					<control type="button" id="30">
						<!-- Group Manager -->
						<textoffsetx>60</textoffsetx>
						<include>PVRSearchButton</include>
						<posx>0</posx>
						<posy>45</posy>
						<label>$LOCALIZE[19205]</label>
						<onleft>20</onleft>
						<onright>9000</onright>
						<onup>14</onup>
						<ondown>34</ondown>
					</control>
					<control type="togglebutton" id="34">
						<!-- TV/Radio -->
						<textoffsetx>60</textoffsetx>
						<include>PVRSearchButton</include>
						<posx>0</posx>
						<posy>90</posy>
						<label>$LOCALIZE[19024]</label>
						<altlabel>$LOCALIZE[19023]</altlabel>
						<usealttexture>!String.IsEmpty(Window.Property(IsRadio))</usealttexture>
						<onleft>20</onleft>
						<onright>9000</onright>
						<onup>30</onup>
						<ondown>31</ondown>
					</control>
					<control type="button" id="31">
						<!-- New channel -->
						<textoffsetx>60</textoffsetx>
						<include>PVRSearchButton</include>
						<posx>0</posx>
						<posy>135</posy>
						<label>$LOCALIZE[19204]</label>
						<onleft>20</onleft>
						<onright>9000</onright>
						<onup>34</onup>
						<ondown>9000</ondown>
					</control>
				</control>
			</control>
			<control type="image">
				<posx>960</posx>
				<posy>123</posy>
				<width>3</width>
				<height>687</height>
				<texture>separator_v.png</texture>
			</control>
			<control type="image">
				<posx>210</posx>
				<posy>900</posy>
				<height>60</height>
				<width>1500</width>
				<texture>black.png</texture>
				<colordiffuse>90FFFFFF</colordiffuse>
			</control>
			<control type="grouplist" id="9000">
				<posx>210</posx>
				<posy>900</posy>
				<onup>9002</onup>
				<ondown>9002</ondown>
				<orientation>horizontal</orientation>
				<itemgap>0</itemgap>
				<control type="button" id="4">
					<!-- OK -->
					<width>500</width>
					<include>SettingsBottomButton</include>
					<label>186</label>
				</control>
				<control type="button" id="5">
					<!-- Aplicar -->
					<width>500</width>
					<include>SettingsBottomButton</include>
					<label>14070</label>
				</control>
				<control type="button" id="6">
					<!-- Cancelar -->
					<width>500</width>
					<include>SettingsBottomButton</include>
					<label>222</label>
				</control>
			</control>
		</control>
	</controls>
</window>
